2015-01-02,2.69,2.7,2.73,2.64,8330000.0,0.0075
2015-01-03,0,0,0,0,0,0
2015-01-04,0,0,0,0,0,0
2015-01-05,2.66,2.67,2.7,2.64,8880000.0,-0.011200000000000002
2015-01-06,2.63,2.65,2.66,2.55,13920000.0,-0.0113
2015-01-07,2.58,2.63,2.65,2.54,12380000.0,-0.019
2015-01-08,2.61,2.59,2.65,2.56,11140000.0,0.0116
2015-01-09,2.63,2.63,2.64,2.58,8910000.0,0.0077
2015-01-10,0,0,0,0,0,0
2015-01-11,0,0,0,0,0,0
2015-01-12,2.63,2.62,2.64,2.55,9980000.0,0.0
2015-01-13,2.66,2.64,2.68,2.6,17910000.0,0.011399999999999999
2015-01-14,2.63,2.6,2.66,2.58,9990000.0,-0.0113
2015-01-15,2.52,2.62,2.65,2.49,17740000.0,-0.0418
2015-01-16,2.39,2.52,2.53,2.39,30190000.0,-0.0516
2015-01-17,0,0,0,0,0,0
2015-01-18,0,0,0,0,0,0
2015-01-19,0,0,0,0,0,0
2015-01-20,2.24,2.39,2.43,2.19,56710000.0,-0.06280000000000001
2015-01-21,2.45,2.18,2.45,2.14,46530000.0,0.09380000000000001
2015-01-22,2.47,2.42,2.5,2.37,36170000.0,0.008199999999999999
2015-01-23,2.45,2.48,2.5,2.43,11110000.0,-0.008100000000000001
2015-01-24,0,0,0,0,0,0
2015-01-25,0,0,0,0,0,0
2015-01-26,2.61,2.44,2.64,2.44,36570000.0,0.0653
2015-01-27,2.7,2.58,2.84,2.56,51810000.0,0.0345
2015-01-28,2.63,2.71,2.75,2.6,24790000.0,-0.0259
2015-01-29,2.61,2.63,2.69,2.51,17790000.0,-0.0076
2015-01-30,2.57,2.56,2.6,2.51,12910000.0,-0.015300000000000001
2015-01-31,0,0,0,0,0,0
2015-02-01,0,0,0,0,0,0
2015-02-02,2.67,2.69,2.75,2.65,25690000.0,0.038900000000000004
2015-02-03,2.76,2.7,2.8,2.68,22590000.0,0.0337
2015-02-04,2.85,2.78,2.92,2.76,34830000.0,0.0326
2015-02-05,3.31,2.88,3.37,2.87,73360000.0,0.16140000000000002
2015-02-06,3.03,3.2,3.21,3.0,38300000.0,-0.08460000000000001
2015-02-07,0,0,0,0,0,0
2015-02-08,0,0,0,0,0,0
2015-02-09,3.04,3.03,3.07,2.93,24130000.0,0.0033
2015-02-10,3.04,3.07,3.1,3.01,14000000.0,0.0
2015-02-11,3.07,3.03,3.1,3.0,11740000.0,0.009899999999999999
2015-02-12,3.12,3.08,3.15,3.05,12970000.0,0.0163
2015-02-13,3.15,3.13,3.18,3.11,9630000.0,0.0096
2015-02-14,0,0,0,0,0,0
2015-02-15,0,0,0,0,0,0
2015-02-16,0,0,0,0,0,0
2015-02-17,3.11,3.16,3.17,3.08,8680000.0,-0.0127
2015-02-18,3.08,3.11,3.13,3.06,7290000.0,-0.0096
2015-02-19,3.06,3.06,3.08,3.01,6570000.0,-0.006500000000000001
2015-02-20,3.06,3.03,3.13,3.02,10670000.0,0.0
2015-02-21,0,0,0,0,0,0
2015-02-22,0,0,0,0,0,0
2015-02-23,3.06,3.05,3.1,3.03,6320000.0,0.0
2015-02-24,3.11,3.06,3.12,3.02,10920000.0,0.0163
2015-02-25,3.1,3.08,3.14,3.06,6150000.0,-0.0032
2015-02-26,3.08,3.1,3.12,3.06,8680000.0,-0.006500000000000001
2015-02-27,3.11,3.07,3.12,3.07,7150000.0,0.0097
2015-02-28,0,0,0,0,0,0
2015-03-01,0,0,0,0,0,0
2015-03-02,3.21,3.13,3.23,3.11,15640000.0,0.0322
2015-03-03,3.14,3.2,3.23,3.13,8650000.0,-0.0218
2015-03-04,3.05,3.14,3.14,3.01,12120000.0,-0.0287
2015-03-05,2.98,3.1,3.1,2.98,11470000.0,-0.023
2015-03-06,2.92,2.96,2.99,2.83,16790000.0,-0.020099999999999996
2015-03-07,0,0,0,0,0,0
2015-03-08,0,0,0,0,0,0
2015-03-09,2.93,2.92,2.98,2.9,12410000.0,0.0034000000000000002
2015-03-10,2.92,2.97,2.98,2.92,10310000.0,-0.0034000000000000002
2015-03-11,2.84,2.92,2.94,2.8,11770000.0,-0.0274
2015-03-12,2.76,2.76,2.79,2.71,13850000.0,-0.0282
2015-03-13,2.75,2.74,2.78,2.71,8100000.0,-0.0036
2015-03-14,0,0,0,0,0,0
2015-03-15,0,0,0,0,0,0
2015-03-16,2.76,2.75,2.81,2.75,6130000.0,0.0036
2015-03-17,2.77,2.75,2.79,2.74,7740000.0,0.0036
2015-03-18,2.75,2.77,2.82,2.72,11390000.0,-0.0072
2015-03-19,2.74,2.76,2.78,2.73,8820000.0,-0.0036
2015-03-20,2.8,2.76,2.8,2.74,10760000.0,0.0219
2015-03-21,0,0,0,0,0,0
2015-03-22,0,0,0,0,0,0
2015-03-23,2.84,2.81,2.85,2.8,7450000.0,0.0143
2015-03-24,2.79,2.85,2.85,2.76,8720000.0,-0.0176
2015-03-25,2.63,2.78,2.79,2.56,26990000.0,-0.057300000000000004
2015-03-26,2.65,2.59,2.7,2.53,28290000.0,0.0076
2015-03-27,2.72,2.7,2.8,2.63,16840000.0,0.0264
2015-03-28,0,0,0,0,0,0
2015-03-29,0,0,0,0,0,0
2015-03-30,2.7,2.73,2.76,2.65,8560000.0,-0.0074
2015-03-31,2.68,2.66,2.7,2.65,7030000.0,-0.0074
2015-04-01,2.69,2.66,2.75,2.65,11240000.0,0.0037
2015-04-02,2.69,2.66,2.7,2.65,7050000.0,0.0
2015-04-03,0,0,0,0,0,0
2015-04-04,0,0,0,0,0,0
2015-04-05,0,0,0,0,0,0
2015-04-06,2.7,2.68,2.73,2.68,8180000.0,0.0037
2015-04-07,2.7,2.7,2.74,2.69,5740000.0,0.0
2015-04-08,2.71,2.68,2.74,2.68,4350000.0,0.0037
2015-04-09,2.72,2.69,2.75,2.69,7130000.0,0.0037
2015-04-10,2.76,2.74,2.78,2.73,6180000.0,0.0147
2015-04-11,0,0,0,0,0,0
2015-04-12,0,0,0,0,0,0
2015-04-13,2.78,2.76,2.8,2.73,8390000.0,0.0072
2015-04-14,2.67,2.77,2.79,2.65,13360000.0,-0.039599999999999996
2015-04-15,2.7,2.7,2.74,2.65,15280000.0,0.011200000000000002
2015-04-16,2.87,2.72,2.94,2.7,28620000.0,0.063
2015-04-17,2.58,2.54,2.58,2.45,53190000.0,-0.10099999999999999
2015-04-18,0,0,0,0,0,0
2015-04-19,0,0,0,0,0,0
2015-04-20,2.49,2.56,2.57,2.45,29160000.0,-0.0349
2015-04-21,2.35,2.53,2.53,2.35,31280000.0,-0.0562
2015-04-22,2.28,2.35,2.36,2.25,27630000.0,-0.0298
2015-04-23,2.33,2.28,2.36,2.26,15130000.0,0.0219
2015-04-24,2.3,2.36,2.38,2.3,15000000.0,-0.0129
2015-04-25,0,0,0,0,0,0
2015-04-26,0,0,0,0,0,0
2015-04-27,2.34,2.3,2.36,2.29,13490000.0,0.0174
2015-04-28,2.31,2.36,2.37,2.31,11450000.0,-0.0128
2015-04-29,2.28,2.3,2.33,2.27,11870000.0,-0.013000000000000001
2015-04-30,2.26,2.28,2.31,2.26,11470000.0,-0.0088
2015-05-01,2.31,2.26,2.31,2.25,11660000.0,0.022099999999999998
2015-05-02,0,0,0,0,0,0
2015-05-03,0,0,0,0,0,0
2015-05-04,2.31,2.31,2.36,2.3,9670000.0,0.0
2015-05-05,2.28,2.34,2.34,2.25,12370000.0,-0.013000000000000001
2015-05-06,2.29,2.29,2.31,2.24,18490000.0,0.0044
2015-05-07,2.32,2.32,2.32,2.26,15020000.0,0.0131
2015-05-08,2.31,2.33,2.36,2.3,9760000.0,-0.0043
2015-05-09,0,0,0,0,0,0
2015-05-10,0,0,0,0,0,0
2015-05-11,2.32,2.31,2.35,2.31,10050000.0,0.0043
2015-05-12,2.35,2.32,2.35,2.3,10020000.0,0.0129
2015-05-13,2.37,2.36,2.38,2.35,7580000.0,0.0085
2015-05-14,2.33,2.38,2.39,2.33,8870000.0,-0.0169
2015-05-15,2.32,2.33,2.38,2.32,8050000.000000001,-0.0043
2015-05-16,0,0,0,0,0,0
2015-05-17,0,0,0,0,0,0
2015-05-18,2.35,2.35,2.36,2.33,4730000.0,0.0129
2015-05-19,2.28,2.36,2.37,2.28,9590000.0,-0.0298
2015-05-20,2.32,2.3,2.33,2.28,6950000.0,0.0175
2015-05-21,2.28,2.31,2.35,2.28,7130000.0,-0.0172
2015-05-22,2.28,2.3,2.31,2.27,12850000.0,0.0
2015-05-23,0,0,0,0,0,0
2015-05-24,0,0,0,0,0,0
2015-05-25,0,0,0,0,0,0
2015-05-26,2.22,2.27,2.28,2.22,10010000.0,-0.0263
2015-05-27,2.28,2.24,2.28,2.2,17510000.0,0.027000000000000003
2015-05-28,2.27,2.28,2.33,2.27,12350000.0,-0.0044
2015-05-29,2.28,2.27,2.32,2.25,7750000.0,0.0044
2015-05-30,0,0,0,0,0,0
2015-05-31,0,0,0,0,0,0
2015-06-01,2.25,2.29,2.3,2.25,6800000.0,-0.0132
2015-06-02,2.3,2.26,2.3,2.25,7110000.0,0.0222
2015-06-03,2.28,2.3,2.32,2.28,8060000.000000001,-0.0087
2015-06-04,2.33,2.28,2.33,2.26,11580000.0,0.0219
2015-06-05,2.33,2.31,2.34,2.29,7350000.0,0.0
2015-06-06,0,0,0,0,0,0
2015-06-07,0,0,0,0,0,0
2015-06-08,2.31,2.31,2.33,2.29,6210000.0,-0.0086
2015-06-09,2.29,2.35,2.36,2.28,12280000.0,-0.0087
2015-06-10,2.32,2.31,2.35,2.3,8160000.0,0.0131
2015-06-11,2.32,2.34,2.35,2.31,7670000.0,0.0
2015-06-12,2.31,2.31,2.33,2.3,4560000.0,-0.0043
2015-06-13,0,0,0,0,0,0
2015-06-14,0,0,0,0,0,0
2015-06-15,2.32,2.32,2.35,2.29,8630000.0,0.0043
2015-06-16,2.35,2.32,2.37,2.32,9800000.0,0.0129
2015-06-17,2.47,2.37,2.54,2.35,27500000.0,0.051100000000000007
2015-06-18,2.52,2.5,2.59,2.48,25400000.0,0.0202
2015-06-19,2.58,2.53,2.59,2.46,25550000.0,0.023799999999999998
2015-06-20,0,0,0,0,0,0
2015-06-21,0,0,0,0,0,0
2015-06-22,2.62,2.61,2.67,2.58,19410000.0,0.0155
2015-06-23,2.61,2.62,2.64,2.55,17920000.0,-0.0038
2015-06-24,2.62,2.6,2.66,2.57,17520000.0,0.0038
2015-06-25,2.58,2.62,2.66,2.57,18360000.0,-0.015300000000000001
2015-06-26,2.47,2.54,2.55,2.37,97050000.0,-0.0426
2015-06-27,0,0,0,0,0,0
2015-06-28,0,0,0,0,0,0
2015-06-29,2.34,2.41,2.42,2.31,22970000.0,-0.0526
2015-06-30,2.4,2.43,2.43,2.35,19380000.0,0.0256
2015-07-01,2.42,2.47,2.48,2.36,19370000.0,0.0083
2015-07-02,2.53,2.43,2.63,2.39,31190000.0,0.0455
2015-07-03,0,0,0,0,0,0
2015-07-04,0,0,0,0,0,0
2015-07-05,0,0,0,0,0,0
2015-07-06,2.47,2.46,2.54,2.44,20350000.0,-0.023700000000000002
2015-07-07,2.09,2.04,2.14,2.02,46420000.0,-0.15380000000000002
2015-07-08,2.01,2.07,2.07,2.01,15300000.0,-0.0383
2015-07-09,1.98,2.04,2.06,1.93,23380000.0,-0.0149
2015-07-10,1.96,2.0,2.03,1.95,17520000.0,-0.0101
2015-07-11,0,0,0,0,0,0
2015-07-12,0,0,0,0,0,0
2015-07-13,1.96,1.97,1.99,1.95,9080000.0,0.0
2015-07-14,2.05,2.03,2.06,1.97,15810000.0,0.045899999999999996
2015-07-15,1.96,2.07,2.09,1.95,13520000.0,-0.043899999999999995
2015-07-16,1.87,1.97,2.0,1.87,20650000.0,-0.045899999999999996
2015-07-17,1.79,1.87,1.9,1.74,28130000.0,-0.042800000000000005
2015-07-18,0,0,0,0,0,0
2015-07-19,0,0,0,0,0,0
2015-07-20,1.8,1.82,1.84,1.77,12140000.0,0.005600000000000001
2015-07-21,1.8,1.82,1.83,1.78,15030000.0,0.0
2015-07-22,1.79,1.8,1.81,1.76,16040000.0,-0.005600000000000001
2015-07-23,1.76,1.8,1.81,1.75,10640000.0,-0.0168
2015-07-24,1.67,1.76,1.77,1.65,16480000.0,-0.051100000000000007
2015-07-25,0,0,0,0,0,0
2015-07-26,0,0,0,0,0,0
2015-07-27,1.62,1.67,1.7,1.61,11920000.0,-0.029900000000000003
2015-07-28,1.77,1.62,1.77,1.62,14610000.0,0.0926
2015-07-29,1.96,1.77,1.99,1.76,25580000.0,0.1073
2015-07-30,1.93,1.94,1.99,1.88,15840000.0,-0.015300000000000001
2015-07-31,1.93,1.94,1.99,1.92,7730000.0,0.0
2015-08-01,0,0,0,0,0,0
2015-08-02,0,0,0,0,0,0
2015-08-03,2.2,1.93,2.2,1.9,26220000.0,0.1399
2015-08-04,2.13,2.18,2.18,2.05,14330000.0,-0.0318
2015-08-05,2.16,2.11,2.21,2.1,13240000.0,0.0141
2015-08-06,2.11,2.15,2.17,2.1,9480000.0,-0.0231
2015-08-07,2.09,2.1,2.14,2.06,7680000.0,-0.0095
2015-08-08,0,0,0,0,0,0
2015-08-09,0,0,0,0,0,0
2015-08-10,1.93,1.92,1.98,1.82,29930000.0,-0.0766
2015-08-11,1.9,1.91,1.93,1.88,7480000.0,-0.0155
2015-08-12,1.9,1.88,1.93,1.84,8530000.0,0.0
2015-08-13,1.79,1.9,1.91,1.79,7840000.0,-0.0579
2015-08-14,1.84,1.8,1.85,1.79,6180000.0,0.0279
2015-08-15,0,0,0,0,0,0
2015-08-16,0,0,0,0,0,0
2015-08-17,1.8,1.82,1.88,1.79,9060000.0,-0.0217
2015-08-18,1.8,1.79,1.82,1.75,9750000.0,0.0
2015-08-19,1.8,1.8,1.81,1.76,7440000.0,0.0
2015-08-20,1.7,1.79,1.8,1.7,13750000.0,-0.0556
2015-08-21,1.78,1.68,1.8,1.68,12530000.0,0.0471
2015-08-22,0,0,0,0,0,0
2015-08-23,0,0,0,0,0,0
2015-08-24,1.75,1.69,1.83,1.65,17220000.0,-0.0169
2015-08-25,1.66,1.82,1.82,1.66,12100000.0,-0.051399999999999994
2015-08-26,1.72,1.69,1.73,1.66,10720000.0,0.0361
2015-08-27,1.78,1.74,1.83,1.74,11840000.0,0.0349
2015-08-28,1.85,1.75,1.87,1.75,10920000.0,0.0393
2015-08-29,0,0,0,0,0,0
2015-08-30,0,0,0,0,0,0
2015-08-31,1.81,1.82,1.87,1.79,6520000.0,-0.0216
2015-09-01,1.71,1.77,1.82,1.71,8470000.0,-0.0552
2015-09-02,1.77,1.75,1.77,1.72,6310000.0,0.0351
2015-09-03,1.79,1.76,1.85,1.76,7150000.0,0.0113
2015-09-04,1.82,1.76,1.84,1.76,6730000.0,0.0168
2015-09-05,0,0,0,0,0,0
2015-09-06,0,0,0,0,0,0
2015-09-07,0,0,0,0,0,0
2015-09-08,1.88,1.85,1.88,1.83,6010000.0,0.033
2015-09-09,1.85,1.9,1.97,1.83,12610000.0,-0.016
2015-09-10,1.84,1.84,1.88,1.83,4290000.0,-0.0054
2015-09-11,2.01,1.88,2.14,1.81,31010000.0,0.0924
2015-09-12,0,0,0,0,0,0
2015-09-13,0,0,0,0,0,0
2015-09-14,1.82,2.0,2.0,1.81,16460000.0,-0.09449999999999999
2015-09-15,1.86,1.84,1.87,1.81,6520000.0,0.022000000000000002
2015-09-16,1.89,1.87,1.9,1.85,4930000.0,0.0161
2015-09-17,1.89,1.9,1.94,1.87,5830000.0,0.0
2015-09-18,1.87,1.87,1.92,1.85,11810000.0,-0.0106
2015-09-19,0,0,0,0,0,0
2015-09-20,0,0,0,0,0,0
2015-09-21,1.81,1.87,1.9,1.81,5380000.0,-0.0321
2015-09-22,1.73,1.8,1.84,1.72,9980000.0,-0.044199999999999996
2015-09-23,1.7,1.76,1.77,1.69,9650000.0,-0.0173
2015-09-24,1.72,1.68,1.73,1.66,11250000.0,0.0118
2015-09-25,1.71,1.75,1.75,1.68,5640000.0,-0.0058
2015-09-26,0,0,0,0,0,0
2015-09-27,0,0,0,0,0,0
2015-09-28,1.66,1.69,1.7,1.66,5690000.0,-0.0292
2015-09-29,1.67,1.67,1.69,1.65,7010000.0,0.006
2015-09-30,1.72,1.7,1.72,1.68,5740000.0,0.029900000000000003
2015-10-01,1.74,1.77,1.77,1.72,5530000.0,0.0116
2015-10-02,1.83,1.76,1.83,1.72,7150000.0,0.051699999999999996
2015-10-03,0,0,0,0,0,0
2015-10-04,0,0,0,0,0,0
2015-10-05,1.8,1.82,1.87,1.77,7600000.0,-0.016399999999999998
2015-10-06,1.83,1.8,1.86,1.8,8670000.0,0.0167
2015-10-07,1.86,1.82,1.87,1.82,7860000.0,0.016399999999999998
2015-10-08,1.93,1.87,1.95,1.85,9200000.0,0.037599999999999995
2015-10-09,1.96,1.92,1.96,1.89,8630000.0,0.0155
2015-10-10,0,0,0,0,0,0
2015-10-11,0,0,0,0,0,0
2015-10-12,1.87,1.96,1.96,1.85,7690000.0,-0.045899999999999996
2015-10-13,1.92,1.87,1.94,1.86,6700000.0,0.026699999999999998
2015-10-14,1.95,1.92,1.96,1.92,10180000.0,0.015600000000000001
2015-10-15,1.97,1.97,2.06,1.95,27330000.0,0.0103
2015-10-16,1.94,2.0,2.0,1.89,21540000.0,-0.0152
2015-10-17,0,0,0,0,0,0
2015-10-18,0,0,0,0,0,0
2015-10-19,2.01,1.91,2.01,1.91,10670000.0,0.0361
2015-10-20,2.02,2.0,2.03,1.97,5580000.0,0.005
2015-10-21,2.1,2.02,2.12,2.01,14970000.0,0.039599999999999996
2015-10-22,2.14,2.1,2.16,2.09,8210000.000000001,0.019
2015-10-23,2.21,2.1,2.21,2.1,9560000.0,0.0327
2015-10-24,0,0,0,0,0,0
2015-10-25,0,0,0,0,0,0
2015-10-26,2.15,2.21,2.21,2.12,6310000.0,-0.0271
2015-10-27,2.15,2.12,2.16,2.1,5760000.0,0.0
2015-10-28,2.18,2.14,2.2,2.12,6950000.0,0.013999999999999999
2015-10-29,2.13,2.15,2.18,2.11,4500000.0,-0.0229
2015-10-30,2.12,2.14,2.15,2.12,4900000.0,-0.004699999999999999
2015-10-31,0,0,0,0,0,0
2015-11-01,0,0,0,0,0,0
2015-11-02,2.19,2.13,2.19,2.11,5860000.0,0.033
2015-11-03,2.28,2.16,2.29,2.16,8710000.0,0.041100000000000005
2015-11-04,2.2,2.27,2.3,2.18,8210000.000000001,-0.0351
2015-11-05,2.2,2.21,2.24,2.17,4300000.0,0.0
2015-11-06,2.15,2.19,2.21,2.13,9000000.0,-0.0227
2015-11-07,0,0,0,0,0,0
2015-11-08,0,0,0,0,0,0
2015-11-09,2.11,2.15,2.18,2.1,6230000.0,-0.018600000000000002
2015-11-10,2.02,2.09,2.1,2.02,6160000.0,-0.042699999999999995
2015-11-11,2.07,2.02,2.09,2.02,3530000.0,0.0248
2015-11-12,2.0,2.05,2.07,2.0,3580000.0,-0.0338
2015-11-13,1.99,1.99,2.04,1.94,5920000.0,-0.005
2015-11-14,0,0,0,0,0,0
2015-11-15,0,0,0,0,0,0
2015-11-16,1.99,1.99,2.02,1.95,4150000.0000000005,0.0
2015-11-17,1.98,2.01,2.04,1.97,5830000.0,-0.005
2015-11-18,2.12,1.99,2.15,1.98,9380000.0,0.0707
2015-11-19,2.14,2.1,2.16,2.09,4700000.0,0.009399999999999999
2015-11-20,2.22,2.14,2.25,2.13,10730000.0,0.0374
2015-11-21,0,0,0,0,0,0
2015-11-22,0,0,0,0,0,0
2015-11-23,2.22,2.22,2.24,2.18,4860000.0,0.0
2015-11-24,2.34,2.2,2.4,2.17,15860000.0,0.0541
2015-11-25,2.38,2.36,2.4,2.31,6920000.0,0.0171
2015-11-26,0,0,0,0,0,0
2015-11-27,2.33,2.37,2.38,2.32,2610000.0,-0.021
2015-11-28,0,0,0,0,0,0
2015-11-29,0,0,0,0,0,0
2015-11-30,2.36,2.34,2.37,2.25,9920000.0,0.0129
2015-12-01,2.34,2.36,2.37,2.31,5650000.0,-0.0085
2015-12-02,2.27,2.31,2.33,2.23,7500000.0,-0.029900000000000003
2015-12-03,2.23,2.25,2.31,2.2,7060000.0,-0.0176
2015-12-04,2.28,2.23,2.29,2.21,4570000.0,0.022400000000000003
2015-12-05,0,0,0,0,0,0
2015-12-06,0,0,0,0,0,0
2015-12-07,2.35,2.26,2.36,2.21,8480000.0,0.030699999999999998
2015-12-08,2.39,2.34,2.4,2.25,9060000.0,0.017
2015-12-09,2.35,2.37,2.4,2.32,8710000.0,-0.0167
2015-12-10,2.45,2.36,2.5,2.33,13070000.0,0.0426
2015-12-11,2.36,2.41,2.47,2.36,11890000.0,-0.036699999999999997
2015-12-12,0,0,0,0,0,0
2015-12-13,0,0,0,0,0,0
2015-12-14,2.34,2.36,2.39,2.3,7700000.0,-0.0085
2015-12-15,2.36,2.35,2.43,2.32,7420000.0,0.0085
2015-12-16,2.54,2.39,2.55,2.37,19540000.0,0.07629999999999999
2015-12-17,2.56,2.52,2.6,2.52,11370000.0,0.0079
2015-12-18,2.45,2.51,2.55,2.42,17990000.0,-0.043
2015-12-19,0,0,0,0,0,0
2015-12-20,0,0,0,0,0,0
2015-12-21,2.53,2.47,2.53,2.43,6880000.0,0.0327
2015-12-22,2.77,2.55,2.78,2.54,24890000.0,0.0949
2015-12-23,2.83,2.76,2.94,2.75,30370000.0,0.0217
2015-12-24,2.92,2.88,3.0,2.86,11900000.0,0.0318
2015-12-25,0,0,0,0,0,0
2015-12-26,0,0,0,0,0,0
2015-12-27,0,0,0,0,0,0
2015-12-28,3.0,2.91,3.02,2.86,16050000.0,0.0274
2015-12-29,3.0,3.04,3.06,2.97,15300000.0,0.0
2015-12-30,2.98,2.99,3.04,2.93,10050000.0,-0.0067
2015-12-31,2.87,2.97,3.01,2.87,11090000.0,-0.0369
2016-01-01,0,0,0,0,0,0
2016-01-02,0,0,0,0,0,0
2016-01-03,0,0,0,0,0,0
2016-01-04,2.77,2.77,2.82,2.63,32520000.000000004,-0.0348
2016-01-05,2.75,2.77,2.8,2.64,12970000.0,-0.0072
2016-01-06,2.5,2.66,2.71,2.47,23760000.0,-0.0909
2016-01-07,2.27,2.43,2.48,2.26,22200000.0,-0.092
2016-01-08,2.14,2.36,2.42,2.1,31820000.0,-0.057300000000000004
2016-01-09,0,0,0,0,0,0
2016-01-10,0,0,0,0,0,0
2016-01-11,2.34,2.16,2.36,2.12,19630000.0,0.0935
2016-01-12,2.39,2.4,2.46,2.28,17990000.0,0.021400000000000002
2016-01-13,2.25,2.4,2.45,2.21,12750000.0,-0.058600000000000006
2016-01-14,2.21,2.29,2.35,2.21,15670000.0,-0.0178
2016-01-15,2.03,2.1,2.13,1.99,21200000.0,-0.0814
2016-01-16,0,0,0,0,0,0
2016-01-17,0,0,0,0,0,0
2016-01-18,0,0,0,0,0,0
2016-01-19,1.95,2.08,2.11,1.9,18980000.0,-0.0394
2016-01-20,1.8,1.81,1.95,1.75,29240000.0,-0.07690000000000001
2016-01-21,2.09,1.82,2.18,1.81,26390000.0,0.1611
2016-01-22,2.02,2.11,2.17,1.98,16250000.0,-0.0335
2016-01-23,0,0,0,0,0,0
2016-01-24,0,0,0,0,0,0
2016-01-25,2.12,2.01,2.15,2.01,13080000.0,0.0495
2016-01-26,2.07,2.14,2.15,2.03,11100000.0,-0.0236
2016-01-27,2.13,2.08,2.18,2.07,10830000.0,0.028999999999999998
2016-01-28,2.08,2.16,2.17,2.07,7120000.0,-0.0235
2016-01-29,2.2,2.09,2.2,2.07,12000000.0,0.057699999999999994
2016-01-30,0,0,0,0,0,0
2016-01-31,0,0,0,0,0,0
2016-02-01,2.14,2.17,2.19,2.11,8820000.0,-0.0273
2016-02-02,1.99,2.11,2.14,1.96,11220000.0,-0.0701
2016-02-03,2.07,2.04,2.08,1.95,9980000.0,0.04019999999999999
2016-02-04,2.09,2.06,2.17,2.03,8279999.999999999,0.0097
2016-02-05,1.98,2.06,2.08,1.98,7910000.0,-0.0526
2016-02-06,0,0,0,0,0,0
2016-02-07,0,0,0,0,0,0
2016-02-08,1.93,1.97,1.98,1.87,11590000.0,-0.0253
2016-02-09,1.9,1.89,2.0,1.85,14990000.0,-0.0155
2016-02-10,1.84,1.92,1.98,1.83,9470000.0,-0.0316
2016-02-11,1.86,1.82,1.94,1.81,7860000.0,0.0109
2016-02-12,1.83,1.89,1.91,1.82,9960000.0,-0.0161
2016-02-13,0,0,0,0,0,0
2016-02-14,0,0,0,0,0,0
2016-02-15,0,0,0,0,0,0
2016-02-16,1.83,1.86,1.9,1.82,11850000.0,0.0
2016-02-17,1.9,1.85,1.94,1.85,13770000.0,0.0383
2016-02-18,1.91,1.93,1.98,1.9,10820000.0,0.0053
2016-02-19,1.91,1.93,1.93,1.83,7780000.0,0.0
2016-02-20,0,0,0,0,0,0
2016-02-21,0,0,0,0,0,0
2016-02-22,2.01,1.94,2.04,1.93,9900000.0,0.0524
2016-02-23,1.97,2.04,2.06,1.97,6710000.0,-0.0199
2016-02-24,2.02,1.98,2.04,1.93,6910000.0,0.0254
2016-02-25,2.03,2.02,2.04,1.98,5610000.0,0.005
2016-02-26,2.07,2.04,2.1,2.03,7910000.0,0.0197
2016-02-27,2.06,2.06,2.06,2.06,0.0,-0.0048
2016-02-28,0,0,0,0,0,0
2016-02-29,2.14,2.06,2.15,2.05,11400000.0,0.0388
2016-03-01,2.18,2.16,2.2,2.12,9010000.0,0.0187
2016-03-02,2.32,2.2,2.33,2.18,10850000.0,0.0642
2016-03-03,2.46,2.32,2.55,2.29,22090000.0,0.0603
2016-03-04,2.37,2.42,2.5,2.34,15450000.0,-0.0366
2016-03-05,0,0,0,0,0,0
2016-03-06,0,0,0,0,0,0
2016-03-07,2.47,2.36,2.47,2.36,8800000.0,0.042199999999999994
2016-03-08,2.3,2.44,2.46,2.3,10030000.0,-0.0688
2016-03-09,2.26,2.32,2.35,2.2,13080000.0,-0.0174
2016-03-10,2.26,2.29,2.31,2.15,9630000.0,0.0
2016-03-11,2.52,2.29,2.54,2.29,21380000.0,0.115
2016-03-12,0,0,0,0,0,0
2016-03-13,0,0,0,0,0,0
2016-03-14,2.72,2.53,2.75,2.5,33850000.0,0.0794
2016-03-15,2.49,2.67,2.69,2.45,21570000.0,-0.08460000000000001
2016-03-16,2.63,2.5,2.64,2.49,13020000.0,0.0562
2016-03-17,2.8,2.77,2.81,2.7,29000000.0,0.0646
2016-03-18,2.93,2.8,2.93,2.77,26330000.0,0.0464
2016-03-19,0,0,0,0,0,0
2016-03-20,0,0,0,0,0,0
2016-03-21,2.8,2.9,2.9,2.75,13460000.0,-0.0444
2016-03-22,2.79,2.73,2.85,2.71,10320000.0,-0.0036
2016-03-23,2.68,2.8,2.83,2.68,10170000.0,-0.0394
2016-03-24,2.79,2.69,2.81,2.62,10040000.0,0.040999999999999995
2016-03-25,0,0,0,0,0,0
2016-03-26,0,0,0,0,0,0
2016-03-27,0,0,0,0,0,0
2016-03-28,2.78,2.81,2.84,2.73,7680000.0,-0.0036
2016-03-29,2.86,2.74,2.88,2.7,13620000.0,0.0288
2016-03-30,2.86,2.88,2.98,2.85,14950000.0,0.0
2016-03-31,2.85,2.84,2.88,2.8,9070000.0,-0.0034999999999999996
2016-04-01,2.83,2.79,2.88,2.76,8260000.0,-0.006999999999999999
2016-04-02,0,0,0,0,0,0
2016-04-03,0,0,0,0,0,0
2016-04-04,2.83,2.83,2.87,2.8,5590000.0,0.0
2016-04-05,2.76,2.76,2.84,2.72,9640000.0,-0.024700000000000003
2016-04-06,2.8,2.75,2.8,2.72,12530000.0,0.014499999999999999
2016-04-07,2.64,2.76,2.83,2.61,13480000.0,-0.0571
2016-04-08,2.74,2.7,2.76,2.68,8490000.0,0.0379
2016-04-09,0,0,0,0,0,0
2016-04-10,0,0,0,0,0,0
2016-04-11,2.76,2.76,2.82,2.74,9050000.0,0.0073
2016-04-12,2.81,2.79,2.85,2.76,16129999.999999998,0.0181
2016-04-13,2.8,2.78,2.82,2.73,8050000.000000001,-0.0036
2016-04-14,2.72,2.77,2.79,2.7,8990000.0,-0.0286
2016-04-15,2.7,2.72,2.75,2.68,7490000.0,-0.0074
2016-04-16,0,0,0,0,0,0
2016-04-17,0,0,0,0,0,0
2016-04-18,2.76,2.67,2.8,2.65,8940000.0,0.0222
2016-04-19,2.62,2.78,2.78,2.61,11720000.0,-0.0507
2016-04-20,2.7,2.62,2.72,2.61,7930000.0,0.0305
2016-04-21,2.62,2.65,2.7,2.6,13960000.0,-0.0296
2016-04-22,3.99,3.19,3.99,3.18,143270000.0,0.5229
2016-04-23,0,0,0,0,0,0
2016-04-24,0,0,0,0,0,0
2016-04-25,3.45,3.81,3.82,3.31,80610000.0,-0.1353
2016-04-26,3.66,3.45,3.75,3.44,36340000.0,0.060899999999999996
2016-04-27,3.73,3.55,3.75,3.53,24190000.0,0.0191
2016-04-28,3.61,3.69,3.8,3.6,20230000.0,-0.0322
2016-04-29,3.55,3.69,3.69,3.45,17720000.0,-0.0166
2016-04-30,0,0,0,0,0,0
2016-05-01,0,0,0,0,0,0
2016-05-02,3.74,3.58,3.75,3.57,16970000.0,0.0535
2016-05-03,3.6,3.7,3.71,3.58,13780000.0,-0.0374
2016-05-04,3.6,3.54,3.67,3.54,8690000.0,0.0
2016-05-05,3.66,3.64,3.8,3.6,21530000.0,0.0167
2016-05-06,3.68,3.65,3.75,3.64,11840000.0,0.0055000000000000005
2016-05-07,0,0,0,0,0,0
2016-05-08,0,0,0,0,0,0
2016-05-09,3.65,3.66,3.68,3.45,16300000.0,-0.008199999999999999
2016-05-10,3.64,3.66,3.68,3.56,9420000.0,-0.0027
2016-05-11,3.65,3.61,3.68,3.6,7540000.0,0.0027
2016-05-12,3.59,3.65,3.68,3.55,9260000.0,-0.016399999999999998
2016-05-13,3.67,3.56,3.73,3.55,16469999.999999998,0.0223
2016-05-14,0,0,0,0,0,0
2016-05-15,0,0,0,0,0,0
2016-05-16,3.79,3.67,3.85,3.65,14700000.0,0.0327
2016-05-17,3.79,3.8,3.98,3.69,20070000.0,0.0
2016-05-18,3.84,3.79,3.97,3.77,19510000.0,0.0132
2016-05-19,3.77,3.83,3.85,3.69,17700000.0,-0.0182
2016-05-20,3.87,3.83,3.9,3.81,13800000.0,0.0265
2016-05-21,0,0,0,0,0,0
2016-05-22,0,0,0,0,0,0
2016-05-23,4.04,3.9,4.2,3.88,35470000.0,0.043899999999999995
2016-05-24,4.2,4.09,4.21,3.92,34280000.0,0.039599999999999996
2016-05-25,4.18,4.24,4.35,4.15,24720000.0,-0.0048
2016-05-26,4.35,4.19,4.38,4.17,22630000.0,0.0407
2016-05-27,4.6,4.39,4.63,4.37,34430000.0,0.0575
2016-05-28,0,0,0,0,0,0
2016-05-29,0,0,0,0,0,0
2016-05-30,0,0,0,0,0,0
2016-05-31,4.57,4.67,4.71,4.5,25380000.0,-0.006500000000000001
2016-06-01,4.43,4.6,4.64,4.38,29700000.0,-0.030600000000000002
2016-06-02,4.24,4.37,4.4,4.07,35340000.0,-0.0429
2016-06-03,4.16,4.16,4.2,4.08,17560000.0,-0.0189
2016-06-04,0,0,0,0,0,0
2016-06-05,0,0,0,0,0,0
2016-06-06,4.47,4.2,4.51,4.17,21330000.0,0.0745
2016-06-07,4.51,4.56,4.67,4.47,20680000.0,0.0089
2016-06-08,4.46,4.54,4.56,4.38,16070000.0,-0.0111
2016-06-09,4.52,4.41,4.54,4.32,16219999.999999998,0.013500000000000002
2016-06-10,4.32,4.4,4.47,4.3,15110000.0,-0.044199999999999996
2016-06-11,0,0,0,0,0,0
2016-06-12,0,0,0,0,0,0
2016-06-13,4.4,4.32,4.48,4.32,13540000.0,0.018500000000000003
2016-06-14,4.39,4.4,4.51,4.33,16760000.000000002,-0.0023
2016-06-15,4.42,4.44,4.48,4.3,11580000.0,0.0068000000000000005
2016-06-16,4.75,4.5,4.75,4.45,34180000.0,0.0747
2016-06-17,5.26,4.75,5.27,4.68,64890000.0,0.1074
2016-06-18,0,0,0,0,0,0
2016-06-19,0,0,0,0,0,0
2016-06-20,5.1,5.39,5.45,5.09,43540000.0,-0.0304
2016-06-21,5.45,5.1,5.5,5.09,35860000.0,0.06860000000000001
2016-06-22,5.02,5.46,5.52,4.96,47940000.0,-0.0789
2016-06-23,5.21,5.17,5.26,5.05,29160000.0,0.0378
2016-06-24,4.88,4.82,5.07,4.76,36740000.0,-0.0633
2016-06-25,0,0,0,0,0,0
2016-06-26,0,0,0,0,0,0
2016-06-27,4.72,4.88,5.05,4.65,31190000.0,-0.032799999999999996
2016-06-28,5.12,4.95,5.18,4.91,29220000.0,0.08470000000000001
2016-06-29,5.13,5.31,5.4,5.1,33119999.999999996,0.002
2016-06-30,5.14,5.13,5.19,4.95,26120000.0,0.0019
2016-07-01,5.07,5.09,5.14,5.0,18260000.0,-0.013600000000000001
2016-07-02,0,0,0,0,0,0
2016-07-03,0,0,0,0,0,0
2016-07-04,0,0,0,0,0,0
2016-07-05,4.96,5.03,5.05,4.88,16329999.999999998,-0.0217
2016-07-06,5.04,4.91,5.11,4.9,19390000.0,0.0161
2016-07-07,5.02,5.07,5.1,4.94,15810000.0,-0.004
2016-07-08,5.1,4.84,5.15,4.82,28140000.0,0.0159
2016-07-09,0,0,0,0,0,0
2016-07-10,0,0,0,0,0,0
2016-07-11,5.01,5.13,5.19,5.0,21030000.0,-0.0176
2016-07-12,5.14,5.01,5.17,5.01,20830000.0,0.0259
2016-07-13,5.09,5.14,5.19,5.04,14030000.0,-0.0097
2016-07-14,5.17,5.15,5.24,5.06,20050000.0,0.015700000000000002
2016-07-15,5.14,5.2,5.2,5.1,14220000.0,-0.0058
2016-07-16,0,0,0,0,0,0
2016-07-17,0,0,0,0,0,0
2016-07-18,5.51,5.19,5.57,5.13,38620000.0,0.07200000000000001
2016-07-19,5.41,5.5,5.55,5.34,23440000.0,-0.0181
2016-07-20,5.41,5.48,5.5,5.4,20100000.0,0.0
2016-07-21,5.22,5.43,5.45,5.1,40240000.0,-0.0351
2016-07-22,5.84,5.73,5.97,5.45,101840000.0,0.1188
2016-07-23,0,0,0,0,0,0
2016-07-24,0,0,0,0,0,0
2016-07-25,6.7,5.93,6.95,5.92,118330000.0,0.14730000000000001
2016-07-26,6.98,6.76,7.16,6.71,81230000.0,0.0418
2016-07-27,6.85,6.93,6.98,6.68,38570000.0,-0.018600000000000002
2016-07-28,6.82,6.79,6.98,6.74,27520000.0,-0.0044
2016-07-29,6.86,6.88,6.96,6.75,22580000.0,0.0059
2016-07-30,0,0,0,0,0,0
2016-07-31,0,0,0,0,0,0
2016-08-01,6.64,6.89,6.92,6.57,26730000.0,-0.0321
2016-08-02,6.26,6.56,6.6,6.15,40820000.0,-0.0572
2016-08-03,6.3,6.18,6.45,6.15,23810000.0,0.0064
2016-08-04,6.47,6.39,6.61,6.37,22410000.0,0.027000000000000003
2016-08-05,6.61,6.56,6.76,6.47,20160000.0,0.0216
2016-08-06,0,0,0,0,0,0
2016-08-07,0,0,0,0,0,0
2016-08-08,6.68,6.7,6.85,6.65,21460000.0,0.0106
2016-08-09,6.6,6.75,6.78,6.54,16770000.0,-0.012
2016-08-10,6.49,6.35,6.58,6.25,29070000.0,-0.0167
2016-08-11,6.58,6.5,6.59,6.46,13240000.0,0.0139
2016-08-12,6.73,6.6,6.79,6.55,25470000.0,0.022799999999999997
2016-08-13,0,0,0,0,0,0
2016-08-14,0,0,0,0,0,0
2016-08-15,6.95,6.79,6.97,6.78,28340000.0,0.0327
2016-08-16,6.78,6.94,6.94,6.65,26770000.0,-0.0245
2016-08-17,6.68,6.7,6.75,6.61,13790000.0,-0.0147
2016-08-18,7.04,6.74,7.07,6.72,30780000.0,0.053899999999999997
2016-08-19,7.62,7.24,8.0,7.22,75130000.0,0.0824
2016-08-20,0,0,0,0,0,0
2016-08-21,0,0,0,0,0,0
2016-08-22,7.58,7.83,7.95,7.37,41520000.0,-0.0052
2016-08-23,7.67,7.66,7.74,7.53,27530000.0,0.011899999999999999
2016-08-24,7.43,7.67,7.67,7.37,22940000.0,-0.0313
2016-08-25,7.47,7.49,7.49,7.2,16450000.0,0.004699999999999999
2016-08-26,7.67,7.49,7.8,7.46,31390000.0,0.0275
2016-08-27,0,0,0,0,0,0
2016-08-28,0,0,0,0,0,0
2016-08-29,7.59,7.72,7.79,7.57,16920000.0,-0.0104
2016-08-30,7.49,7.61,7.64,7.41,16090000.0,-0.0132
2016-08-31,7.4,7.52,7.52,7.28,18810000.0,-0.012
2016-09-01,7.35,7.18,7.44,7.09,22280000.0,-0.0068000000000000005
2016-09-02,7.51,7.49,7.64,7.38,18540000.0,0.0218
2016-09-03,0,0,0,0,0,0
2016-09-04,0,0,0,0,0,0
2016-09-05,0,0,0,0,0,0
2016-09-06,7.34,7.56,7.6,7.25,24990000.0,-0.0226
2016-09-07,6.84,7.05,7.07,6.78,57720000.0,-0.0681
2016-09-08,6.22,6.64,6.65,6.15,90810000.0,-0.08990000000000001
2016-09-09,5.9,6.23,6.24,5.85,170830000.0,-0.052199999999999996
2016-09-10,0,0,0,0,0,0
2016-09-11,0,0,0,0,0,0
2016-09-12,5.94,5.83,6.07,5.77,78010000.0,0.0068000000000000005
2016-09-13,5.74,5.92,5.95,5.66,50820000.0,-0.0337
2016-09-14,6.04,5.75,6.08,5.75,64340000.0,0.052300000000000006
2016-09-15,6.02,6.09,6.2,5.95,52720000.0,-0.0033
2016-09-16,6.05,6.22,6.22,5.97,47830000.0,0.005
2016-09-17,0,0,0,0,0,0
2016-09-18,0,0,0,0,0,0
2016-09-19,6.16,6.12,6.28,6.08,37840000.0,0.0182
2016-09-20,6.17,6.23,6.28,6.12,28990000.0,0.0016
2016-09-21,6.29,6.2,6.32,6.14,33450000.000000004,0.0194
2016-09-22,6.37,6.35,6.44,6.33,35850000.0,0.0127
2016-09-23,6.55,6.31,6.65,6.31,61020000.0,0.028300000000000002
2016-09-24,0,0,0,0,0,0
2016-09-25,0,0,0,0,0,0
2016-09-26,6.32,6.54,6.54,6.31,29880000.0,-0.0351
2016-09-27,6.54,6.45,6.58,6.29,30040000.0,0.0348
2016-09-28,6.59,6.57,6.65,6.48,27880000.0,0.0076
2016-09-29,6.67,6.57,6.73,6.54,30750000.0,0.0121
2016-09-30,6.91,6.7,7.04,6.7,47450000.0,0.036000000000000004
2016-10-01,0,0,0,0,0,0
2016-10-02,0,0,0,0,0,0
2016-10-03,6.95,6.95,7.15,6.87,30460000.0,0.0058
2016-10-04,6.97,7.0,7.09,6.89,25770000.0,0.0029
2016-10-05,6.78,6.97,7.01,6.7,31240000.0,-0.0273
2016-10-06,6.96,6.72,6.98,6.63,27060000.0,0.0265
2016-10-07,6.75,6.92,6.96,6.62,33060000.000000004,-0.0302
2016-10-08,0,0,0,0,0,0
2016-10-09,0,0,0,0,0,0
2016-10-10,6.84,6.82,6.94,6.8,13800000.0,0.013300000000000001
2016-10-11,6.5,6.8,6.84,6.38,32509999.999999996,-0.049699999999999994
2016-10-12,6.62,6.64,6.77,6.42,33590000.0,0.018500000000000003
2016-10-13,6.49,6.5,6.54,6.24,30400000.0,-0.0196
2016-10-14,6.75,6.92,7.12,6.74,66930000.00000001,0.0401
2016-10-15,0,0,0,0,0,0
2016-10-16,0,0,0,0,0,0
2016-10-17,6.67,6.92,6.97,6.64,24260000.0,-0.011899999999999999
2016-10-18,6.73,6.76,6.89,6.69,25310000.0,0.009000000000000001
2016-10-19,6.77,6.7,6.8,6.57,29420000.0,0.0059
2016-10-20,6.96,6.81,6.98,6.77,64610000.0,0.0281
2016-10-21,6.52,6.5,6.65,6.37,64239999.99999999,-0.0632
2016-10-22,0,0,0,0,0,0
2016-10-23,0,0,0,0,0,0
2016-10-24,7.01,6.57,7.01,6.54,53000000.0,0.07440000000000001
2016-10-25,7.5,6.9,7.5,6.87,78860000.0,0.0707
2016-10-26,7.29,7.4,7.48,7.26,47620000.0,-0.027999999999999997
2016-10-27,7.11,7.44,7.46,7.1,37800000.0,-0.024700000000000003
2016-10-28,7.2,7.1,7.53,7.02,77260000.0,0.0127
2016-10-29,0,0,0,0,0,0
2016-10-30,0,0,0,0,0,0
2016-10-31,7.23,7.24,7.46,7.2,42350000.0,0.0042
2016-11-01,7.09,7.32,7.43,6.92,39910000.0,-0.0194
2016-11-02,6.76,7.03,7.05,6.67,33850000.0,-0.04650000000000001
2016-11-03,6.7,6.78,6.79,6.56,33670000.0,-0.0089
2016-11-04,6.56,6.69,6.72,6.46,32220000.0,-0.0209
2016-11-05,0,0,0,0,0,0
2016-11-06,0,0,0,0,0,0
2016-11-07,6.96,6.79,6.99,6.76,37000000.0,0.061
2016-11-08,7.0,6.85,7.18,6.75,37730000.0,0.005699999999999999
2016-11-09,6.94,6.7,7.05,6.64,38480000.0,-0.0086
2016-11-10,6.3,6.82,6.91,6.22,71750000.0,-0.0929
2016-11-11,6.68,6.64,6.69,6.47,39490000.0,0.062
2016-11-12,0,0,0,0,0,0
2016-11-13,0,0,0,0,0,0
2016-11-14,6.79,6.83,6.84,6.61,29600000.0,0.015700000000000002
2016-11-15,6.97,6.82,7.08,6.79,28910000.0,0.0265
2016-11-16,7.67,7.09,7.75,7.07,78080000.0,0.10039999999999999
2016-11-17,8.46,7.79,8.77,7.77,124240000.0,0.10300000000000001
2016-11-18,8.71,8.68,8.83,8.4,62340000.0,0.0296
2016-11-19,0,0,0,0,0,0
2016-11-20,0,0,0,0,0,0
2016-11-21,8.94,8.87,9.22,8.86,65599999.99999999,0.0264
2016-11-22,8.69,9.05,9.06,8.54,71310000.0,-0.027999999999999997
2016-11-23,8.8,8.72,8.86,8.5,34650000.0,0.0127
2016-11-24,0,0,0,0,0,0
2016-11-25,8.77,8.8,8.91,8.69,14210000.0,-0.0034000000000000002
2016-11-26,0,0,0,0,0,0
2016-11-27,0,0,0,0,0,0
2016-11-28,8.83,8.72,8.98,8.72,25910000.0,0.0068000000000000005
2016-11-29,8.93,9.0,9.23,8.85,54830000.0,0.0113
2016-11-30,8.91,9.02,9.12,8.9,36510000.0,-0.0022
2016-12-01,8.39,8.92,9.03,8.26,56680000.0,-0.0584
2016-12-02,8.53,8.38,8.74,8.38,42400000.0,0.0167
2016-12-03,0,0,0,0,0,0
2016-12-04,0,0,0,0,0,0
2016-12-05,8.68,8.69,8.71,8.45,31410000.0,0.0176
2016-12-06,9.45,8.95,9.54,8.82,92240000.0,0.08869999999999999
2016-12-07,9.56,9.65,9.79,9.24,54900000.0,0.0116
2016-12-08,10.34,9.9,10.66,9.8,104610000.0,0.0816
2016-12-09,10.34,10.38,10.54,9.87,60600000.0,0.0
2016-12-10,0,0,0,0,0,0
2016-12-11,0,0,0,0,0,0
2016-12-12,10.68,10.4,10.93,10.38,63340000.0,0.0329
2016-12-13,10.54,10.75,10.8,10.4,46970000.0,-0.0131
2016-12-14,10.55,10.43,10.74,10.27,46970000.0,0.0009
2016-12-15,10.86,10.68,10.93,10.64,48870000.0,0.0294
2016-12-16,10.66,10.94,11.23,10.6,77780000.0,-0.0184
2016-12-17,0,0,0,0,0,0
2016-12-18,0,0,0,0,0,0
2016-12-19,10.95,10.81,11.0,10.52,46090000.0,0.027200000000000002
2016-12-20,11.51,11.19,11.51,11.15,59310000.0,0.051100000000000007
2016-12-21,11.47,11.61,11.72,11.31,44810000.0,-0.0034999999999999996
2016-12-22,11.6,11.65,11.75,11.47,36450000.0,0.0113
2016-12-23,11.58,11.3,11.6,11.26,32290000.0,-0.0017000000000000001
2016-12-24,0,0,0,0,0,0
2016-12-25,0,0,0,0,0,0
2016-12-26,0,0,0,0,0,0
2016-12-27,12.07,11.65,12.08,11.6,44340000.0,0.042300000000000004
2016-12-28,11.55,12.28,12.42,11.46,71250000.0,-0.0431
2016-12-29,11.59,11.24,11.62,11.01,50230000.0,0.0034999999999999996
2016-12-30,11.34,11.7,11.78,11.25,44100000.0,-0.0216
2016-12-31,0,0,0,0,0,0
2017-01-01,0,0,0,0,0,0
2017-01-02,0,0,0,0,0,0
2017-01-03,11.43,11.42,11.65,11.02,55180000.0,0.0079
2017-01-04,11.43,11.45,11.52,11.23,40780000.0,0.0
2017-01-05,11.24,11.43,11.69,11.23,38860000.0,-0.0166
2017-01-06,11.32,11.29,11.49,11.11,34450000.0,0.0070999999999999995
2017-01-07,0,0,0,0,0,0
2017-01-08,0,0,0,0,0,0
2017-01-09,11.49,11.37,11.64,11.31,37300000.0,0.015
2017-01-10,11.44,11.55,11.63,11.33,29200000.0,-0.0044
2017-01-11,11.2,11.39,11.41,11.15,39380000.0,-0.021
2017-01-12,10.76,10.98,11.04,10.33,75240000.0,-0.0393
2017-01-13,10.58,10.79,10.87,10.56,38380000.0,-0.0167
2017-01-14,0,0,0,0,0,0
2017-01-15,0,0,0,0,0,0
2017-01-16,0,0,0,0,0,0
2017-01-17,9.82,10.17,10.23,9.78,70490000.0,-0.0718
2017-01-18,9.88,9.54,10.1,9.42,51800000.0,0.0060999999999999995
2017-01-19,9.77,9.92,10.25,9.75,46150000.0,-0.0111
2017-01-20,9.75,9.88,9.96,9.67,27980000.0,-0.002
2017-01-21,0,0,0,0,0,0
2017-01-22,0,0,0,0,0,0
2017-01-23,9.91,9.68,10.06,9.68,27910000.0,0.016399999999999998
2017-01-24,10.44,9.95,10.49,9.95,43990000.0,0.0535
2017-01-25,10.35,10.74,10.98,10.15,61890000.0,-0.0086
2017-01-26,10.52,10.35,10.66,10.3,35870000.0,0.016399999999999998
2017-01-27,10.67,10.6,10.73,10.52,32720000.0,0.0143
2017-01-28,0,0,0,0,0,0
2017-01-29,0,0,0,0,0,0
2017-01-30,10.61,10.62,10.68,10.3,37720000.0,-0.005600000000000001
2017-01-31,10.37,10.6,10.67,10.22,53700000.0,-0.0226
2017-02-01,12.06,10.9,12.14,10.81,165940000.0,0.163
2017-02-02,12.28,11.98,12.66,11.95,116320000.0,0.0182
2017-02-03,12.24,12.37,12.5,12.04,60040000.0,-0.0033
2017-02-04,0,0,0,0,0,0
2017-02-05,0,0,0,0,0,0
2017-02-06,13.63,12.46,13.7,12.38,140470000.0,0.11359999999999999
2017-02-07,13.29,14.05,14.27,13.06,158680000.0,-0.024900000000000002
2017-02-08,13.56,13.21,13.75,13.08,75940000.0,0.0203
2017-02-09,13.42,13.78,13.89,13.4,73340000.0,-0.0103
2017-02-10,13.58,13.86,13.86,13.25,54580000.0,0.011899999999999999
2017-02-11,0,0,0,0,0,0
2017-02-12,0,0,0,0,0,0
2017-02-13,13.49,13.7,13.95,13.38,57410000.0,-0.0066
2017-02-14,13.26,13.43,13.49,13.19,40480000.0,-0.017
2017-02-15,13.3,13.2,13.44,13.15,33720000.0,0.003
2017-02-16,12.97,13.25,13.35,12.84,52500000.0,-0.0248
2017-02-17,13.13,12.79,13.14,12.6,40890000.0,0.0123
2017-02-18,0,0,0,0,0,0
2017-02-19,0,0,0,0,0,0
2017-02-20,0,0,0,0,0,0
2017-02-21,14.0,13.41,14.1,13.4,66360000.0,0.0663
2017-02-22,14.28,14.3,14.5,14.04,71510000.0,0.02
2017-02-23,14.32,14.2,14.45,13.82,80320000.0,0.0028000000000000004
2017-02-24,14.12,14.0,14.32,13.86,46290000.0,-0.013999999999999999
2017-02-25,0,0,0,0,0,0
2017-02-26,0,0,0,0,0,0
2017-02-27,15.2,14.27,15.35,14.27,95420000.0,0.0765
2017-02-28,14.46,15.45,15.55,14.35,141780000.0,-0.0487
2017-03-01,14.96,15.08,15.09,14.52,73450000.0,0.0346
2017-03-02,13.9,14.59,14.78,13.87,104330000.0,-0.0709
2017-03-03,13.03,13.55,13.58,12.79,163640000.0,-0.0626
2017-03-04,0,0,0,0,0,0
2017-03-05,0,0,0,0,0,0
2017-03-06,13.04,13.0,13.34,12.38,117190000.0,0.0008
2017-03-07,13.05,13.07,13.37,12.79,76670000.0,0.0008
2017-03-08,13.22,13.25,13.55,13.1,71290000.0,0.013000000000000001
2017-03-09,13.33,13.45,13.45,13.11,45240000.0,0.0083
2017-03-10,13.91,13.5,13.93,13.45,65140000.0,0.0435
2017-03-11,0,0,0,0,0,0
2017-03-12,0,0,0,0,0,0
2017-03-13,14.28,14.48,14.68,14.18,73080000.0,0.026600000000000002
2017-03-14,14.1,14.0,14.15,13.64,52550000.0,-0.0126
2017-03-15,13.98,14.03,14.06,13.62,55180000.0,-0.0085
2017-03-16,13.65,13.79,13.88,13.65,44490000.0,-0.0236
2017-03-17,13.49,13.62,13.74,13.36,224890000.0,-0.011699999999999999
2017-03-18,0,0,0,0,0,0
2017-03-19,0,0,0,0,0,0
2017-03-20,14.4,13.68,14.5,13.54,91570000.0,0.0675
2017-03-21,13.82,14.4,14.49,13.78,72550000.0,-0.0403
2017-03-22,14.1,13.7,14.15,13.55,61240000.0,0.0203
2017-03-23,13.79,13.96,14.11,13.77,44550000.0,-0.022000000000000002
2017-03-24,13.7,14.16,14.18,13.54,50100000.0,-0.006500000000000001
2017-03-25,0,0,0,0,0,0
2017-03-26,0,0,0,0,0,0
2017-03-27,13.7,13.35,13.78,13.21,42690000.0,0.0
2017-03-28,13.69,13.75,13.86,13.55,37420000.0,-0.0007000000000000001
2017-03-29,13.71,13.74,13.87,13.63,37860000.0,0.0015
2017-03-30,14.05,13.73,14.05,13.65,44130000.0,0.0248
2017-03-31,14.55,14.1,14.75,14.01,84570000.0,0.0356
2017-04-01,0,0,0,0,0,0
2017-04-02,0,0,0,0,0,0
2017-04-03,14.64,14.6,14.74,14.3,48420000.0,0.0062
2017-04-04,14.16,14.31,14.67,14.03,58410000.0,-0.032799999999999996
2017-04-05,14.17,14.28,14.64,14.1,58820000.0,0.0007000000000000001
2017-04-06,13.27,13.42,13.46,12.83,139500000.0,-0.0635
2017-04-07,13.52,13.33,13.68,13.22,70440000.0,0.018799999999999997
2017-04-08,0,0,0,0,0,0
2017-04-09,0,0,0,0,0,0
2017-04-10,13.1,13.52,13.59,13.04,47180000.0,-0.0311
2017-04-11,13.1,13.02,13.29,12.71,59920000.0,0.0
2017-04-12,12.76,12.94,13.1,12.74,37390000.0,-0.026000000000000002
2017-04-13,12.31,12.51,12.72,12.22,53440000.0,-0.0353
2017-04-14,0,0,0,0,0,0
2017-04-15,0,0,0,0,0,0
2017-04-16,0,0,0,0,0,0
2017-04-17,12.79,12.53,12.8,12.37,38190000.0,0.039
2017-04-18,12.95,12.63,12.97,12.58,37170000.0,0.0125
2017-04-19,12.84,13.09,13.2,12.8,36490000.0,-0.0085
2017-04-20,13.11,12.98,13.15,12.88,41980000.0,0.021
2017-04-21,13.0,13.08,13.12,12.9,25690000.0,-0.0084
2017-04-22,0,0,0,0,0,0
2017-04-23,0,0,0,0,0,0
2017-04-24,13.13,13.23,13.23,13.05,36120000.0,0.01
2017-04-25,13.49,13.24,13.52,13.16,35880000.0,0.0274
2017-04-26,13.41,13.42,13.53,13.22,36640000.0,-0.0059
2017-04-27,13.62,13.43,13.7,13.37,31330000.0,0.015700000000000002
2017-04-28,13.3,13.73,13.76,13.16,50380000.0,-0.0235
2017-04-29,0,0,0,0,0,0
2017-04-30,0,0,0,0,0,0
2017-05-01,13.62,13.43,13.63,13.25,68040000.0,0.0241
2017-05-02,10.32,11.73,11.76,10.3,268339999.99999997,-0.24230000000000002
2017-05-03,10.39,10.29,10.68,9.85,140900000.0,0.0068000000000000005
2017-05-04,10.1,10.55,10.55,9.94,77030000.0,-0.0279
2017-05-05,10.19,10.13,10.26,9.94,51760000.0,0.0089
2017-05-06,0,0,0,0,0,0
2017-05-07,0,0,0,0,0,0
2017-05-08,10.04,10.22,10.22,10.0,35100000.0,-0.0147
2017-05-09,10.18,10.04,10.4,10.04,51020000.0,0.0139
2017-05-10,10.79,10.45,10.85,10.45,66000000.0,0.0599
2017-05-11,11.07,10.74,11.26,10.51,72950000.0,0.0259
2017-05-12,11.26,11.2,11.4,11.08,56070000.0,0.0172
2017-05-13,0,0,0,0,0,0
2017-05-14,0,0,0,0,0,0
2017-05-15,11.42,11.41,11.6,11.3,52560000.0,0.014199999999999999
2017-05-16,12.75,11.66,12.77,11.63,164190000.0,0.1165
2017-05-17,11.2,11.81,12.29,11.16,160110000.0,-0.1216
2017-05-18,11.27,10.99,11.49,10.81,86900000.0,0.0067
2017-05-19,11.41,11.47,11.62,11.35,50320000.0,0.012
2017-05-20,0,0,0,0,0,0
2017-05-21,0,0,0,0,0,0
2017-05-22,11.04,11.49,11.55,10.77,78700000.0,-0.032400000000000005
2017-05-23,10.89,10.97,11.06,10.62,49800000.0,-0.013600000000000001
2017-05-24,10.89,11.05,11.06,10.71,43030000.0,0.0
2017-05-25,10.98,11.01,11.01,10.8,33580000.0,0.0083
2017-05-26,11.0,10.85,11.02,10.74,31910000.0,0.0018
2017-05-27,0,0,0,0,0,0
2017-05-28,0,0,0,0,0,0
2017-05-29,0,0,0,0,0,0
2017-05-30,11.12,10.95,11.27,10.9,35340000.0,0.0109
2017-05-31,11.19,11.29,11.49,11.1,42930000.0,0.0063
2017-06-01,10.93,11.25,11.28,10.81,48000000.0,-0.0232
2017-06-02,10.9,10.93,10.96,10.56,43060000.0,-0.0027
2017-06-03,0,0,0,0,0,0
2017-06-04,0,0,0,0,0,0
2017-06-05,11.24,10.84,11.34,10.8,66209999.99999999,0.031200000000000002
2017-06-06,12.03,11.27,12.24,11.24,115000000.0,0.0703
2017-06-07,12.38,12.42,12.96,12.23,151010000.0,0.0291
2017-06-08,12.9,12.81,12.91,12.4,89520000.0,0.042
2017-06-09,12.28,13.1,13.4,11.63,167450000.0,-0.0481
2017-06-10,0,0,0,0,0,0
2017-06-11,0,0,0,0,0,0
2017-06-12,12.09,11.75,12.35,11.27,125780000.0,-0.0155
2017-06-13,11.96,12.33,12.48,11.67,87300000.0,-0.0108
2017-06-14,11.77,11.91,12.05,11.65,51910000.0,-0.0159
2017-06-15,11.5,11.34,11.58,11.21,61670000.0,-0.0229
2017-06-16,11.44,11.66,11.83,11.28,59780000.0,-0.0052
2017-06-17,0,0,0,0,0,0
2017-06-18,0,0,0,0,0,0
2017-06-19,11.93,11.63,12.12,11.62,61800000.0,0.042800000000000005
2017-06-20,12.64,12.19,12.93,12.18,118000000.0,0.059500000000000004
2017-06-21,13.98,13.36,14.01,13.13,188800000.0,0.106
2017-06-22,14.38,14.1,14.5,13.56,149590000.0,0.0286
2017-06-23,14.17,14.15,14.67,13.9,200780000.0,-0.0146
2017-06-24,0,0,0,0,0,0
2017-06-25,0,0,0,0,0,0
2017-06-26,14.08,14.39,14.49,13.84,101010000.0,-0.0064
2017-06-27,13.4,13.76,14.04,13.37,89320000.0,-0.0483
2017-06-28,13.23,13.65,13.7,13.09,85270000.0,-0.0127
2017-06-29,12.6,13.06,13.15,12.45,87630000.0,-0.047599999999999996
2017-06-30,12.48,12.57,12.83,12.36,59270000.0,-0.0095
2017-07-01,0,0,0,0,0,0
2017-07-02,0,0,0,0,0,0
2017-07-03,12.15,12.57,12.73,12.13,39930000.0,-0.0264
2017-07-04,0,0,0,0,0,0
2017-07-05,13.19,12.36,13.21,12.32,99450000.0,0.08560000000000001
2017-07-06,13.02,12.94,13.32,12.66,88930000.0,-0.0129
2017-07-07,13.36,13.27,13.74,13.18,88390000.0,0.026099999999999998
2017-07-08,0,0,0,0,0,0
2017-07-09,0,0,0,0,0,0
2017-07-10,13.81,13.61,13.88,13.27,78320000.0,0.0337
2017-07-11,13.89,13.77,14.1,13.62,71100000.0,0.0058
2017-07-12,14.29,14.17,14.39,13.96,78510000.0,0.0288
2017-07-13,13.53,14.33,14.49,13.43,111660000.0,-0.053200000000000004
2017-07-14,13.92,13.46,13.93,13.32,82080000.0,0.0288
2017-07-15,0,0,0,0,0,0
2017-07-16,0,0,0,0,0,0
2017-07-17,13.8,14.03,14.12,13.51,71690000.0,-0.0086
2017-07-18,13.48,13.29,13.53,13.15,78370000.0,-0.0232
2017-07-19,13.55,13.62,13.74,13.41,51960000.0,0.0052
2017-07-20,13.8,13.61,13.89,13.45,47710000.0,0.018500000000000003
2017-07-21,13.88,13.7,14.05,13.62,51050000.0,0.0058
2017-07-22,0,0,0,0,0,0
2017-07-23,0,0,0,0,0,0
2017-07-24,14.16,14.0,14.44,13.97,71010000.0,0.0202
2017-07-25,14.11,14.29,14.32,13.87,98050000.0,-0.0034999999999999996
2017-07-26,14.76,15.13,15.65,14.4,236080000.0,0.0461
2017-07-27,14.12,14.99,15.04,13.7,130300000.00000001,-0.0434
2017-07-28,13.95,13.85,14.1,13.68,66760000.00000001,-0.012
2017-07-29,0,0,0,0,0,0
2017-07-30,0,0,0,0,0,0
2017-07-31,13.61,14.09,14.22,13.47,69110000.0,-0.024399999999999998
2017-08-01,13.71,13.72,13.86,13.45,49150000.0,0.0073
2017-08-02,13.37,13.81,13.93,13.12,67500000.0,-0.0248
2017-08-03,13.24,13.42,13.52,13.08,52560000.0,-0.0097
2017-08-04,13.12,13.2,13.36,13.02,64250000.0,-0.0091
2017-08-05,0,0,0,0,0,0
2017-08-06,0,0,0,0,0,0
2017-08-07,13.43,13.33,13.57,13.27,57490000.0,0.0236
2017-08-08,13.11,13.48,13.55,13.08,47340000.0,-0.023799999999999998
2017-08-09,12.83,12.76,12.89,12.54,58860000.0,-0.021400000000000002
2017-08-10,12.12,12.7,12.92,12.11,83110000.0,-0.0553
2017-08-11,12.23,12.04,12.39,11.88,63560000.0,0.0091
2017-08-12,0,0,0,0,0,0
2017-08-13,0,0,0,0,0,0
2017-08-14,12.76,12.58,12.85,12.58,64430000.00000001,0.0433
2017-08-15,13.02,13.01,13.14,12.75,57990000.0,0.0204
2017-08-16,12.63,13.17,13.19,12.52,64640000.0,-0.03
2017-08-17,12.34,12.46,12.65,12.32,47370000.0,-0.023
2017-08-18,12.37,12.43,12.56,12.25,37520000.0,0.0024
2017-08-19,0,0,0,0,0,0
2017-08-20,0,0,0,0,0,0
2017-08-21,12.05,12.42,12.42,11.86,58890000.0,-0.0259
2017-08-22,12.17,12.2,12.33,12.1,39030000.0,0.01
2017-08-23,12.48,12.0,12.53,11.95,44350000.0,0.0255
2017-08-24,12.5,12.69,12.71,12.39,37270000.0,0.0016
2017-08-25,12.43,12.51,12.57,12.25,29730000.0,-0.005600000000000001
2017-08-26,0,0,0,0,0,0
2017-08-27,0,0,0,0,0,0
2017-08-28,12.23,12.53,12.55,12.16,35970000.0,-0.0161
2017-08-29,12.15,12.0,12.18,11.93,33620000.0,-0.006500000000000001
2017-08-30,12.67,12.19,12.68,12.16,43930000.0,0.042800000000000005
2017-08-31,13.0,12.82,13.16,12.79,51820000.0,0.026000000000000002
2017-09-01,13.19,13.12,13.48,13.04,53160000.0,0.0146
2017-09-02,0,0,0,0,0,0
2017-09-03,0,0,0,0,0,0
2017-09-04,0,0,0,0,0,0
2017-09-05,12.92,12.88,13.18,12.65,51580000.0,-0.020499999999999997
2017-09-06,12.86,13.02,13.08,12.75,34180000.0,-0.0046
2017-09-07,12.63,12.84,12.94,12.6,35820000.0,-0.0179
2017-09-08,12.25,12.57,12.61,12.03,60890000.0,-0.0301
2017-09-09,0,0,0,0,0,0
2017-09-10,0,0,0,0,0,0
2017-09-11,12.55,12.46,12.74,12.4,43350000.0,0.0245
2017-09-12,12.3,12.66,12.68,12.21,54410000.0,-0.0199
2017-09-13,12.22,12.22,12.36,12.12,37210000.0,-0.006500000000000001
2017-09-14,12.26,12.15,12.46,12.11,37220000.0,0.0033
2017-09-15,12.52,12.33,12.66,12.31,50340000.0,0.0212
2017-09-16,0,0,0,0,0,0
2017-09-17,0,0,0,0,0,0
2017-09-18,13.08,12.77,13.3,12.74,83520000.0,0.0447
2017-09-19,13.12,13.25,13.29,12.88,65459999.99999999,0.0031
2017-09-20,13.74,13.07,13.8,12.8,102680000.0,0.0473
2017-09-21,13.41,14.0,14.24,13.32,166820000.0,-0.024
2017-09-22,13.3,13.2,13.4,13.12,50550000.0,-0.008199999999999999
2017-09-23,0,0,0,0,0,0
2017-09-24,0,0,0,0,0,0
2017-09-25,12.61,13.25,13.28,12.49,84170000.0,-0.0519
2017-09-26,12.45,12.85,12.93,12.43,68300000.0,-0.0127
2017-09-27,12.74,12.65,12.87,12.5,59950000.0,0.0233
2017-09-28,12.74,12.76,12.84,12.55,35810000.0,0.0
2017-09-29,12.75,12.77,12.82,12.6,33930000.0,0.0008
2017-09-30,0,0,0,0,0,0
2017-10-01,0,0,0,0,0,0
2017-10-02,12.71,12.8,12.85,12.62,34460000.0,-0.0031
2017-10-03,13.42,12.73,13.48,12.7,85170000.0,0.0559
2017-10-04,13.31,13.31,13.5,13.15,42300000.0,-0.008199999999999999
2017-10-05,13.34,13.38,13.46,13.21,34760000.0,0.0023
2017-10-06,13.23,13.22,13.39,13.18,28260000.0,-0.008199999999999999
2017-10-07,0,0,0,0,0,0
2017-10-08,0,0,0,0,0,0
2017-10-09,13.47,13.26,13.83,13.26,54030000.0,0.0181
2017-10-10,13.7,13.72,13.79,13.44,43300000.0,0.0171
2017-10-11,13.88,13.62,13.96,13.61,38750000.0,0.0131
2017-10-12,14.2,13.85,14.37,13.81,69870000.0,0.0231
2017-10-13,14.22,14.32,14.41,14.12,37520000.0,0.0014000000000000002
2017-10-14,0,0,0,0,0,0
2017-10-15,0,0,0,0,0,0
2017-10-16,14.26,14.25,14.35,14.12,34140000.0,0.0028000000000000004
2017-10-17,14.16,14.24,14.35,14.14,29000000.0,-0.006999999999999999
2017-10-18,14.07,14.2,14.28,13.76,39020000.0,-0.0064
2017-10-19,13.95,13.85,14.04,13.69,33800000.0,-0.0085
2017-10-20,13.81,14.03,14.09,13.8,32540000.0,-0.01
2017-10-21,0,0,0,0,0,0
2017-10-22,0,0,0,0,0,0
2017-10-23,14.1,13.94,14.19,13.9,49840000.0,0.021
2017-10-24,14.25,14.2,14.36,14.15,84890000.0,0.0106
2017-10-25,12.33,12.95,13.13,12.29,166760000.0,-0.13470000000000001
2017-10-26,12.01,12.45,12.46,12.0,87630000.0,-0.0264
2017-10-27,11.84,12.17,12.19,11.35,115650000.0,-0.0137
2017-10-28,0,0,0,0,0,0
2017-10-29,0,0,0,0,0,0
2017-10-30,10.89,11.26,11.42,10.65,137790000.0,-0.0802
2017-10-31,10.98,10.76,11.31,10.69,78600000.0,0.0087
2017-11-01,10.8,11.25,11.29,10.72,66879999.99999999,-0.0168
2017-11-02,10.85,10.87,10.99,10.66,47940000.0,0.0046
2017-11-03,11.12,10.95,11.13,10.82,44260000.0,0.024900000000000002
2017-11-04,0,0,0,0,0,0
2017-11-05,0,0,0,0,0,0
2017-11-06,11.93,12.04,12.09,11.64,96350000.0,0.0728
2017-11-07,12.05,11.94,12.27,11.92,67900000.0,0.0101
2017-11-08,11.71,11.94,11.95,11.51,59070000.0,-0.0282
2017-11-09,11.12,11.25,11.35,11.03,76820000.0,-0.0504
2017-11-10,11.26,11.22,11.43,11.11,50210000.0,0.0126
2017-11-11,0,0,0,0,0,0
2017-11-12,0,0,0,0,0,0
2017-11-13,11.09,11.18,11.2,10.92,54070000.0,-0.0151
2017-11-14,11.12,11.03,11.26,11.0,37250000.0,0.0027
2017-11-15,11.07,11.01,11.13,10.77,33520000.000000004,-0.0045000000000000005
2017-11-16,11.25,11.13,11.32,11.13,31800000.0,0.0163
2017-11-17,11.38,11.3,11.75,11.28,56780000.0,0.0116
2017-11-18,0,0,0,0,0,0
2017-11-19,0,0,0,0,0,0
2017-11-20,11.34,11.47,11.51,11.19,35960000.0,-0.0034999999999999996
2017-11-21,11.4,11.42,11.49,11.24,31880000.0,0.0053
2017-11-22,11.37,11.41,11.49,11.3,23820000.0,-0.0026
2017-11-23,0,0,0,0,0,0
2017-11-24,11.38,11.38,11.42,11.3,11040000.0,0.0009
2017-11-25,0,0,0,0,0,0
2017-11-26,0,0,0,0,0,0
2017-11-27,11.55,11.34,11.74,11.34,41800000.0,0.0149
2017-11-28,11.17,11.45,11.54,11.0,65330000.0,-0.0329
2017-11-29,10.83,11.08,11.17,10.73,63330000.0,-0.0304
2017-11-30,10.89,10.87,11.03,10.76,43210000.0,0.0055000000000000005
2017-12-01,10.73,10.81,10.97,10.53,42130000.0,-0.0147
2017-12-02,0,0,0,0,0,0
2017-12-03,0,0,0,0,0,0
2017-12-04,10.03,10.85,10.86,9.82,97330000.0,-0.0652
2017-12-05,9.91,9.89,10.34,9.7,67300000.0,-0.012
2017-12-06,10.0,9.9,10.05,9.71,38950000.0,0.0091
2017-12-07,10.04,10.07,10.19,9.95,32670000.0,0.004
2017-12-08,9.94,10.15,10.2,9.92,34900000.0,-0.01
2017-12-09,0,0,0,0,0,0
2017-12-10,0,0,0,0,0,0
2017-12-11,10.16,9.97,10.16,9.96,29960000.0,0.022099999999999998
2017-12-12,9.9,10.13,10.14,9.88,36210000.0,-0.0256
2017-12-13,10.11,9.97,10.21,9.95,41490000.0,0.0212
2017-12-14,10.13,10.1,10.17,9.96,29010000.0,0.002
2017-12-15,10.29,10.13,10.32,10.02,45460000.0,0.0158
2017-12-16,0,0,0,0,0,0
2017-12-17,0,0,0,0,0,0
2017-12-18,10.98,10.6,11.0,10.51,63800000.0,0.06709999999999999
2017-12-19,10.95,11.0,11.19,10.87,43850000.0,-0.0027
2017-12-20,10.98,11.1,11.18,10.8,31420000.0,0.0027
2017-12-21,10.89,10.98,11.08,10.87,21880000.0,-0.008199999999999999
2017-12-22,10.54,10.75,10.77,10.2,50740000.0,-0.0321
2017-12-23,0,0,0,0,0,0
2017-12-24,0,0,0,0,0,0
2017-12-25,0,0,0,0,0,0
2017-12-26,10.46,10.38,10.58,10.34,20440000.0,-0.0076
2017-12-27,10.53,10.45,10.74,10.4,22920000.0,0.0067
2017-12-28,10.55,10.57,10.64,10.43,18610000.0,0.0019
2017-12-29,10.28,10.57,10.58,10.27,26680000.0,-0.0256
2017-12-30,0,0,0,0,0,0
2017-12-31,0,0,0,0,0,0
2018-01-01,0,0,0,0,0,0
2018-01-02,10.98,10.42,11.02,10.34,44150000.0,0.0681
2018-01-03,11.55,11.61,12.14,11.36,154070000.0,0.0519
2018-01-04,12.12,12.1,12.43,11.97,109500000.0,0.049400000000000006
2018-01-05,11.88,12.19,12.22,11.66,63810000.0,-0.019799999999999998
2018-01-06,0,0,0,0,0,0
2018-01-07,0,0,0,0,0,0
2018-01-08,12.28,12.01,12.3,11.85,63350000.0,0.0337
2018-01-09,11.82,12.0,12.02,11.71,62560000.0,-0.0375
2018-01-10,11.96,11.63,12.15,11.56,52560000.0,0.0118
2018-01-11,12.14,12.07,12.19,11.9,38350000.0,0.0151
2018-01-12,12.02,11.82,12.07,11.8,47150000.0,-0.009899999999999999
2018-01-13,0,0,0,0,0,0
2018-01-14,0,0,0,0,0,0
2018-01-15,0,0,0,0,0,0
2018-01-16,11.91,12.05,12.2,11.8,42690000.0,-0.0092
2018-01-17,12.18,11.9,12.19,11.82,39020000.0,0.0227
2018-01-18,12.47,12.18,12.68,12.15,62090000.0,0.023799999999999998
2018-01-19,12.59,12.56,12.88,12.54,46800000.0,0.0096
2018-01-20,0,0,0,0,0,0
2018-01-21,0,0,0,0,0,0
2018-01-22,12.65,12.61,12.74,12.37,34760000.0,0.0048
2018-01-23,12.94,12.82,12.99,12.76,46420000.0,0.0229
2018-01-24,12.71,13.02,13.05,12.6,41960000.0,-0.0178
2018-01-25,12.41,12.78,12.94,12.32,42970000.0,-0.0236
2018-01-26,12.95,12.7,12.95,12.62,44240000.0,0.0435
2018-01-27,0,0,0,0,0,0
2018-01-28,0,0,0,0,0,0
2018-01-29,13.32,13.13,13.47,13.05,66650000.00000001,0.0286
2018-01-30,12.87,13.12,13.27,12.69,91240000.0,-0.0338
2018-01-31,13.74,13.24,13.85,13.15,140980000.0,0.0676
2018-02-01,13.25,13.62,13.84,13.21,67540000.0,-0.035699999999999996
2018-02-02,12.45,13.05,13.06,12.43,79430000.0,-0.0604
2018-02-03,0,0,0,0,0,0
2018-02-04,0,0,0,0,0,0
2018-02-05,11.57,12.05,12.18,10.93,116570000.0,-0.0707
2018-02-06,11.65,11.04,11.74,11.0,87120000.0,0.0069
2018-02-07,11.6,11.7,11.9,11.53,55760000.0,-0.0043
2018-02-08,11.22,11.72,11.85,11.21,56470000.0,-0.032799999999999996
2018-02-09,11.31,11.54,11.57,10.63,85460000.0,0.008
2018-02-10,0,0,0,0,0,0
2018-02-11,0,0,0,0,0,0
2018-02-12,11.68,11.47,11.8,11.43,63160000.0,0.0327
2018-02-13,11.78,11.6,11.82,11.53,33660000.0,0.0086
2018-02-14,12.2,11.72,12.31,11.63,51760000.0,0.035699999999999996
2018-02-15,12.19,12.4,12.63,12.07,59590000.0,-0.0008
2018-02-16,11.82,12.11,12.23,11.82,47330000.0,-0.0304
2018-02-17,0,0,0,0,0,0
2018-02-18,0,0,0,0,0,0
2018-02-19,0,0,0,0,0,0
2018-02-20,12.02,11.72,12.19,11.71,47100000.0,0.0169
2018-02-21,11.72,12.12,12.12,11.72,40200000.0,-0.025
2018-02-22,11.84,11.82,11.99,11.63,37890000.0,0.0102
2018-02-23,12.07,11.95,12.16,11.94,33320000.0,0.0194
2018-02-24,0,0,0,0,0,0
2018-02-25,0,0,0,0,0,0
2018-02-26,12.42,12.14,12.43,12.05,42270000.0,0.028999999999999998
2018-02-27,12.53,12.43,12.88,12.39,55980000.0,0.0089
2018-02-28,12.11,12.66,12.73,12.1,43390000.0,-0.0335
2018-03-01,11.9,12.26,12.27,11.66,63210000.0,-0.0173
2018-03-02,11.81,11.67,11.93,11.43,58120000.0,-0.0076
2018-03-03,0,0,0,0,0,0
2018-03-04,0,0,0,0,0,0
2018-03-05,11.91,11.69,12.06,11.61,43730000.0,0.0085
2018-03-06,11.76,12.01,12.05,11.71,46750000.0,-0.0126
2018-03-07,12.24,11.58,12.82,11.55,127600000.0,0.0408
2018-03-08,11.97,12.4,12.59,11.74,76010000.0,-0.022099999999999998
2018-03-09,11.7,12.03,12.04,11.58,89670000.0,-0.0226
2018-03-10,0,0,0,0,0,0
2018-03-11,0,0,0,0,0,0
2018-03-12,11.52,11.76,11.82,11.48,83750000.0,-0.0154
2018-03-13,11.64,11.5,12.03,11.1,174300000.0,0.0104
2018-03-14,11.36,11.7,11.72,11.26,80540000.0,-0.0241
2018-03-15,11.46,11.43,11.55,11.19,66370000.00000001,0.0088
2018-03-16,11.47,11.49,11.55,11.32,37590000.0,0.0009
2018-03-17,0,0,0,0,0,0
2018-03-18,0,0,0,0,0,0
2018-03-19,11.43,11.41,11.74,11.35,53310000.0,-0.0034999999999999996
2018-03-20,11.11,11.41,11.52,11.0,65120000.00000001,-0.027999999999999997
2018-03-21,11.26,11.16,11.34,11.11,44690000.0,0.013500000000000002
2018-03-22,10.91,11.1,11.26,10.85,59940000.0,-0.0311
2018-03-23,10.63,10.91,10.97,10.57,54840000.0,-0.025699999999999997
2018-03-24,0,0,0,0,0,0
2018-03-25,0,0,0,0,0,0
2018-03-26,10.44,10.71,10.8,10.18,75880000.0,-0.0179
2018-03-27,10.0,10.51,10.59,9.9,68550000.0,-0.0421
2018-03-28,9.81,9.99,10.17,9.79,64830000.0,-0.019
2018-03-29,10.05,9.94,10.08,9.81,48680000.0,0.0245
2018-03-30,0,0,0,0,0,0
2018-03-31,0,0,0,0,0,0
2018-04-01,0,0,0,0,0,0
2018-04-02,9.53,9.99,10.14,9.51,64819999.99999999,-0.051699999999999996
2018-04-03,9.55,9.63,9.77,9.3,54890000.0,0.0021
2018-04-04,9.77,9.08,9.81,9.04,67360000.0,0.023
2018-04-05,10.02,10.05,10.2,9.91,65760000.00000001,0.0256
2018-04-06,9.61,9.83,10.1,9.5,51090000.0,-0.0409
2018-04-07,0,0,0,0,0,0
2018-04-08,0,0,0,0,0,0
2018-04-09,9.53,9.75,9.84,9.52,38380000.0,-0.0083
2018-04-10,9.98,9.75,10.04,9.71,43040000.0,0.0472
2018-04-11,9.82,9.87,10.03,9.79,29170000.0,-0.016
2018-04-12,10.08,9.98,10.1,9.82,47780000.0,0.0265
2018-04-13,9.93,10.2,10.22,9.88,38940000.0,-0.0149
2018-04-14,0,0,0,0,0,0
2018-04-15,0,0,0,0,0,0
2018-04-16,10.09,10.0,10.17,9.9,28880000.0,0.0161
2018-04-17,10.52,10.28,10.53,10.2,45360000.0,0.0426
2018-04-18,10.36,10.51,10.65,10.33,42450000.0,-0.0152
2018-04-19,10.11,10.18,10.33,9.99,57840000.0,-0.0241
2018-04-20,9.99,10.05,10.14,9.95,39010000.0,-0.011899999999999999
2018-04-21,0,0,0,0,0,0
2018-04-22,0,0,0,0,0,0
2018-04-23,10.04,10.09,10.19,9.97,42970000.0,0.005
2018-04-24,10.09,10.19,10.35,9.95,44990000.0,0.005
2018-04-25,9.71,10.06,10.09,9.56,90580000.0,-0.0377
2018-04-26,11.04,10.87,11.19,10.61,145280000.0,0.13699999999999998
2018-04-27,11.11,11.2,11.36,11.02,74350000.0,0.0063
2018-04-28,0,0,0,0,0,0
2018-04-29,0,0,0,0,0,0
2018-04-30,10.88,11.06,11.14,10.87,50610000.0,-0.0207
2018-05-01,11.13,10.83,11.15,10.77,43440000.0,0.023
2018-05-02,10.97,11.1,11.15,10.97,29270000.0,-0.0144
2018-05-03,10.93,10.9,11.06,10.83,33310000.000000004,-0.0036
2018-05-04,11.28,10.88,11.29,10.87,47880000.0,0.032
2018-05-05,0,0,0,0,0,0
2018-05-06,0,0,0,0,0,0
2018-05-07,11.59,11.32,11.68,11.3,54000000.0,0.0275
2018-05-08,11.61,11.49,11.66,11.4,35220000.0,0.0017000000000000001
2018-05-09,11.95,11.65,11.98,11.57,49610000.0,0.029300000000000003
2018-05-10,12.13,11.98,12.18,11.95,49740000.0,0.0151
2018-05-11,11.95,11.89,12.03,11.69,43860000.0,-0.0148
2018-05-12,0,0,0,0,0,0
2018-05-13,0,0,0,0,0,0
2018-05-14,12.23,12.14,12.36,12.11,50260000.0,0.023399999999999997
2018-05-15,12.45,12.18,12.46,12.16,44180000.0,0.018000000000000002
2018-05-16,12.82,12.64,12.98,12.62,73360000.0,0.0297
2018-05-17,12.82,12.79,12.9,12.66,38690000.0,0.0
2018-05-18,13.0,13.06,13.26,12.91,54060000.0,0.013999999999999999
2018-05-19,0,0,0,0,0,0
2018-05-20,0,0,0,0,0,0
2018-05-21,12.99,13.25,13.31,12.88,49710000.0,-0.0008
2018-05-22,12.98,13.0,13.14,12.71,43270000.0,-0.0008
2018-05-23,13.1,12.93,13.18,12.9,44520000.0,0.0092
2018-05-24,13.41,13.06,13.43,13.03,47790000.0,0.023700000000000002
2018-05-25,13.54,13.4,13.72,13.36,43850000.0,0.0097
2018-05-26,0,0,0,0,0,0
2018-05-27,0,0,0,0,0,0
2018-05-28,0,0,0,0,0,0
2018-05-29,13.36,13.45,13.63,13.26,39580000.0,-0.013300000000000001
2018-05-30,13.82,13.48,13.95,13.48,58190000.0,0.0344
2018-05-31,13.73,13.74,13.93,13.69,46800000.0,-0.006500000000000001
2018-06-01,14.4,13.98,14.4,13.92,71680000.0,0.048799999999999996
2018-06-02,0,0,0,0,0,0
2018-06-03,0,0,0,0,0,0
2018-06-04,14.85,14.76,14.98,14.52,74550000.0,0.0313
2018-06-05,14.85,14.85,14.92,14.63,56120000.0,0.0
2018-06-06,15.67,15.07,15.74,15.04,97090000.0,0.0552
2018-06-07,14.89,15.83,15.97,14.85,99860000.0,-0.049800000000000004
2018-06-08,15.25,14.52,15.33,14.31,81930000.0,0.0242
2018-06-09,0,0,0,0,0,0
2018-06-10,0,0,0,0,0,0
2018-06-11,15.73,15.21,15.89,15.01,80740000.0,0.0315
2018-06-12,15.85,15.84,15.95,15.43,67000000.0,0.0076
2018-06-13,16.32,15.81,16.52,15.78,90230000.0,0.0297
2018-06-14,16.25,16.62,16.79,15.58,113050000.0,-0.0043
2018-06-15,16.34,16.06,16.52,15.82,77610000.0,0.0055000000000000005
2018-06-16,0,0,0,0,0,0
2018-06-17,0,0,0,0,0,0
2018-06-18,17.11,16.18,17.34,16.13,104320000.0,0.0471
2018-06-19,16.69,16.85,17.29,16.31,92540000.0,-0.0245
2018-06-20,16.52,16.83,17.13,16.37,76280000.0,-0.0102
2018-06-21,15.65,16.65,16.87,15.46,95640000.0,-0.0527
2018-06-22,15.8,15.78,15.91,15.56,59260000.0,0.0096
2018-06-23,0,0,0,0,0,0
2018-06-24,0,0,0,0,0,0
2018-06-25,15.11,15.64,15.74,14.54,94420000.0,-0.0437
2018-06-26,15.5,15.32,15.6,15.1,54210000.0,0.0258
2018-06-27,14.97,15.65,15.76,14.96,56010000.0,-0.0342
2018-06-28,15.31,14.85,15.36,14.75,48720000.0,0.0227
2018-06-29,14.99,15.41,15.49,14.98,41530000.0,-0.0209
2018-06-30,0,0,0,0,0,0
2018-07-01,0,0,0,0,0,0
2018-07-02,15.16,14.8,15.18,14.74,43400000.0,0.0113
2018-07-03,15.0,15.21,15.34,14.96,32090000.000000004,-0.0106
2018-07-04,0,0,0,0,0,0
2018-07-05,15.5,15.13,15.5,15.02,40700000.0,0.0333
2018-07-06,16.36,15.52,16.39,15.48,65099999.99999999,0.0555
2018-07-07,0,0,0,0,0,0
2018-07-08,0,0,0,0,0,0
2018-07-09,16.61,16.73,16.84,16.17,58530000.0,0.015300000000000001
2018-07-10,16.55,16.59,16.65,16.31,37090000.0,-0.0036
2018-07-11,16.27,16.15,16.53,16.02,42540000.0,-0.0169
2018-07-12,16.56,16.41,16.79,16.38,44190000.0,0.0178
2018-07-13,16.27,16.68,16.69,16.22,40700000.0,-0.0175
2018-07-14,0,0,0,0,0,0
2018-07-15,0,0,0,0,0,0
2018-07-16,16.58,16.42,17.0,16.41,65280000.0,0.0191
2018-07-17,16.87,16.5,16.88,16.48,42310000.0,0.0175
2018-07-18,16.85,16.94,16.99,16.55,40880000.0,-0.0012
2018-07-19,16.71,16.71,16.88,16.55,41270000.0,-0.0083
2018-07-20,16.5,16.66,16.88,16.44,42910000.0,-0.0126
2018-07-21,0,0,0,0,0,0
2018-07-22,0,0,0,0,0,0
2018-07-23,16.66,16.47,16.68,15.9,44940000.0,0.0097
2018-07-24,16.19,16.75,16.86,16.11,58200000.0,-0.0282
2018-07-25,16.05,16.3,16.39,15.72,83640000.0,-0.0086
2018-07-26,18.35,17.16,18.45,16.83,192660000.0,0.1433
2018-07-27,18.94,19.07,19.88,18.31,161900000.0,0.0322
2018-07-28,0,0,0,0,0,0
2018-07-29,0,0,0,0,0,0
2018-07-30,19.42,19.4,20.18,19.31,160820000.0,0.0253
2018-07-31,18.33,19.35,19.5,18.27,118400000.0,-0.056100000000000004
2018-08-01,18.48,18.34,18.95,18.32,75500000.0,0.008199999999999999
2018-08-02,18.79,18.17,18.83,18.0,52870000.0,0.0168
2018-08-03,18.49,18.94,19.06,18.37,53230000.0,-0.016
2018-08-04,0,0,0,0,0,0
2018-08-05,0,0,0,0,0,0
2018-08-06,19.43,18.89,19.44,18.46,83580000.0,0.0508
2018-08-07,19.56,19.53,19.71,19.08,72820000.0,0.0067
2018-08-08,19.58,19.46,19.77,19.25,52080000.0,0.001
2018-08-09,19.1,19.58,19.71,19.08,46650000.0,-0.0245
2018-08-10,19.06,19.09,19.48,18.85,65819999.99999999,-0.0021
2018-08-11,0,0,0,0,0,0
2018-08-12,0,0,0,0,0,0
2018-08-13,19.73,19.16,19.93,19.12,81410000.0,0.0352
2018-08-14,20.02,19.97,20.28,19.63,89200000.0,0.0147
2018-08-15,19.7,19.86,20.1,19.2,86360000.0,-0.016
2018-08-16,19.33,19.86,20.07,19.25,69730000.0,-0.018799999999999997
2018-08-17,19.77,19.12,19.82,18.73,60620000.0,0.022799999999999997
2018-08-18,0,0,0,0,0,0
2018-08-19,0,0,0,0,0,0
2018-08-20,19.98,19.79,20.08,19.35,62980000.0,0.0106
2018-08-21,20.4,19.98,20.42,19.86,55630000.0,0.021
2018-08-22,20.9,20.28,20.92,20.21,62000000.0,0.0245
2018-08-23,22.29,21.19,22.32,21.14,113440000.0,0.0665
2018-08-24,23.98,22.91,24.0,22.67,164330000.0,0.0758
2018-08-25,0,0,0,0,0,0
2018-08-26,0,0,0,0,0,0
2018-08-27,25.26,24.94,27.3,24.63,325060000.0,0.053399999999999996
2018-08-28,25.05,25.51,26.18,24.04,215770000.0,-0.0083
2018-08-29,25.2,24.36,25.41,24.01,143220000.0,0.006
2018-08-30,24.89,25.29,25.67,24.76,103610000.0,-0.0123
2018-08-31,25.17,24.89,25.24,24.72,65209999.99999999,0.011200000000000002
2018-09-01,0,0,0,0,0,0
2018-09-02,0,0,0,0,0,0
2018-09-03,0,0,0,0,0,0
2018-09-04,28.06,25.62,28.11,25.57,192540000.0,0.1148
2018-09-05,28.51,29.41,29.94,26.84,257350000.00000003,0.016
2018-09-06,27.84,28.12,28.58,27.19,143940000.0,-0.0235
2018-09-07,27.38,26.96,28.27,26.8,123350000.0,-0.0165
2018-09-08,0,0,0,0,0,0
2018-09-09,0,0,0,0,0,0
2018-09-10,29.89,28.15,29.92,27.84,162250000.0,0.0917
2018-09-11,30.1,30.02,30.59,29.37,159900000.0,0.006999999999999999
2018-09-12,32.21,29.91,32.29,29.45,197890000.0,0.0701
2018-09-13,30.48,33.16,34.14,29.87,304150000.0,-0.0537
2018-09-14,32.72,31.43,33.09,30.54,217760000.0,0.0735
2018-09-15,0,0,0,0,0,0
2018-09-16,0,0,0,0,0,0
2018-09-17,32.43,31.75,33.23,31.6,180410000.0,-0.0089
2018-09-18,31.93,32.99,33.37,31.2,176670000.0,-0.0154
2018-09-19,31.21,31.52,31.83,30.51,124290000.0,-0.0225
2018-09-20,31.18,32.1,32.2,30.64,123120000.0,-0.001
2018-09-21,31.02,31.19,32.42,30.91,129789999.99999999,-0.0051
2018-09-22,0,0,0,0,0,0
2018-09-23,0,0,0,0,0,0
2018-09-24,32.61,31.13,32.65,30.91,118330000.0,0.0513
2018-09-25,32.57,33.18,33.6,32.19,118570000.0,-0.0012
2018-09-26,32.19,32.4,32.6,31.72,79350000.0,-0.011699999999999999
2018-09-27,32.59,31.86,32.63,31.39,87930000.0,0.0124
2018-09-28,30.89,32.24,32.78,29.98,165450000.0,-0.052199999999999996
2018-09-29,0,0,0,0,0,0
2018-09-30,0,0,0,0,0,0
2018-10-01,31.42,30.69,31.91,30.25,94740000.0,0.0172
2018-10-02,29.02,30.73,30.82,28.65,145280000.0,-0.0764
2018-10-03,28.43,29.03,29.22,26.54,190140000.0,-0.0203
2018-10-04,27.78,27.99,28.83,27.37,95830000.0,-0.0229
2018-10-05,27.35,28.07,28.47,26.93,88010000.0,-0.0155
2018-10-06,0,0,0,0,0,0
2018-10-07,0,0,0,0,0,0
2018-10-08,26.46,26.73,27.54,25.96,103790000.0,-0.0325
2018-10-09,27.24,26.15,27.71,26.0,105460000.0,0.029500000000000002
2018-10-10,25.0,27.38,27.4,24.91,147680000.0,-0.08220000000000001
2018-10-11,25.3,24.74,26.2,24.55,147010000.0,0.012
2018-10-12,26.34,26.77,26.97,25.67,111060000.0,0.041100000000000005
2018-10-13,0,0,0,0,0,0
2018-10-14,0,0,0,0,0,0
2018-10-15,26.26,26.38,26.77,25.75,70520000.0,-0.003
2018-10-16,28.18,26.63,28.23,26.17,92530000.0,0.0731
2018-10-17,27.3,28.41,28.53,26.92,89470000.0,-0.031200000000000002
2018-10-18,26.62,27.08,27.75,26.4,79620000.0,-0.024900000000000002
2018-10-19,23.66,27.03,27.1,23.6,130800000.00000001,-0.1112
2018-10-20,0,0,0,0,0,0
2018-10-21,0,0,0,0,0,0
2018-10-22,25.03,24.46,25.64,24.09,114160000.0,0.0579
2018-10-23,25.09,24.18,25.26,23.85,101760000.0,0.0024
2018-10-24,22.79,25.04,25.1,22.75,134490000.0,-0.0917
2018-10-25,19.27,17.92,20.15,17.72,189170000.0,-0.1545
2018-10-26,17.63,18.49,18.78,17.05,119690000.0,-0.0851
2018-10-27,0,0,0,0,0,0
2018-10-28,0,0,0,0,0,0
2018-10-29,16.85,18.21,18.23,16.27,94480000.0,-0.044199999999999996
2018-10-30,17.2,16.38,17.24,16.17,99050000.0,0.0208
2018-10-31,18.21,17.87,18.34,17.12,110460000.0,0.0587
2018-11-01,20.22,18.41,20.33,18.08,136900000.0,0.1104
2018-11-02,20.23,20.59,21.06,19.47,123790000.0,0.0005
2018-11-03,0,0,0,0,0,0
2018-11-04,0,0,0,0,0,0
2018-11-05,19.9,20.12,20.18,18.88,108020000.0,-0.0163
2018-11-06,20.68,19.5,21.65,19.48,145000000.0,0.0392
2018-11-07,21.84,21.42,22.22,21.07,121120000.0,0.056100000000000004
2018-11-08,21.2,21.77,22.08,20.97,92390000.0,-0.029300000000000003
2018-11-09,21.03,20.77,21.19,20.11,85900000.0,-0.008
2018-11-10,0,0,0,0,0,0
2018-11-11,0,0,0,0,0,0
2018-11-12,19.03,20.68,20.85,18.8,95950000.0,-0.0951
2018-11-13,19.61,19.28,20.02,18.97,76130000.0,0.0305
2018-11-14,20.81,20.18,21.11,19.76,106340000.0,0.061200000000000004
2018-11-15,21.49,20.72,21.77,20.42,97720000.0,0.0327
2018-11-16,20.66,19.87,20.97,19.72,112380000.0,-0.038599999999999995
2018-11-17,0,0,0,0,0,0
2018-11-18,0,0,0,0,0,0
2018-11-19,19.11,20.4,20.59,19.09,93580000.0,-0.075
2018-11-20,19.21,17.4,19.58,17.18,109870000.0,0.0052
2018-11-21,18.73,20.05,20.31,18.5,81590000.0,-0.025
2018-11-22,0,0,0,0,0,0
2018-11-23,19.38,18.61,19.83,18.56,54610000.0,0.0347
2018-11-24,0,0,0,0,0,0
2018-11-25,0,0,0,0,0,0
2018-11-26,20.08,19.96,20.19,19.11,83210000.0,0.0361
2018-11-27,21.05,19.77,21.45,19.73,119230000.0,0.0483
2018-11-28,21.34,21.82,21.88,20.18,134430000.0,0.0138
2018-11-29,21.43,21.19,21.61,20.73,79850000.0,0.0042
2018-11-30,21.3,21.3,21.36,20.52,82370000.0,-0.0060999999999999995
2018-12-01,0,0,0,0,0,0
2018-12-02,0,0,0,0,0,0
2018-12-03,23.71,22.48,23.75,22.37,139610000.0,0.1131
2018-12-04,21.12,23.35,23.42,21.07,127390000.0,-0.1092
2018-12-05,0,0,0,0,0,0
2018-12-06,21.3,20.22,21.41,20.06,103430000.0,0.0085
2018-12-07,19.46,21.3,21.38,19.17,105760000.0,-0.0864
2018-12-08,0,0,0,0,0,0
2018-12-09,0,0,0,0,0,0
2018-12-10,19.99,19.35,20.13,19.27,77980000.0,0.027200000000000002
2018-12-11,19.98,20.71,21.14,19.69,88030000.0,-0.0005
2018-12-12,20.48,20.32,21.02,19.71,100340000.0,0.025
2018-12-13,19.86,20.63,20.86,19.76,88110000.0,-0.030299999999999997
2018-12-14,19.9,19.58,20.7,19.52,84710000.0,0.002
2018-12-15,0,0,0,0,0,0
2018-12-16,0,0,0,0,0,0
2018-12-17,18.83,20.01,20.02,18.64,115440000.0,-0.0538
2018-12-18,19.5,19.15,19.84,18.88,101510000.0,0.0356
2018-12-19,18.16,19.44,19.72,18.0,120640000.0,-0.0687
2018-12-20,17.94,18.11,18.86,17.34,119390000.0,-0.0121
2018-12-21,16.93,18.12,18.34,16.76,132250000.0,-0.056299999999999996
2018-12-22,0,0,0,0,0,0
2018-12-23,0,0,0,0,0,0
2018-12-24,16.65,16.52,17.22,16.37,62930000.0,-0.0165
2018-12-25,0,0,0,0,0,0
2018-12-26,17.9,16.88,17.91,16.03,108810000.0,0.0751
2018-12-27,17.49,17.43,17.74,16.44,111370000.0,-0.0229
2018-12-28,17.82,17.53,18.31,17.14,109210000.0,0.0189
2018-12-29,0,0,0,0,0,0
2018-12-30,0,0,0,0,0,0
2018-12-31,18.46,18.15,18.51,17.85,84730000.0,0.0359
2019-01-01,0,0,0,0,0,0
2019-01-02,18.83,18.01,19.0,17.98,87150000.0,0.02
2019-01-03,17.05,18.42,18.68,16.94,117280000.0,-0.09449999999999999
2019-01-04,19.0,17.55,19.07,17.43,111880000.0,0.1144
2019-01-05,0,0,0,0,0,0
2019-01-06,0,0,0,0,0,0
2019-01-07,20.57,19.44,20.68,19.0,107160000.0,0.08259999999999999
2019-01-08,20.75,21.19,21.2,19.68,121270000.0,0.0088
2019-01-09,20.19,20.89,21.44,20.07,163940000.0,-0.027000000000000003
2019-01-10,19.74,19.76,19.83,18.9,115630000.0,-0.0223
2019-01-11,20.27,19.47,20.35,19.19,85110000.0,0.0268
2019-01-12,0,0,0,0,0,0
2019-01-13,0,0,0,0,0,0
2019-01-14,20.23,19.96,20.62,19.75,71350000.0,-0.002
2019-01-15,20.38,20.44,20.68,20.26,62790000.0,0.0074
2019-01-16,19.73,20.4,20.54,19.71,70850000.0,-0.0319
2019-01-17,20.25,19.49,20.51,19.02,85020000.0,0.0264
2019-01-18,20.77,20.37,21.05,20.02,88130000.0,0.025699999999999997
2019-01-19,0,0,0,0,0,0
2019-01-20,0,0,0,0,0,0
2019-01-21,0,0,0,0,0,0
2019-01-22,19.76,20.48,20.92,19.7,78510000.0,-0.048600000000000004
2019-01-23,19.8,20.03,20.48,19.55,77810000.0,0.002
2019-01-24,20.85,20.06,21.01,20.04,97430000.0,0.053
2019-01-25,21.93,20.99,22.03,20.79,110560000.0,0.0518
2019-01-26,0,0,0,0,0,0
2019-01-27,0,0,0,0,0,0
2019-01-28,20.18,20.32,21.01,20.02,135160000.0,-0.07980000000000001
2019-01-29,19.25,20.26,20.39,19.05,131199999.99999999,-0.0461
2019-01-30,23.09,21.49,23.13,21.37,211420000.0,0.19949999999999998
2019-01-31,24.41,23.02,25.14,22.83,182580000.0,0.0572
2019-02-01,24.51,24.61,24.84,24.07,105360000.0,0.0040999999999999995
2019-02-02,0,0,0,0,0,0
2019-02-03,0,0,0,0,0,0
2019-02-04,24.13,24.43,24.66,24.07,70840000.0,-0.0155
2019-02-05,23.31,23.42,23.86,22.98,122230000.0,-0.034
2019-02-06,23.26,23.63,24.14,23.22,78680000.0,-0.0021
2019-02-07,22.67,22.99,23.22,22.32,86720000.0,-0.0254
2019-02-08,23.05,22.33,23.28,22.27,78130000.0,0.0168
2019-02-09,0,0,0,0,0,0
2019-02-10,0,0,0,0,0,0
2019-02-11,22.96,23.05,23.28,22.66,60580000.0,-0.0039000000000000003
2019-02-12,22.82,23.43,23.56,22.75,67600000.0,-0.0060999999999999995
2019-02-13,22.85,22.98,23.24,22.71,57540000.0,0.0013
2019-02-14,23.13,22.74,23.37,22.59,64440000.0,0.0123
2019-02-15,23.68,23.58,24.05,23.2,78640000.0,0.023799999999999998
2019-02-16,0,0,0,0,0,0
2019-02-17,0,0,0,0,0,0
2019-02-18,0,0,0,0,0,0
2019-02-19,23.95,23.62,24.41,23.61,57520000.0,0.011399999999999999
2019-02-20,23.95,24.14,24.37,23.9,57090000.0,0.0
2019-02-21,23.92,24.04,24.33,23.85,49610000.0,-0.0013
2019-02-22,24.36,24.05,24.36,23.88,52650000.0,0.0184
2019-02-23,0,0,0,0,0,0
2019-02-24,0,0,0,0,0,0
2019-02-25,24.71,25.01,25.52,24.68,63220000.0,0.0144
2019-02-26,24.21,24.65,24.72,24.15,48470000.0,-0.0202
2019-02-27,23.48,24.11,24.23,23.21,62650000.0,-0.0302
2019-02-28,23.53,23.21,23.67,23.11,39380000.0,0.0021
2019-03-01,23.68,23.97,24.19,23.45,48080000.0,0.0064
2019-03-02,0,0,0,0,0,0
2019-03-03,0,0,0,0,0,0
2019-03-04,23.37,23.89,24.13,23.01,48150000.0,-0.0131
2019-03-05,23.5,23.34,23.68,23.01,35460000.0,0.005600000000000001
2019-03-06,22.41,23.47,23.53,22.4,60480000.0,-0.0464
2019-03-07,22.08,22.33,22.41,21.73,52190000.0,-0.0147
2019-03-08,22.01,21.35,22.09,21.04,49970000.0,-0.0032
2019-03-09,0,0,0,0,0,0
2019-03-10,0,0,0,0,0,0
2019-03-11,22.96,22.15,23.07,21.98,54420000.0,0.0432
2019-03-12,23.49,23.1,23.8,22.78,56410000.0,0.0231
2019-03-13,23.38,23.66,24.15,23.35,56710000.0,-0.004699999999999999
2019-03-14,22.82,23.37,23.49,22.8,42820000.0,-0.024
2019-03-15,23.29,23.1,23.65,23.01,46520000.0,0.0206
2019-03-16,0,0,0,0,0,0
2019-03-17,0,0,0,0,0,0
2019-03-18,23.25,23.3,23.62,23.04,34730000.0,-0.0017000000000000001
2019-03-19,26.0,23.6,26.08,23.59,156050000.0,0.1183
2019-03-20,25.7,26.49,26.88,25.31,151290000.0,-0.0115
2019-03-21,27.89,25.78,28.11,25.71,129610000.00000001,0.0852
2019-03-22,26.37,27.54,27.75,26.33,115320000.0,-0.0545
2019-03-23,0,0,0,0,0,0
2019-03-24,0,0,0,0,0,0
2019-03-25,25.97,26.29,26.99,25.54,78440000.0,-0.0152
2019-03-26,25.69,26.69,26.98,25.46,75750000.0,-0.0108
2019-03-27,24.89,25.7,25.88,24.55,88590000.0,-0.0311
2019-03-28,25.06,25.1,25.56,24.65,64670000.0,0.0068000000000000005
2019-03-29,25.52,25.58,25.73,25.25,53500000.0,0.0184
2019-03-30,0,0,0,0,0,0
2019-03-31,0,0,0,0,0,0
2019-04-01,26.36,26.42,26.55,25.83,63000000.0,0.0329
2019-04-02,26.75,26.51,26.8,26.09,53360000.0,0.0148
2019-04-03,29.02,28.02,29.95,27.88,197650000.0,0.0849
2019-04-04,29.09,28.88,29.39,28.61,82190000.0,0.0024
2019-04-05,28.98,29.64,29.69,28.8,65660000.0,-0.0038
2019-04-06,0,0,0,0,0,0
2019-04-07,0,0,0,0,0,0
2019-04-08,28.53,28.69,28.95,28.18,58000000.0,-0.0155
2019-04-09,27.24,28.24,28.38,27.19,75540000.0,-0.0452
2019-04-10,27.83,27.46,28.12,27.32,64370000.00000001,0.0217
2019-04-11,27.79,27.81,28.05,27.46,44800000.0,-0.0014000000000000002
2019-04-12,27.85,28.21,28.38,27.66,41050000.0,0.0022
2019-04-13,0,0,0,0,0,0
2019-04-14,0,0,0,0,0,0
2019-04-15,27.33,27.8,27.84,26.96,40810000.0,-0.0187
2019-04-16,27.93,27.72,28.18,27.49,47340000.0,0.022000000000000002
2019-04-17,27.49,28.21,28.27,27.22,48240000.0,-0.0158
2019-04-18,27.68,27.6,27.88,27.34,39880000.0,0.0069
2019-04-19,0,0,0,0,0,0
2019-04-20,0,0,0,0,0,0
2019-04-21,0,0,0,0,0,0
2019-04-22,28.18,27.62,28.23,27.39,36480000.0,0.0181
2019-04-23,27.97,28.18,28.49,27.79,41780000.0,-0.0075
2019-04-24,28.46,28.1,28.85,27.93,51780000.0,0.0175
2019-04-25,27.66,28.67,28.86,27.36,57330000.0,-0.0281
2019-04-26,27.88,27.66,27.9,27.05,48830000.0,0.008
2019-04-27,0,0,0,0,0,0
2019-04-28,0,0,0,0,0,0
2019-04-29,27.69,27.9,28.14,27.5,44530000.0,-0.0068000000000000005
2019-04-30,27.63,27.59,27.8,26.94,73170000.0,-0.0022
2019-05-01,26.81,28.95,29.15,26.78,136070000.0,-0.0297
2019-05-02,28.29,26.94,28.64,26.61,100510000.0,0.0552
2019-05-03,28.22,28.3,28.42,27.66,55500000.0,-0.0025
2019-05-04,0,0,0,0,0,0
2019-05-05,0,0,0,0,0,0
2019-05-06,27.42,26.72,27.5,26.45,70340000.0,-0.028300000000000002
2019-05-07,26.66,27.2,27.35,26.21,75870000.0,-0.0277
2019-05-08,27.09,26.41,27.71,26.27,65970000.0,0.0161
2019-05-09,27.21,26.7,27.38,26.03,73150000.0,0.0044
2019-05-10,27.96,27.03,28.1,26.93,82930000.0,0.0276
2019-05-11,0,0,0,0,0,0
2019-05-12,0,0,0,0,0,0
2019-05-13,26.24,26.98,27.23,26.1,99020000.0,-0.061500000000000006
2019-05-14,27.32,26.53,27.48,26.15,82980000.0,0.0412
2019-05-15,27.58,26.87,27.79,26.73,55690000.0,0.0095
2019-05-16,28.01,27.37,28.37,27.27,67330000.0,0.015600000000000001
2019-05-17,27.5,27.69,28.46,27.4,65390000.0,-0.0182
2019-05-18,0,0,0,0,0,0
2019-05-19,0,0,0,0,0,0
2019-05-20,26.68,26.98,27.24,26.49,69760000.0,-0.0298
2019-05-21,27.35,27.18,27.37,26.93,46080000.0,0.025099999999999997
2019-05-22,27.41,27.12,27.59,27.07,40040000.0,0.0022
2019-05-23,26.36,26.99,27.1,26.03,67810000.0,-0.0383
2019-05-24,26.44,26.61,26.93,26.4,39840000.0,0.003
2019-05-25,0,0,0,0,0,0
2019-05-26,0,0,0,0,0,0
2019-05-27,0,0,0,0,0,0
2019-05-28,29.03,27.27,29.67,27.06,146950000.0,0.098
2019-05-29,28.09,29.0,29.32,27.73,99970000.0,-0.032400000000000005
2019-05-30,28.03,28.4,28.56,27.6,65290000.00000001,-0.0021
2019-05-31,27.41,27.57,28.36,27.4,68670000.0,-0.022099999999999998
2019-06-01,0,0,0,0,0,0
2019-06-02,0,0,0,0,0,0
2019-06-03,27.58,28.75,29.62,27.29,147530000.0,0.0062
2019-06-04,29.57,28.39,29.59,27.91,107550000.0,0.0722
2019-06-05,29.5,29.93,29.99,29.03,79480000.0,-0.0024
2019-06-06,31.82,29.87,31.98,29.84,131270000.00000001,0.0786
2019-06-07,32.41,31.94,32.6,31.57,86840000.0,0.018500000000000003
2019-06-08,0,0,0,0,0,0
2019-06-09,0,0,0,0,0,0
2019-06-10,33.23,33.53,34.3,33.08,97670000.0,0.0253
2019-06-11,32.41,33.43,33.49,31.82,82830000.0,-0.024700000000000003
2019-06-12,32.18,32.0,32.57,31.92,56300000.0,-0.0070999999999999995
2019-06-13,31.39,32.39,32.5,31.06,63560000.0,-0.0245
2019-06-14,30.36,30.7,30.96,30.02,70370000.0,-0.032799999999999996
2019-06-15,0,0,0,0,0,0
2019-06-16,0,0,0,0,0,0
2019-06-17,29.2,30.25,30.45,29.18,70870000.0,-0.0382
2019-06-18,30.45,29.76,30.97,29.58,86440000.0,0.042800000000000005
2019-06-19,30.5,30.66,30.79,30.06,63230000.0,0.0016
2019-06-20,30.01,31.24,31.36,29.84,72420000.0,-0.0161
2019-06-21,29.1,29.65,30.35,28.97,81860000.0,-0.030299999999999997
2019-06-22,0,0,0,0,0,0
2019-06-23,0,0,0,0,0,0
2019-06-24,29.26,29.32,29.4,28.67,55720000.0,0.0055000000000000005
2019-06-25,28.86,29.26,29.72,28.8,53680000.0,-0.0137
2019-06-26,29.92,29.98,30.48,29.78,65060000.0,0.036699999999999997
2019-06-27,30.74,30.41,30.96,30.21,55620000.0,0.0274
2019-06-28,30.37,31.08,31.11,30.33,50090000.0,-0.012
2019-06-29,0,0,0,0,0,0
2019-06-30,0,0,0,0,0,0
2019-07-01,31.2,31.79,32.04,30.87,60530000.0,0.0273
2019-07-02,31.24,30.96,31.26,30.73,37720000.0,0.0013
2019-07-03,31.19,31.13,31.33,30.74,23460000.0,-0.0016
2019-07-04,0,0,0,0,0,0
2019-07-05,31.5,30.88,31.56,30.75,34010000.0,0.009899999999999999
2019-07-06,0,0,0,0,0,0
2019-07-07,0,0,0,0,0,0
2019-07-08,32.04,31.8,32.15,31.26,49690000.0,0.0171
2019-07-09,33.15,31.76,33.18,31.71,61420000.0,0.0346
2019-07-10,33.79,33.56,34.03,33.36,60390000.0,0.019299999999999998
2019-07-11,33.06,33.91,34.0,32.76,63080000.0,-0.0216
2019-07-12,33.21,32.76,33.39,32.59,51510000.0,0.0045000000000000005
2019-07-13,0,0,0,0,0,0
2019-07-14,0,0,0,0,0,0
2019-07-15,34.39,33.34,34.55,33.27,65569999.99999999,0.0355
2019-07-16,33.85,34.3,34.86,33.8,66910000.0,-0.015700000000000002
2019-07-17,33.6,34.01,34.3,33.49,42560000.0,-0.0074
2019-07-18,33.0,33.03,33.46,32.42,58610000.0,-0.0179
2019-07-19,32.51,33.08,33.35,32.45,44620000.0,-0.0148
2019-07-20,0,0,0,0,0,0
2019-07-21,0,0,0,0,0,0
2019-07-22,32.85,32.8,33.31,32.73,37780000.0,0.0105
2019-07-23,33.49,33.17,33.5,32.93,38530000.0,0.0195
2019-07-24,34.11,33.64,34.36,33.45,41950000.0,0.018500000000000003
2019-07-25,33.67,34.05,34.25,33.62,36710000.0,-0.0129
2019-07-26,34.02,34.23,34.77,33.87,43500000.0,0.0104
2019-07-27,0,0,0,0,0,0
2019-07-28,0,0,0,0,0,0
2019-07-29,33.48,34.14,34.18,32.98,45920000.0,-0.0159
2019-07-30,33.87,33.21,33.94,32.94,72200000.0,0.0116
2019-07-31,30.45,32.08,32.3,30.3,119190000.0,-0.10099999999999999
2019-08-01,29.86,30.5,31.48,29.1,80880000.0,-0.0194
2019-08-02,29.44,29.48,29.73,28.94,60410000.0,-0.0141
2019-08-03,0,0,0,0,0,0
2019-08-04,0,0,0,0,0,0
2019-08-05,27.99,28.26,28.49,27.65,74330000.0,-0.0493
2019-08-06,28.86,28.86,29.05,28.2,60580000.0,0.0311
2019-08-07,29.19,28.47,29.28,28.37,58580000.0,0.011399999999999999
2019-08-08,33.92,31.53,34.27,31.48,167280000.0,0.162
2019-08-09,34.19,33.45,35.55,33.08,132479999.99999999,0.008
2019-08-10,0,0,0,0,0,0
2019-08-11,0,0,0,0,0,0
2019-08-12,32.43,34.16,34.65,32.08,106940000.0,-0.051500000000000004
2019-08-13,32.11,32.36,33.14,31.72,102580000.0,-0.009899999999999999
2019-08-14,30.24,31.0,31.05,29.51,127520000.0,-0.0582
2019-08-15,29.67,30.63,30.73,29.21,72610000.0,-0.018799999999999997
2019-08-16,31.18,30.3,31.48,30.21,71590000.0,0.0509
2019-08-17,0,0,0,0,0,0
2019-08-18,0,0,0,0,0,0
2019-08-19,31.48,32.0,32.19,31.42,67780000.0,0.0096
2019-08-20,30.72,30.94,31.3,30.45,48020000.0,-0.0241
2019-08-21,31.7,31.05,31.74,30.84,41640000.0,0.0319
2019-08-22,31.9,31.76,31.92,30.98,47740000.0,0.0063
2019-08-23,29.54,31.3,31.83,29.4,83930000.0,-0.07400000000000001
2019-08-24,0,0,0,0,0,0
2019-08-25,0,0,0,0,0,0
2019-08-26,30.28,30.34,30.72,29.94,50860000.0,0.025099999999999997
2019-08-27,30.2,30.6,30.89,29.6,53350000.0,-0.0026
2019-08-28,30.78,29.92,31.18,29.7,55900000.0,0.0192
2019-08-29,31.45,31.47,31.83,31.33,44490000.0,0.0218
2019-08-30,31.45,31.6,31.86,31.13,40350000.0,0.0
2019-08-31,0,0,0,0,0,0
2019-09-01,0,0,0,0,0,0
2019-09-02,0,0,0,0,0,0
2019-09-03,30.9,30.83,31.14,30.68,38080000.0,-0.0175
2019-09-04,30.95,31.32,31.83,30.85,46710000.0,0.0016
2019-09-05,31.5,31.79,32.05,31.12,57930000.0,0.0178
2019-09-06,30.56,31.5,31.51,30.48,51670000.0,-0.0298
2019-09-07,0,0,0,0,0,0
2019-09-08,0,0,0,0,0,0
2019-09-09,30.5,30.93,31.18,30.24,54410000.0,-0.002
2019-09-10,30.23,30.22,30.38,29.77,48600000.0,-0.0089
2019-09-11,29.76,30.38,30.43,29.51,50630000.0,-0.0155
2019-09-12,30.21,30.08,30.84,29.95,53620000.0,0.0151
2019-09-13,30.69,30.27,30.85,29.95,47760000.0,0.0159
2019-09-14,0,0,0,0,0,0
2019-09-15,0,0,0,0,0,0
2019-09-16,30.83,30.37,31.15,30.26,52250000.0,0.0046
2019-09-17,30.99,31.07,31.32,30.74,35130000.0,0.0052
2019-09-18,30.42,30.75,30.89,29.88,47280000.0,-0.0184
2019-09-19,30.29,30.57,30.96,30.14,41930000.0,-0.0043
2019-09-20,30.05,30.36,30.47,29.65,83560000.0,-0.0079
2019-09-21,0,0,0,0,0,0
2019-09-22,0,0,0,0,0,0
2019-09-23,30.64,30.12,30.8,30.07,45190000.0,0.0196
2019-09-24,29.52,30.54,30.75,29.29,73220000.0,-0.0366
2019-09-25,29.54,29.48,29.65,28.55,58690000.0,0.0007000000000000001
2019-09-26,29.47,29.67,29.77,29.0,41180000.0,-0.0024
2019-09-27,28.72,29.17,29.77,28.35,54140000.0,-0.0254
2019-09-28,0,0,0,0,0,0
2019-09-29,0,0,0,0,0,0
2019-09-30,28.99,28.89,29.05,28.36,40330000.0,0.009399999999999999
2019-10-01,28.76,29.05,29.54,28.64,37370000.0,-0.0079
2019-10-02,28.31,28.5,28.85,28.03,44050000.0,-0.015600000000000001
2019-10-03,28.68,28.28,28.78,27.43,56910000.0,0.0131
2019-10-04,29.01,28.83,29.06,28.57,34610000.0,0.0115
2019-10-05,0,0,0,0,0,0
2019-10-06,0,0,0,0,0,0
2019-10-07,28.93,28.9,29.63,28.84,39750000.0,-0.0028000000000000004
2019-10-08,28.23,28.55,28.64,27.92,44430000.0,-0.0242
2019-10-09,28.46,28.8,28.95,28.35,36320000.0,0.008100000000000001
2019-10-10,28.38,28.52,28.89,28.0,41170000.0,-0.0028000000000000004
2019-10-11,29.75,28.83,30.2,28.81,66629999.99999999,0.0483
2019-10-12,0,0,0,0,0,0
2019-10-13,0,0,0,0,0,0
2019-10-14,30.53,29.71,30.61,29.38,44820000.0,0.0262
2019-10-15,30.72,30.7,30.92,30.17,42140000.0,0.0062
2019-10-16,30.81,30.6,31.41,30.53,43060000.0,0.0029
2019-10-17,31.14,31.3,31.4,30.86,37010000.0,0.010700000000000001
2019-10-18,30.97,31.06,31.33,30.29,39710000.0,-0.0055000000000000005
2019-10-19,0,0,0,0,0,0
2019-10-20,0,0,0,0,0,0
2019-10-21,32.03,31.5,32.26,31.41,52650000.0,0.0342
2019-10-22,31.51,32.06,32.15,31.5,36860000.0,-0.016200000000000003
2019-10-23,31.36,31.09,31.65,30.83,26860000.0,-0.0048
2019-10-24,31.72,31.58,31.86,31.34,28450000.0,0.0115
2019-10-25,32.71,31.9,32.86,31.83,45370000.0,0.031200000000000002
2019-10-26,0,0,0,0,0,0
2019-10-27,0,0,0,0,0,0
2019-10-28,33.69,33.16,33.91,33.15,51220000.0,0.03
2019-10-29,33.03,33.73,33.9,32.7,78700000.0,-0.0196
2019-10-30,33.13,32.93,33.34,32.03,78230000.0,0.003
2019-10-31,33.93,32.98,34.34,32.82,67880000.0,0.0241
2019-11-01,34.89,34.37,35.0,34.1,64239999.99999999,0.028300000000000002
2019-11-02,0,0,0,0,0,0
2019-11-03,0,0,0,0,0,0
2019-11-04,36.29,35.19,36.45,34.76,83340000.0,0.0401
2019-11-05,36.15,36.56,37.18,35.98,84850000.0,-0.0039000000000000003
2019-11-06,35.93,36.06,36.48,35.52,51680000.0,-0.0060999999999999995
2019-11-07,36.28,36.52,36.99,36.03,54350000.0,0.0097
2019-11-08,36.29,36.06,36.58,36.0,39400000.0,0.0003
2019-11-09,0,0,0,0,0,0
2019-11-10,0,0,0,0,0,0
2019-11-11,36.31,35.96,36.66,35.58,43570000.0,0.0006
2019-11-12,36.71,36.43,37.13,36.4,58670000.0,0.011000000000000001
2019-11-13,37.52,36.65,37.96,36.58,69180000.0,0.022099999999999998
2019-11-14,38.35,37.51,38.5,37.36,65940000.0,0.022099999999999998
2019-11-15,38.56,38.94,39.37,38.34,63020000.0,0.0055000000000000005
2019-11-16,0,0,0,0,0,0
2019-11-17,0,0,0,0,0,0
2019-11-18,39.88,38.65,39.98,38.6,66330000.0,0.0342
2019-11-19,41.29,40.14,41.79,39.69,94600000.0,0.0354
2019-11-20,40.98,40.96,41.75,40.07,79970000.0,-0.0075
2019-11-21,39.52,40.42,40.71,38.64,88070000.0,-0.0356
2019-11-22,39.15,39.36,39.89,38.19,56930000.0,-0.009399999999999999
2019-11-23,0,0,0,0,0,0
2019-11-24,0,0,0,0,0,0
2019-11-25,39.79,39.5,40.17,39.49,45880000.0,0.0163
2019-11-26,38.99,39.3,39.48,38.81,43760000.0,-0.020099999999999996
2019-11-27,39.41,39.46,39.76,39.07,33730000.0,0.0108
2019-11-28,0,0,0,0,0,0
2019-11-29,39.15,39.1,39.52,39.02,17610000.0,-0.0066
2019-11-30,0,0,0,0,0,0
2019-12-01,0,0,0,0,0,0
2019-12-02,38.73,39.32,39.41,38.44,37940000.0,-0.010700000000000001
2019-12-03,38.9,37.34,38.93,37.15,52990000.0,0.0044
2019-12-04,39.69,39.38,39.82,39.13,44370000.0,0.0203
2019-12-05,39.62,39.95,40.22,39.55,35710000.0,-0.0018
2019-12-06,39.63,40.1,40.19,39.56,31150000.0,0.0003
2019-12-07,0,0,0,0,0,0
2019-12-08,0,0,0,0,0,0
2019-12-09,38.93,39.46,39.84,38.91,28040000.0,-0.0177
2019-12-10,39.44,39.2,39.73,38.82,33860000.0,0.0131
2019-12-11,39.47,39.44,39.61,39.04,31800000.0,0.0008
2019-12-12,42.59,39.4,42.62,39.25,87400000.0,0.079
2019-12-13,41.15,42.35,42.95,41.06,79990000.0,-0.0338
2019-12-14,0,0,0,0,0,0
2019-12-15,0,0,0,0,0,0
2019-12-16,42.35,41.73,42.98,41.73,58890000.0,0.0292
2019-12-17,42.77,42.51,43.1,42.15,44940000.0,0.009899999999999999
2019-12-18,42.3,42.79,43.06,42.24,39180000.0,-0.011000000000000001
2019-12-19,42.83,42.63,43.34,42.6,45950000.0,0.0125
2019-12-20,44.15,43.44,44.26,43.26,68220000.0,0.0308
2019-12-21,0,0,0,0,0,0
2019-12-22,0,0,0,0,0,0
2019-12-23,45.46,44.58,45.62,44.39,56070000.0,0.0297
2019-12-24,46.54,46.1,46.61,45.77,44430000.0,0.023799999999999998
2019-12-25,0,0,0,0,0,0
2019-12-26,46.63,46.99,47.31,45.66,57710000.0,0.0019
2019-12-27,46.18,46.85,46.88,45.98,36620000.0,-0.0097
2019-12-28,0,0,0,0,0,0
2019-12-29,0,0,0,0,0,0
2019-12-30,45.52,46.14,46.17,44.66,41240000.0,-0.0143
2019-12-31,45.86,45.07,46.09,44.92,31790000.0,0.0075
2020-01-01,0,0,0,0,0,0
2020-01-02,49.1,46.86,49.25,46.63,80770000.0,0.0706
2020-01-03,48.6,48.03,49.39,47.54,73360000.0,-0.0102
2020-01-04,0,0,0,0,0,0
2020-01-05,0,0,0,0,0,0
2020-01-06,48.39,48.02,48.86,47.86,48180000.0,-0.0043
2020-01-07,48.25,49.35,49.39,48.04,59940000.0,-0.0029
2020-01-08,47.83,47.85,48.3,47.14,53870000.0,-0.0087
2020-01-09,48.97,48.94,49.96,48.39,76650000.0,0.023799999999999998
2020-01-10,48.16,49.26,49.29,48.0,44220000.0,-0.0165
2020-01-11,0,0,0,0,0,0
2020-01-12,0,0,0,0,0,0
2020-01-13,48.74,48.66,48.86,48.24,34480000.0,0.012
2020-01-14,48.21,48.64,49.03,47.91,38690000.0,-0.0109
2020-01-15,48.55,48.23,49.08,48.12,40200000.0,0.0070999999999999995
2020-01-16,49.77,49.17,50.31,48.99,58900000.0,0.025099999999999997
2020-01-17,50.93,50.2,51.05,49.9,57720000.0,0.0233
2020-01-18,0,0,0,0,0,0
2020-01-19,0,0,0,0,0,0
2020-01-20,0,0,0,0,0,0
2020-01-21,51.05,50.96,51.81,50.7,49100000.0,0.0024
2020-01-22,51.43,51.63,51.88,51.2,40770000.0,0.0074
2020-01-23,51.71,51.34,51.74,50.74,40140000.0,0.0054
2020-01-24,50.35,52.28,52.81,49.47,80010000.0,-0.0263
2020-01-25,0,0,0,0,0,0
2020-01-26,0,0,0,0,0,0
2020-01-27,49.26,48.45,49.79,47.9,48880000.0,-0.0216
2020-01-28,50.53,50.03,50.85,49.48,62340000.0,0.0258
2020-01-29,47.51,47.84,48.07,46.1,112560000.0,-0.059800000000000006
2020-01-30,48.78,46.49,48.81,46.13,70460000.0,0.026699999999999998
2020-01-31,47.0,48.4,48.58,46.79,60320000.0,-0.0365
2020-02-01,0,0,0,0,0,0
2020-02-02,0,0,0,0,0,0
2020-02-03,48.02,46.4,48.1,46.23,47080000.0,0.0217
2020-02-04,49.45,49.21,49.75,48.61,46300000.0,0.0298
2020-02-05,49.84,50.29,50.42,49.31,42740000.0,0.0079
2020-02-06,49.32,48.8,49.39,47.63,48670000.0,-0.0104
2020-02-07,49.73,48.91,50.66,48.63,53110000.0,0.0083
2020-02-08,0,0,0,0,0,0
2020-02-09,0,0,0,0,0,0
2020-02-10,52.26,49.47,52.3,49.35,60970000.0,0.0509
2020-02-11,53.8,53.22,54.48,52.91,74720000.0,0.029500000000000002
2020-02-12,53.89,54.53,54.85,53.53,46000000.0,0.0017000000000000001
2020-02-13,54.53,53.43,55.03,53.34,51640000.0,0.011899999999999999
2020-02-14,55.31,55.19,55.4,54.56,52370000.0,0.0143
2020-02-15,0,0,0,0,0,0
2020-02-16,0,0,0,0,0,0
2020-02-17,0,0,0,0,0,0
2020-02-18,56.89,54.94,58.13,54.84,70350000.0,0.0286
2020-02-19,58.9,57.99,59.27,57.51,58600000.0,0.0353
2020-02-20,57.27,58.44,59.02,56.15,74200000.0,-0.0277
2020-02-21,53.28,56.71,56.8,52.89,88550000.0,-0.0697
2020-02-22,0,0,0,0,0,0
2020-02-23,0,0,0,0,0,0
2020-02-24,49.12,48.17,50.27,47.49,86620000.0,-0.0781
2020-02-25,47.57,51.14,51.24,47.12,88700000.0,-0.0316
2020-02-26,47.49,47.7,49.29,47.07,86900000.0,-0.0017000000000000001
2020-02-27,44.01,45.38,46.24,42.21,106420000.0,-0.0733
2020-02-28,45.48,41.35,46.15,41.04,100670000.0,0.0334
2020-02-29,0,0,0,0,0,0
2020-03-01,0,0,0,0,0,0
2020-03-02,47.46,47.42,47.68,44.66,102330000.0,0.0435
2020-03-03,46.75,49.03,50.2,45.67,141970000.0,-0.015
2020-03-04,50.11,48.25,50.14,47.21,93310000.0,0.0719
2020-03-05,48.11,48.68,49.72,47.51,98300000.0,-0.039900000000000005
2020-03-06,48.59,49.44,49.54,46.74,124590000.0,0.01
2020-03-07,0,0,0,0,0,0
2020-03-08,0,0,0,0,0,0
2020-03-09,43.27,43.03,46.34,42.51,80860000.0,-0.10949999999999999
2020-03-10,45.38,45.41,45.44,43.1,76230000.0,0.048799999999999996
2020-03-11,45.7,44.19,45.97,43.8,102320000.0,0.0070999999999999995
2020-03-12,39.01,42.0,42.5,39.0,107460000.0,-0.1464
2020-03-13,43.9,42.2,43.91,39.6,86690000.0,0.12539999999999998
2020-03-14,0,0,0,0,0,0
2020-03-15,0,0,0,0,0,0
2020-03-16,38.71,39.08,43.37,38.51,84550000.0,-0.1182
2020-03-17,41.88,40.19,42.88,38.3,92740000.0,0.0819
2020-03-18,39.12,39.54,41.93,36.76,106950000.0,-0.0659
2020-03-19,39.82,39.47,41.69,37.74,88940000.0,0.0179
2020-03-20,39.61,41.51,42.48,39.58,106860000.0,-0.0053
2020-03-21,0,0,0,0,0,0
2020-03-22,0,0,0,0,0,0
2020-03-23,41.64,40.62,42.32,38.95,101710000.0,0.0512
2020-03-24,46.22,44.02,46.8,44.02,106790000.0,0.11
2020-03-25,44.63,46.77,47.83,44.48,93760000.0,-0.0344
2020-03-26,47.5,45.82,47.5,45.41,73920000.0,0.0643
2020-03-27,46.58,46.18,47.97,45.92,74600000.0,-0.0194
2020-03-28,0,0,0,0,0,0
2020-03-29,0,0,0,0,0,0
2020-03-30,47.86,47.24,48.46,46.66,68490000.0,0.0275
2020-03-31,45.48,47.92,48.53,45.16,83480000.0,-0.049699999999999994
2020-04-01,43.66,44.18,46.85,43.16,92080000.0,-0.04
2020-04-02,44.49,43.4,45.28,43.1,79020000.0,0.019
2020-04-03,42.59,44.3,44.84,41.7,79340000.0,-0.042699999999999995
2020-04-04,0,0,0,0,0,0
2020-04-05,0,0,0,0,0,0
2020-04-06,47.52,44.3,47.58,44.06,82290000.0,0.1158
2020-04-07,47.56,48.96,49.65,46.67,102100000.0,0.0008
2020-04-08,48.79,48.07,49.0,47.61,64930000.00000001,0.0259
2020-04-09,48.38,49.65,50.25,47.72,80360000.0,-0.0084
2020-04-10,0,0,0,0,0,0
2020-04-11,0,0,0,0,0,0
2020-04-12,0,0,0,0,0,0
2020-04-13,50.94,48.47,51.07,48.23,64290000.00000001,0.0529
2020-04-14,54.93,52.24,55.14,52.11,85310000.0,0.0783
2020-04-15,54.99,53.73,55.57,53.41,83810000.0,0.0011
2020-04-16,56.95,55.96,58.08,55.63,103110000.0,0.0356
2020-04-17,56.6,57.35,57.76,55.55,76910000.0,-0.0060999999999999995
2020-04-18,0,0,0,0,0,0
2020-04-19,0,0,0,0,0,0
2020-04-20,56.97,55.98,58.63,55.85,72370000.0,0.006500000000000001
2020-04-21,52.92,56.9,57.73,51.41,123910000.0,-0.0711
2020-04-22,55.92,54.91,56.15,54.34,63160000.0,0.0567
2020-04-23,55.9,56.65,57.28,55.64,69660000.0,-0.0004
2020-04-24,56.18,55.1,56.78,54.42,72860000.0,0.005
2020-04-25,0,0,0,0,0,0
2020-04-26,0,0,0,0,0,0
2020-04-27,56.49,57.44,58.0,56.25,62570000.0,0.0055000000000000005
2020-04-28,55.51,57.16,57.35,55.3,80500000.0,-0.0173
2020-04-29,53.66,54.53,54.86,52.74,110800000.0,-0.0333
2020-04-30,52.39,53.43,54.29,52.03,65540000.00000001,-0.023700000000000002
2020-05-01,49.88,51.07,51.95,49.09,69560000.0,-0.0479
2020-05-02,0,0,0,0,0,0
2020-05-03,0,0,0,0,0,0
2020-05-04,52.56,49.81,52.61,49.73,62590000.0,0.0537
2020-05-05,52.19,53.43,53.51,51.29,56560000.0,-0.006999999999999999
2020-05-06,52.16,52.42,53.31,51.88,48140000.0,-0.0006
2020-05-07,51.95,52.93,52.97,51.62,48960000.0,-0.004
2020-05-08,53.19,52.15,53.27,51.81,40770000.0,0.0239
2020-05-09,0,0,0,0,0,0
2020-05-10,0,0,0,0,0,0
2020-05-11,55.74,52.9,55.89,52.75,68750000.0,0.0479
2020-05-12,53.76,56.21,56.58,53.75,55630000.0,-0.0355
2020-05-13,52.18,54.08,55.21,51.3,76820000.0,-0.0294
2020-05-14,54.51,52.15,54.52,51.63,73810000.0,0.0447
2020-05-15,54.2,53.32,54.43,52.88,66950000.0,-0.005699999999999999
2020-05-16,0,0,0,0,0,0
2020-05-17,0,0,0,0,0,0
2020-05-18,54.59,54.99,55.22,54.26,48680000.0,0.0072
2020-05-19,55.47,54.48,56.72,54.44,60390000.0,0.0161
2020-05-20,56.39,56.62,56.98,55.65,50890000.0,0.0166
2020-05-21,54.65,56.58,56.65,54.62,48500000.0,-0.030899999999999997
2020-05-22,55.17,54.77,55.37,53.78,43520000.0,0.0095
2020-05-23,0,0,0,0,0,0
2020-05-24,0,0,0,0,0,0
2020-05-25,0,0,0,0,0,0
2020-05-26,53.19,56.02,56.02,53.02,51620000.0,-0.0359
2020-05-27,52.74,53.24,53.24,49.12,102410000.0,-0.0085
2020-05-28,51.74,52.18,53.53,51.26,53750000.0,-0.019
2020-05-29,53.8,52.07,53.8,51.85,64950000.0,0.0398
2020-05-30,0,0,0,0,0,0
2020-05-31,0,0,0,0,0,0
2020-06-01,53.63,53.2,54.08,52.89,36950000.0,-0.0032
2020-06-02,53.54,53.45,53.56,52.02,42860000.0,-0.0017000000000000001
2020-06-03,52.73,53.64,53.64,52.34,46770000.0,-0.0151
2020-06-04,52.63,52.53,53.73,52.2,44870000.0,-0.0019
2020-06-05,53.1,52.99,53.57,52.08,53910000.0,0.0089
2020-06-06,0,0,0,0,0,0
2020-06-07,0,0,0,0,0,0
2020-06-08,52.97,53.33,53.33,52.3,39680000.0,-0.0024
2020-06-09,56.39,52.86,56.46,52.78,79920000.0,0.0646
2020-06-10,57.44,57.38,59.0,57.05,78720000.0,0.018600000000000002
2020-06-11,52.83,55.94,56.66,52.82,78720000.0,-0.0803
2020-06-12,53.5,55.01,55.6,52.11,71190000.0,0.0127
2020-06-13,0,0,0,0,0,0
2020-06-14,0,0,0,0,0,0
2020-06-15,54.68,52.51,54.72,52.42,56740000.0,0.022099999999999998
2020-06-16,54.46,55.82,56.05,53.64,50950000.0,-0.004
2020-06-17,54.55,54.71,55.81,54.31,45150000.0,0.0017000000000000001
2020-06-18,54.04,54.53,55.12,53.69,40350000.0,-0.009300000000000001
2020-06-19,54.23,54.41,55.46,53.81,52800000.0,0.0034999999999999996
2020-06-20,0,0,0,0,0,0
2020-06-21,0,0,0,0,0,0
2020-06-22,54.76,54.64,55.16,53.76,44700000.0,0.0098
2020-06-23,53.99,55.05,55.36,53.88,48090000.0,-0.0141
2020-06-24,52.39,53.91,54.73,51.98,53540000.0,-0.0296
2020-06-25,51.93,52.6,52.68,50.55,51130000.0,-0.0088
2020-06-26,50.1,51.85,51.95,49.45,65489999.99999999,-0.0352
2020-06-27,0,0,0,0,0,0
2020-06-28,0,0,0,0,0,0
2020-06-29,50.28,50.06,50.28,48.44,49910000.0,0.0036
2020-06-30,52.61,51.16,52.73,50.84,42280000.0,0.0463
2020-07-01,52.58,52.63,52.87,51.6,32369999.999999996,-0.0006
2020-07-02,52.34,53.03,53.19,52.05,29080000.0,-0.0046
2020-07-03,0,0,0,0,0,0
2020-07-04,0,0,0,0,0,0
2020-07-05,0,0,0,0,0,0
2020-07-06,53.4,52.83,53.51,52.34,36770000.0,0.0203
2020-07-07,52.93,53.28,54.17,52.86,32150000.0,-0.0088
2020-07-08,53.43,53.01,53.46,52.08,35610000.0,0.009399999999999999
2020-07-09,57.26,53.54,57.53,53.33,87220000.0,0.0717
2020-07-10,55.88,57.54,58.15,55.51,59840000.0,-0.0241
2020-07-11,0,0,0,0,0,0
2020-07-12,0,0,0,0,0,0
2020-07-13,53.59,56.7,58.34,53.4,57740000.0,-0.040999999999999995
2020-07-14,54.72,53.52,54.85,52.28,54890000.0,0.021099999999999997
2020-07-15,55.34,54.96,55.37,53.66,42360000.0,0.0113
2020-07-16,54.92,54.68,55.13,53.75,36890000.0,-0.0076
2020-07-17,55.04,55.31,55.81,54.68,34710000.0,0.0022
2020-07-18,0,0,0,0,0,0
2020-07-19,0,0,0,0,0,0
2020-07-20,57.46,55.23,57.53,54.83,45030000.0,0.044000000000000004
2020-07-21,57.0,57.83,58.44,56.33,44800000.0,-0.008
2020-07-22,61.79,57.09,62.0,56.97,135160000.0,0.084
2020-07-23,59.57,61.79,62.25,58.64,106830000.0,-0.0359
2020-07-24,69.4,64.18,69.94,64.05,205310000.0,0.165
2020-07-25,0,0,0,0,0,0
2020-07-26,0,0,0,0,0,0
2020-07-27,68.97,69.32,71.57,67.82,107920000.0,-0.0062
2020-07-28,67.61,67.94,69.8,67.06,94180000.0,-0.0197
2020-07-29,76.09,75.5,77.19,73.9,132970000.0,0.12539999999999998
2020-07-30,78.2,75.44,78.95,75.1,80290000.0,0.0277
2020-07-31,77.43,78.67,78.96,75.36,71700000.0,-0.0098
2020-08-01,0,0,0,0,0,0
2020-08-02,0,0,0,0,0,0
2020-08-03,77.67,78.35,78.44,77.17,42630000.0,0.0031
2020-08-04,85.04,78.07,85.77,78.02,155680000.0,0.0949
2020-08-05,85.31,85.01,86.32,83.37,65739999.99999999,0.0032
2020-08-06,86.71,85.49,86.96,84.81,53960000.0,0.016399999999999998
2020-08-07,84.85,86.67,87.29,82.67,66540000.00000001,-0.0215
2020-08-08,0,0,0,0,0,0
2020-08-09,0,0,0,0,0,0
2020-08-10,82.24,84.96,84.97,79.39,70540000.0,-0.0308
2020-08-11,76.88,80.48,80.53,76.2,77880000.0,-0.0652
2020-08-12,82.61,78.43,82.87,77.58,88610000.0,0.0745
2020-08-13,81.84,83.03,83.99,81.55,57410000.0,-0.009300000000000001
2020-08-14,81.3,81.81,83.24,80.88,42390000.0,-0.0066
2020-08-15,0,0,0,0,0,0
2020-08-16,0,0,0,0,0,0
2020-08-17,82.42,82.14,83.06,81.56,31450000.0,0.0138
2020-08-18,81.66,82.8,82.8,81.03,30970000.0,-0.0092
2020-08-19,81.09,81.7,81.8,80.47,37510000.0,-0.006999999999999999
2020-08-20,82.77,79.17,82.83,79.17,42950000.0,0.0207
2020-08-21,83.81,83.29,84.41,82.23,48280000.0,0.0126
2020-08-22,0,0,0,0,0,0
2020-08-23,0,0,0,0,0,0
2020-08-24,83.08,84.71,85.28,82.56,38040000.0,-0.0087
2020-08-25,86.35,83.25,86.61,82.43,49230000.0,0.0394
2020-08-26,86.02,87.07,87.67,85.2,47160000.0,-0.0038
2020-08-27,83.8,86.15,86.53,82.95,42190000.0,-0.0258
2020-08-28,85.55,84.3,86.04,84.19,40720000.0,0.0209
2020-08-29,0,0,0,0,0,0
2020-08-30,0,0,0,0,0,0
2020-08-31,90.82,85.31,92.64,85.25,90660000.0,0.0616
2020-09-01,92.18,91.92,92.51,90.19,55660000.0,0.015
2020-09-02,90.22,94.01,94.21,88.76,50370000.0,-0.0213
2020-09-03,82.54,87.76,88.39,81.62,87460000.0,-0.0851
2020-09-04,82.01,81.45,84.39,76.33,82270000.0,-0.0064
2020-09-05,0,0,0,0,0,0
2020-09-06,0,0,0,0,0,0
2020-09-07,0,0,0,0,0,0
2020-09-08,78.69,78.13,81.83,78.05,54960000.0,-0.0405
2020-09-09,81.91,81.4,82.44,79.29,54160000.0,0.0409
2020-09-10,78.98,83.26,83.26,78.4,51500000.0,-0.0358
2020-09-11,76.34,79.82,79.99,75.04,54760000.0,-0.0334
2020-09-12,0,0,0,0,0,0
2020-09-13,0,0,0,0,0,0
2020-09-14,77.9,76.88,78.81,76.27,47450000.0,0.0204
2020-09-15,78.93,77.66,80.33,76.0,57870000.0,0.0132
2020-09-16,76.66,79.44,79.7,76.58,38450000.0,-0.0288
2020-09-17,76.55,74.5,76.6,74.2,55620000.0,-0.0014000000000000002
2020-09-18,74.93,77.0,77.4,73.85,51080000.0,-0.0212
2020-09-19,0,0,0,0,0,0
2020-09-20,0,0,0,0,0,0
2020-09-21,77.94,74.27,77.96,73.96,61310000.0,0.04019999999999999
2020-09-22,77.7,78.35,78.75,75.28,56040000.0,-0.0031
2020-09-23,74.73,77.34,77.86,74.35,42330000.0,-0.0382
2020-09-24,75.82,74.29,77.24,74.01,57540000.0,0.0146
2020-09-25,78.06,76.35,78.2,74.67,48210000.0,0.029500000000000002
2020-09-26,0,0,0,0,0,0
2020-09-27,0,0,0,0,0,0
2020-09-28,79.48,79.11,79.57,77.56,48010000.0,0.0183
2020-09-29,81.77,79.55,82.53,79.51,61630000.0,0.0288
2020-09-30,81.99,81.79,82.94,80.7,51530000.0,0.0027
2020-10-01,84.86,83.07,85.24,82.9,52180000.0,0.035
2020-10-02,81.8,82.58,84.65,81.66,52860000.0,-0.0361
2020-10-03,0,0,0,0,0,0
2020-10-04,0,0,0,0,0,0
2020-10-05,86.15,82.55,86.28,82.55,47060000.0,0.053200000000000004
2020-10-06,84.48,86.4,87.23,83.56,52730000.0,-0.0194
2020-10-07,86.69,86.08,87.77,85.66,43050000.0,0.0262
2020-10-08,86.51,88.1,88.7,85.97,54240000.0,-0.0021
2020-10-09,83.1,84.74,85.75,82.35,80350000.0,-0.0394
2020-10-10,0,0,0,0,0,0
2020-10-11,0,0,0,0,0,0
2020-10-12,84.29,83.74,85.12,83.18,47670000.0,0.0143
2020-10-13,85.28,85.0,86.07,84.02,42760000.0,0.011699999999999999
2020-10-14,84.21,85.94,85.94,83.51,40450000.0,-0.0125
2020-10-15,83.13,83.51,84.71,82.46,33700000.0,-0.0128
2020-10-16,83.17,83.54,83.99,82.41,31470000.0,0.0005
2020-10-17,0,0,0,0,0,0
2020-10-18,0,0,0,0,0,0
2020-10-19,82.0,83.66,84.63,81.59,36690000.0,-0.0141
2020-10-20,81.56,82.13,82.67,80.67,38220000.0,-0.0054
2020-10-21,79.2,81.8,81.83,79.2,36430000.0,-0.028900000000000002
2020-10-22,79.42,79.61,80.82,78.42,38010000.0,0.0028000000000000004
2020-10-23,81.96,80.93,81.99,79.33,46560000.0,0.032
2020-10-24,0,0,0,0,0,0
2020-10-25,0,0,0,0,0,0
2020-10-26,0,0,0,0,0,0
2020-10-26,82.23,82.56,84.97,80.87,69420000.0,0.0033
2020-10-27,78.88,82.06,82.3,77.64,156670000.0,-0.0407
2020-10-28,76.4,78.63,78.87,75.79,76530000.0,-0.031400000000000004
2020-10-29,78.02,76.75,79.18,76.29,52780000.0,0.0212
2020-10-30,75.29,77.07,77.65,74.26,51410000.0,-0.035
2020-10-30,75.29,77.07,77.65,74.26,51430000.0,-0.035
2020-11-01,0,0,0,0,0,0
2020-11-02,0,0,0,0,0,0
2020-11-02,74.7,75.94,76.29,73.76,45760000.0,-0.0078000000000000005
2020-11-03,76.58,74.89,77.06,74.64,41230000.0,0.0252
