2015-01-02,25.47,26.79,26.79,24.8,102230.0,-0.033
2015-01-03,0,0,0,0,0,0
2015-01-04,0,0,0,0,0,0
2015-01-05,23.33,25.18,25.4,23.3,113510.0,-0.084
2015-01-06,21.8,23.41,23.73,20.82,163810.0,-0.06559999999999999
2015-01-07,22.67,22.45,23.4,22.01,66300.0,0.039900000000000005
2015-01-08,23.89,23.39,23.95,22.78,78670.0,0.0538
2015-01-09,23.98,23.78,24.18,23.02,84210.0,0.0038
2015-01-10,0,0,0,0,0,0
2015-01-11,0,0,0,0,0,0
2015-01-12,21.75,23.8,23.8,21.55,145960.0,-0.09300000000000001
2015-01-13,22.4,22.0,23.23,21.5,94130.0,0.029900000000000003
2015-01-14,23.0,21.99,23.0,21.74,64370.00000000001,0.0268
2015-01-15,21.5,23.29,23.29,21.14,65060.0,-0.0652
2015-01-16,20.49,21.6,21.76,20.01,111290.0,-0.047
2015-01-17,0,0,0,0,0,0
2015-01-18,0,0,0,0,0,0
2015-01-19,0,0,0,0,0,0
2015-01-20,18.23,20.43,20.5,17.7,206100.0,-0.1103
2015-01-21,19.23,18.15,19.28,17.96,50210.0,0.054900000000000004
2015-01-22,19.61,19.7,19.7,18.8,45750.0,0.019799999999999998
2015-01-23,19.33,19.75,19.86,18.87,53090.0,-0.0143
2015-01-24,0,0,0,0,0,0
2015-01-25,0,0,0,0,0,0
2015-01-26,19.36,19.5,20.05,19.02,38650.0,0.0016
2015-01-27,19.81,19.23,20.1,18.95,33470.0,0.0232
2015-01-28,19.53,19.68,20.04,19.44,77810.0,-0.0141
2015-01-29,19.21,19.76,19.85,18.93,51020.0,-0.016399999999999998
2015-01-30,19.68,18.92,20.0,18.92,34480.0,0.0245
2015-01-31,0,0,0,0,0,0
2015-02-01,0,0,0,0,0,0
2015-02-02,22.9,19.9,23.39,19.36,115630.0,0.1636
2015-02-03,23.34,23.34,24.5,22.92,102500.0,0.0192
2015-02-04,21.86,23.25,23.98,21.8,168770.0,-0.0634
2015-02-05,19.82,21.37,21.46,19.19,401530.0,-0.0933
2015-02-06,19.92,20.08,20.8,19.82,90630.0,0.005
2015-02-07,0,0,0,0,0,0
2015-02-08,0,0,0,0,0,0
2015-02-09,19.89,19.56,20.2,19.25,59850.0,-0.0015
2015-02-10,19.56,19.9,20.04,19.2,65390.0,-0.0166
2015-02-11,19.73,19.7,20.0,18.87,40740.0,0.0087
2015-02-12,21.25,19.65,22.29,19.61,184040.0,0.077
2015-02-13,21.04,21.5,21.62,20.74,59430.0,-0.009899999999999999
2015-02-14,0,0,0,0,0,0
2015-02-15,0,0,0,0,0,0
2015-02-16,0,0,0,0,0,0
2015-02-17,20.61,21.42,21.42,20.27,27250.0,-0.0204
2015-02-18,20.35,20.75,20.92,20.16,24450.0,-0.0126
2015-02-19,20.22,20.19,20.74,19.8,38070.0,-0.0064
2015-02-20,20.81,20.45,21.04,20.2,50070.0,0.0292
2015-02-21,0,0,0,0,0,0
2015-02-22,0,0,0,0,0,0
2015-02-23,20.7,21.05,21.08,20.42,23200.0,-0.0053
2015-02-24,20.6,21.13,22.02,20.27,81570.0,-0.0048
2015-02-25,20.53,20.49,20.95,20.01,76800.0,-0.0034000000000000002
2015-02-26,21.0,20.24,21.6,20.24,70360.0,0.0229
2015-02-27,22.37,21.55,22.9,21.55,217330.0,0.0652
2015-02-28,0,0,0,0,0,0
2015-03-01,0,0,0,0,0,0
2015-03-02,28.1,22.41,29.27,22.41,507040.0,0.2561
2015-03-03,26.46,28.19,28.5,25.12,261589.99999999997,-0.0584
2015-03-04,26.65,26.21,27.23,25.49,123650.0,0.0072
2015-03-05,26.89,26.91,27.23,26.33,143450.0,0.009000000000000001
2015-03-06,26.99,26.16,27.4,26.16,96620.0,0.0037
2015-03-07,0,0,0,0,0,0
2015-03-08,0,0,0,0,0,0
2015-03-09,24.86,27.39,27.39,24.66,111780.0,-0.0789
2015-03-10,22.41,24.85,24.85,22.19,225580.0,-0.0986
2015-03-11,22.95,22.26,23.37,22.26,84870.0,0.0241
2015-03-12,24.16,23.11,24.17,22.93,91700.0,0.0527
2015-03-13,23.57,23.95,23.95,23.07,54490.0,-0.024399999999999998
2015-03-14,0,0,0,0,0,0
2015-03-15,0,0,0,0,0,0
2015-03-16,21.87,23.58,23.84,21.12,149940.0,-0.0721
2015-03-17,24.15,22.0,24.75,22.0,159830.0,0.1043
2015-03-18,24.12,24.74,24.76,23.36,318860.0,-0.0012
2015-03-19,25.13,23.67,25.4,23.67,129199.99999999999,0.04190000000000001
2015-03-20,27.6,25.41,27.6,24.8,311780.0,0.0983
2015-03-21,0,0,0,0,0,0
2015-03-22,0,0,0,0,0,0
2015-03-23,27.15,27.0,27.6,26.46,184810.0,-0.0163
2015-03-24,28.46,27.29,28.92,27.2,224090.0,0.0483
2015-03-25,26.83,28.46,28.58,26.03,234010.0,-0.057300000000000004
2015-03-26,26.14,26.5,27.01,25.96,151170.0,-0.025699999999999997
2015-03-27,26.59,26.3,26.71,25.85,58750.0,0.0172
2015-03-28,0,0,0,0,0,0
2015-03-29,0,0,0,0,0,0
2015-03-30,26.34,26.76,26.9,25.74,119050.0,-0.009399999999999999
2015-03-31,26.51,26.25,26.6,26.02,50650.0,0.006500000000000001
2015-04-01,27.01,26.44,27.16,26.12,100280.0,0.0189
2015-04-02,26.41,26.92,27.18,26.37,144960.0,-0.0222
2015-04-03,0,0,0,0,0,0
2015-04-04,0,0,0,0,0,0
2015-04-05,0,0,0,0,0,0
2015-04-06,26.84,26.41,26.99,25.28,56820.0,0.0163
2015-04-07,26.57,26.75,26.88,25.94,74320.0,-0.0101
2015-04-08,26.14,26.86,27.24,25.99,135090.0,-0.016200000000000003
2015-04-09,27.09,26.0,27.98,26.0,277090.0,0.0363
2015-04-10,29.2,28.5,29.67,27.26,419010.0,0.0779
2015-04-11,0,0,0,0,0,0
2015-04-12,0,0,0,0,0,0
2015-04-13,30.35,29.21,30.82,28.76,221200.0,0.0394
2015-04-14,30.11,30.53,30.65,29.92,91230.0,-0.0079
2015-04-15,29.59,30.37,30.37,29.03,124050.0,-0.0173
2015-04-16,30.6,29.44,30.61,28.92,141630.0,0.0341
2015-04-17,31.09,30.0,31.45,29.5,159610.0,0.016
2015-04-18,0,0,0,0,0,0
2015-04-19,0,0,0,0,0,0
2015-04-20,29.78,31.53,31.79,29.37,120240.0,-0.0421
2015-04-21,29.03,29.83,29.83,28.79,115250.0,-0.0252
2015-04-22,29.06,29.0,29.74,28.93,50250.0,0.001
2015-04-23,28.86,29.01,29.91,28.43,165290.0,-0.0069
2015-04-24,29.0,28.86,29.7,28.71,95980.0,0.0049
2015-04-25,0,0,0,0,0,0
2015-04-26,0,0,0,0,0,0
2015-04-27,27.59,29.1,29.51,27.59,112180.0,-0.048600000000000004
2015-04-28,27.81,27.61,28.4,26.87,86880.0,0.008
2015-04-29,28.8,27.59,29.95,27.59,98340.0,0.0356
2015-04-30,27.45,28.94,28.94,27.2,88680.0,-0.046900000000000004
2015-05-01,27.12,27.05,27.15,26.0,109430.0,-0.012
2015-05-02,0,0,0,0,0,0
2015-05-03,0,0,0,0,0,0
2015-05-04,26.7,27.19,28.61,26.64,97870.0,-0.0155
2015-05-05,24.81,26.9,27.14,24.5,119190.0,-0.0708
2015-05-06,24.52,24.87,25.06,24.5,50010.0,-0.011699999999999999
2015-05-07,24.0,24.5,24.85,23.65,85020.0,-0.0212
2015-05-08,23.49,24.0,25.83,22.85,140570.0,-0.0213
2015-05-09,0,0,0,0,0,0
2015-05-10,0,0,0,0,0,0
2015-05-11,24.34,23.8,24.87,23.41,169540.0,0.0362
2015-05-12,25.86,24.39,26.41,24.34,114850.0,0.062400000000000004
2015-05-13,24.64,26.12,26.35,24.54,66840.0,-0.0472
2015-05-14,25.12,24.62,25.56,24.56,68340.0,0.0195
2015-05-15,25.5,24.9,25.61,24.54,37220.0,0.0151
2015-05-16,0,0,0,0,0,0
2015-05-17,0,0,0,0,0,0
2015-05-18,24.93,25.3,25.41,24.72,39620.0,-0.022400000000000003
2015-05-19,24.52,24.81,25.26,24.02,76000.0,-0.016399999999999998
2015-05-20,23.84,24.5,24.62,23.66,66540.0,-0.0277
2015-05-21,23.81,24.0,24.89,23.6,50840.0,-0.0013
2015-05-22,22.82,23.52,24.23,22.3,89100.0,-0.0416
2015-05-23,0,0,0,0,0,0
2015-05-24,0,0,0,0,0,0
2015-05-25,0,0,0,0,0,0
2015-05-26,22.23,22.78,22.79,21.32,136910.0,-0.0259
2015-05-27,22.51,22.32,22.55,22.0,55210.0,0.0126
2015-05-28,22.42,22.47,22.69,22.22,33230.0,-0.004
2015-05-29,22.04,22.5,22.54,21.98,27390.0,-0.0169
2015-05-30,0,0,0,0,0,0
2015-05-31,0,0,0,0,0,0
2015-06-01,22.1,22.9,22.9,21.69,55480.0,0.0027
2015-06-02,22.55,22.11,22.69,21.79,36050.0,0.0204
2015-06-03,23.55,22.65,23.6,22.63,44280.0,0.0443
2015-06-04,22.73,23.3,23.3,22.4,31560.0,-0.0348
2015-06-05,23.59,22.03,24.5,22.03,219360.0,0.0378
2015-06-06,0,0,0,0,0,0
2015-06-07,0,0,0,0,0,0
2015-06-08,22.68,23.69,23.69,22.56,46580.0,-0.038599999999999995
2015-06-09,22.02,22.81,22.81,21.26,65120.00000000001,-0.0291
2015-06-10,22.87,22.16,23.29,21.98,60270.0,0.038599999999999995
2015-06-11,23.08,22.82,23.49,22.65,51870.0,0.0092
2015-06-12,24.53,23.1,24.72,23.0,127200.0,0.06280000000000001
2015-06-13,0,0,0,0,0,0
2015-06-14,0,0,0,0,0,0
2015-06-15,24.7,24.22,24.9,24.07,40370.0,0.0069
2015-06-16,23.39,24.52,24.57,23.39,41180.0,-0.053
2015-06-17,23.65,23.73,23.8,23.2,49880.0,0.0111
2015-06-18,25.15,23.67,25.15,23.51,69070.0,0.0634
2015-06-19,25.91,24.8,25.91,23.69,166110.0,0.0302
2015-06-20,0,0,0,0,0,0
2015-06-21,0,0,0,0,0,0
2015-06-22,23.67,25.98,25.98,23.6,159630.0,-0.08650000000000001
2015-06-23,24.55,23.85,24.85,23.8,68870.0,0.037200000000000004
2015-06-24,23.97,24.56,24.66,23.95,23640.0,-0.0236
2015-06-25,24.1,24.25,24.6,23.88,74630.0,0.0054
2015-06-26,22.72,23.87,24.23,22.7,159340.0,-0.057300000000000004
2015-06-27,0,0,0,0,0,0
2015-06-28,0,0,0,0,0,0
2015-06-29,22.4,22.3,23.24,21.64,196390.0,-0.0141
2015-06-30,23.55,22.75,24.24,22.71,59580.0,0.0513
2015-07-01,23.43,23.83,24.41,22.88,43760.0,-0.0051
2015-07-02,22.34,23.56,23.56,22.08,81150.0,-0.04650000000000001
2015-07-03,0,0,0,0,0,0
2015-07-04,0,0,0,0,0,0
2015-07-05,0,0,0,0,0,0
2015-07-06,20.9,22.12,22.12,20.38,219670.0,-0.0645
2015-07-07,18.42,20.8,20.87,17.55,414610.0,-0.11869999999999999
2015-07-08,19.62,17.94,19.73,16.29,401270.0,0.06509999999999999
2015-07-09,20.32,20.66,21.78,19.79,252320.0,0.035699999999999996
2015-07-10,20.19,20.56,21.47,20.01,84930.0,-0.0064
2015-07-11,0,0,0,0,0,0
2015-07-12,0,0,0,0,0,0
2015-07-13,20.38,20.47,21.0,20.38,79720.0,0.009399999999999999
2015-07-14,21.13,20.51,21.44,20.51,69620.0,0.0368
2015-07-15,20.43,21.13,21.25,20.0,69430.0,-0.0331
2015-07-16,20.96,20.49,21.17,20.49,87040.0,0.0259
2015-07-17,20.51,21.08,21.08,20.23,47860.0,-0.0215
2015-07-18,0,0,0,0,0,0
2015-07-19,0,0,0,0,0,0
2015-07-20,20.41,20.5,21.16,20.16,90240.0,-0.0049
2015-07-21,19.97,20.5,20.52,19.85,61640.0,-0.0216
2015-07-22,18.99,19.75,19.76,18.83,46600.0,-0.049100000000000005
2015-07-23,19.0,19.15,19.98,18.89,46570.0,0.0005
2015-07-24,18.28,19.13,19.39,18.08,62670.0,-0.0379
2015-07-25,0,0,0,0,0,0
2015-07-26,0,0,0,0,0,0
2015-07-27,17.66,17.44,18.19,16.58,58140.0,-0.0339
2015-07-28,17.86,17.54,18.46,17.16,55850.0,0.0113
2015-07-29,18.25,17.89,18.84,17.32,60530.0,0.0218
2015-07-30,18.16,18.04,18.69,17.8,38200.0,-0.0049
2015-07-31,17.56,18.32,18.33,17.5,55090.0,-0.0331
2015-08-01,0,0,0,0,0,0
2015-08-02,0,0,0,0,0,0
2015-08-03,16.74,17.57,17.58,16.62,49990.0,-0.0466
2015-08-04,16.29,17.0,17.06,16.17,94850.0,-0.0269
2015-08-05,16.88,16.25,16.94,16.14,120760.0,0.0362
2015-08-06,17.06,16.81,17.48,16.81,74180.0,0.010700000000000001
2015-08-07,16.39,16.93,17.27,16.34,30510.0,-0.0393
2015-08-08,0,0,0,0,0,0
2015-08-09,0,0,0,0,0,0
2015-08-10,17.53,16.25,17.79,16.25,99220.0,0.0696
2015-08-11,15.43,17.21,17.21,14.75,165530.0,-0.1198
2015-08-12,16.01,15.28,16.15,14.7,97290.0,0.037599999999999995
2015-08-13,15.73,16.0,16.16,15.58,85160.0,-0.0175
2015-08-14,16.24,15.96,16.32,15.71,36330.0,0.032400000000000005
2015-08-15,0,0,0,0,0,0
2015-08-16,0,0,0,0,0,0
2015-08-17,15.61,16.36,16.42,15.5,61560.0,-0.0388
2015-08-18,14.72,15.5,15.57,14.5,160070.0,-0.057
2015-08-19,14.5,14.66,14.96,14.16,132700.0,-0.0149
2015-08-20,13.79,14.39,14.39,13.75,82920.0,-0.049
2015-08-21,12.21,13.41,13.43,11.84,272020.0,-0.11460000000000001
2015-08-22,0,0,0,0,0,0
2015-08-23,0,0,0,0,0,0
2015-08-24,11.61,11.22,12.4,11.02,116040.0,-0.049100000000000005
2015-08-25,11.58,11.95,12.65,11.3,116590.0,-0.0026
2015-08-26,12.26,12.8,12.9,11.47,90680.0,0.0587
2015-08-27,13.43,12.66,14.17,12.39,181780.0,0.09539999999999998
2015-08-28,14.13,13.32,14.64,13.32,67350.0,0.0521
2015-08-29,0,0,0,0,0,0
2015-08-30,0,0,0,0,0,0
2015-08-31,14.07,13.93,14.42,13.53,31550.0,-0.0042
2015-09-01,13.39,13.63,14.34,13.37,49190.0,-0.0483
2015-09-02,13.74,13.71,13.87,12.59,58200.0,0.026099999999999998
2015-09-03,13.91,13.77,14.42,13.53,33290.0,0.0124
2015-09-04,13.89,13.57,14.03,13.5,28710.0,-0.0014000000000000002
2015-09-05,0,0,0,0,0,0
2015-09-06,0,0,0,0,0,0
2015-09-07,0,0,0,0,0,0
2015-09-08,15.08,13.98,15.39,13.98,36710.0,0.0857
2015-09-09,14.87,15.52,15.52,14.63,33410.0,-0.0139
2015-09-10,15.05,14.88,15.55,14.65,51470.0,0.0121
2015-09-11,17.34,15.03,17.8,15.03,110140.0,0.1522
2015-09-12,0,0,0,0,0,0
2015-09-13,0,0,0,0,0,0
2015-09-14,14.8,17.21,17.21,14.62,129030.0,-0.1465
2015-09-15,14.8,14.89,15.55,14.37,98160.0,0.0
2015-09-16,15.32,14.83,15.79,14.7,63560.0,0.0351
2015-09-17,15.16,15.18,15.74,15.0,46980.0,-0.0104
2015-09-18,14.7,15.2,16.39,14.7,144550.0,-0.030299999999999997
2015-09-19,0,0,0,0,0,0
2015-09-20,0,0,0,0,0,0
2015-09-21,14.77,15.11,15.35,14.58,42890.0,0.0048
2015-09-22,14.19,14.5,15.49,13.95,186210.0,-0.0393
2015-09-23,15.8,14.19,16.0,13.89,253930.0,0.11349999999999999
2015-09-24,15.63,15.49,16.03,15.03,83390.0,-0.0108
2015-09-25,15.4,15.75,15.78,15.08,69480.0,-0.0147
2015-09-26,0,0,0,0,0,0
2015-09-27,0,0,0,0,0,0
2015-09-28,14.99,15.22,15.22,14.32,101900.0,-0.026600000000000002
2015-09-29,14.9,15.22,15.22,14.56,175460.0,-0.006
2015-09-30,15.99,15.14,16.1,15.04,40310.0,0.0732
2015-10-01,15.81,16.29,17.37,15.64,73680.0,-0.0113
2015-10-02,17.83,15.61,17.83,15.61,70830.0,0.1278
2015-10-03,0,0,0,0,0,0
2015-10-04,0,0,0,0,0,0
2015-10-05,18.37,17.98,18.91,17.69,66810.0,0.030299999999999997
2015-10-06,18.15,18.31,19.1,17.6,83450.0,-0.012
2015-10-07,18.23,18.22,19.44,17.9,131009.99999999999,0.0044
2015-10-08,18.24,18.17,18.42,17.2,80620.0,0.0005
2015-10-09,18.32,18.33,18.73,17.69,46730.0,0.0044
2015-10-10,0,0,0,0,0,0
2015-10-11,0,0,0,0,0,0
2015-10-12,18.1,18.55,18.55,17.25,72330.0,-0.012
2015-10-13,18.34,17.9,18.65,17.52,65410.0,0.013300000000000001
2015-10-14,18.88,18.49,18.94,18.04,49310.0,0.0294
2015-10-15,18.98,18.99,19.09,18.2,44590.0,0.0053
2015-10-16,18.65,19.11,19.11,18.29,42820.0,-0.0174
2015-10-17,0,0,0,0,0,0
2015-10-18,0,0,0,0,0,0
2015-10-19,18.99,18.44,19.14,18.1,61970.0,0.0182
2015-10-20,18.29,18.73,19.06,18.21,56520.0,-0.0369
2015-10-21,17.39,18.22,18.22,17.22,57580.0,-0.0492
2015-10-22,17.53,17.65,18.14,17.42,34790.0,0.008100000000000001
2015-10-23,16.8,17.79,17.79,16.53,51540.0,-0.0416
2015-10-24,0,0,0,0,0,0
2015-10-25,0,0,0,0,0,0
2015-10-26,16.62,16.82,16.94,16.37,46330.0,-0.010700000000000001
2015-10-27,16.19,16.31,16.57,15.95,25510.0,-0.0259
2015-10-28,16.58,16.28,16.76,16.28,36410.0,0.0241
2015-10-29,16.41,16.27,16.46,15.78,53690.0,-0.0103
2015-10-30,16.7,16.43,16.87,16.28,27290.0,0.0177
2015-10-31,0,0,0,0,0,0
2015-11-01,0,0,0,0,0,0
2015-11-02,16.74,16.67,16.83,16.34,61940.0,0.0024
2015-11-03,16.34,16.63,16.82,16.26,44950.0,-0.0239
2015-11-04,16.41,16.3,16.56,16.3,25990.0,0.0043
2015-11-05,16.33,16.21,16.49,16.21,21870.0,-0.0049
2015-11-06,16.3,16.27,16.45,16.13,23240.0,-0.0018
2015-11-07,0,0,0,0,0,0
2015-11-08,0,0,0,0,0,0
2015-11-09,15.94,16.34,16.36,15.76,22690.0,-0.022099999999999998
2015-11-10,13.69,15.88,16.04,13.68,145450.0,-0.1412
2015-11-11,15.11,13.69,15.36,13.69,76140.0,0.10369999999999999
2015-11-12,13.23,14.68,14.68,12.6,148210.0,-0.1244
2015-11-13,12.76,13.19,13.19,12.59,53620.0,-0.0355
2015-11-14,0,0,0,0,0,0
2015-11-15,0,0,0,0,0,0
2015-11-16,12.7,12.76,13.05,12.57,38870.0,-0.004699999999999999
2015-11-17,12.16,12.81,12.81,11.89,96550.0,-0.0425
2015-11-18,14.05,13.1,14.2,12.55,212530.0,0.15539999999999998
2015-11-19,14.04,13.94,14.56,13.82,155590.0,-0.0007000000000000001
2015-11-20,15.05,14.23,15.11,14.07,90580.0,0.0719
2015-11-21,0,0,0,0,0,0
2015-11-22,0,0,0,0,0,0
2015-11-23,15.37,15.08,15.55,14.59,94920.0,0.0213
2015-11-24,15.49,15.5,15.67,15.38,17030.0,0.0078000000000000005
2015-11-25,15.31,15.26,15.57,14.94,73010.0,-0.0116
2015-11-26,0,0,0,0,0,0
2015-11-27,15.41,15.44,15.55,15.23,6530.0,0.006500000000000001
2015-11-28,0,0,0,0,0,0
2015-11-29,0,0,0,0,0,0
2015-11-30,15.83,15.22,15.84,15.21,28610.0,0.0273
2015-12-01,16.1,15.8,16.18,15.54,35930.0,0.0171
2015-12-02,16.23,15.91,16.32,15.87,12360.0,0.008100000000000001
2015-12-03,16.68,16.27,16.89,16.07,81390.0,0.0277
2015-12-04,17.04,16.66,17.6,16.1,142110.0,0.0216
2015-12-05,0,0,0,0,0,0
2015-12-06,0,0,0,0,0,0
2015-12-07,17.74,16.83,17.88,16.8,119480.0,0.041100000000000005
2015-12-08,17.37,17.38,17.77,17.15,25550.0,-0.0209
2015-12-09,17.51,17.59,17.98,17.15,98310.0,0.008100000000000001
2015-12-10,16.57,17.42,17.43,16.5,34340.0,-0.0537
2015-12-11,16.14,16.38,16.65,15.99,42160.0,-0.026000000000000002
2015-12-12,0,0,0,0,0,0
2015-12-13,0,0,0,0,0,0
2015-12-14,16.16,16.39,16.49,15.63,86060.0,0.0012
2015-12-15,17.14,16.33,17.62,16.26,207320.0,0.060599999999999994
2015-12-16,17.22,17.7,17.86,16.97,60360.0,0.004699999999999999
2015-12-17,16.15,17.66,17.66,15.84,59630.0,-0.0621
2015-12-18,17.34,16.33,17.38,16.1,181010.0,0.0737
2015-12-19,0,0,0,0,0,0
2015-12-20,0,0,0,0,0,0
2015-12-21,16.77,17.45,17.56,16.38,62300.0,-0.0329
2015-12-22,16.95,17.01,17.18,16.33,111920.0,0.010700000000000001
2015-12-23,17.34,17.08,17.5,16.95,58070.0,0.023
2015-12-24,17.75,16.75,17.85,16.75,24630.0,0.0236
2015-12-25,0,0,0,0,0,0
2015-12-26,0,0,0,0,0,0
2015-12-27,0,0,0,0,0,0
2015-12-28,17.61,17.76,17.76,17.44,10550.0,-0.0079
2015-12-29,17.09,17.62,17.68,16.64,78630.0,-0.029500000000000002
2015-12-30,16.46,17.06,17.06,16.18,33450.0,-0.0369
2015-12-31,16.65,16.28,16.85,16.12,29240.0,0.0115
2016-01-01,0,0,0,0,0,0
2016-01-02,0,0,0,0,0,0
2016-01-03,0,0,0,0,0,0
2016-01-04,16.6,16.38,16.65,15.51,40000.0,-0.003
2016-01-05,16.37,16.72,16.88,16.29,14380.0,-0.0139
2016-01-06,15.65,15.96,16.32,15.52,56160.0,-0.044000000000000004
2016-01-07,14.67,15.3,15.46,14.67,51950.0,-0.0626
2016-01-08,15.39,15.02,15.57,14.93,35280.0,0.049100000000000005
2016-01-09,0,0,0,0,0,0
2016-01-10,0,0,0,0,0,0
2016-01-11,14.21,15.37,15.37,14.0,77380.0,-0.0767
2016-01-12,14.0,14.41,14.7,13.72,20360.0,-0.0148
2016-01-13,13.1,14.18,14.29,13.02,32800.0,-0.0643
2016-01-14,13.16,13.15,13.4,12.63,26510.0,0.0046
2016-01-15,12.9,12.4,12.99,12.4,26630.0,-0.019799999999999998
2016-01-16,0,0,0,0,0,0
2016-01-17,0,0,0,0,0,0
2016-01-18,0,0,0,0,0,0
2016-01-19,12.4,13.16,13.57,12.4,20560.0,-0.0388
2016-01-20,12.73,12.01,12.98,11.56,49520.0,0.026600000000000002
2016-01-21,12.91,12.66,13.24,12.47,48090.0,0.0141
2016-01-22,13.21,13.5,13.83,12.88,21280.0,0.0232
2016-01-23,0,0,0,0,0,0
2016-01-24,0,0,0,0,0,0
2016-01-25,13.38,13.08,13.57,12.89,27440.0,0.0129
2016-01-26,13.68,13.59,13.76,13.15,33230.0,0.022400000000000003
2016-01-27,13.8,13.68,14.92,13.66,98740.0,0.0088
2016-01-28,14.6,14.07,14.6,13.71,72580.0,0.057999999999999996
2016-01-29,15.28,14.68,15.75,14.6,53800.0,0.0466
2016-01-30,0,0,0,0,0,0
2016-01-31,0,0,0,0,0,0
2016-02-01,15.74,15.84,15.88,15.0,97180.0,0.0301
2016-02-02,15.16,15.4,15.4,14.7,31300.0,-0.0368
2016-02-03,15.82,15.31,15.86,15.11,29330.0,0.0435
2016-02-04,17.0,15.71,17.05,15.44,90710.0,0.0746
2016-02-05,16.27,16.92,16.92,16.06,20020.0,-0.0429
2016-02-06,0,0,0,0,0,0
2016-02-07,0,0,0,0,0,0
2016-02-08,14.03,15.98,16.0,13.8,37530.0,-0.1377
2016-02-09,13.9,13.97,14.14,13.83,15390.0,-0.009300000000000001
2016-02-10,14.09,13.73,14.39,13.59,20010.0,0.0137
2016-02-11,13.72,13.92,14.13,13.7,25700.0,-0.0263
2016-02-12,14.21,14.06,14.34,13.75,19640.0,0.035699999999999996
2016-02-13,0,0,0,0,0,0
2016-02-14,0,0,0,0,0,0
2016-02-15,0,0,0,0,0,0
2016-02-16,14.75,14.56,15.27,14.56,18550.0,0.038
2016-02-17,15.59,15.12,15.89,14.94,25690.0,0.056900000000000006
2016-02-18,16.41,15.89,16.5,15.68,27320.0,0.0526
2016-02-19,16.5,16.19,17.72,15.52,179580.0,0.0055000000000000005
2016-02-20,0,0,0,0,0,0
2016-02-21,0,0,0,0,0,0
2016-02-22,18.97,16.75,20.9,16.75,186980.0,0.1497
2016-02-23,17.99,18.25,19.0,17.76,94500.0,-0.051699999999999996
2016-02-24,18.73,17.5,19.29,16.47,58970.0,0.041100000000000005
2016-02-25,18.6,18.64,18.64,16.89,127350.0,-0.0069
2016-02-26,18.97,18.79,19.11,18.68,20320.0,0.0199
2016-02-27,0,0,0,0,0,0
2016-02-28,0,0,0,0,0,0
2016-02-29,18.44,19.37,19.37,18.07,30780.0,-0.0279
2016-03-01,19.04,18.71,19.05,18.25,21920.0,0.0325
2016-03-02,18.9,18.7,19.5,18.67,111960.0,-0.0074
2016-03-03,18.62,18.77,19.37,18.25,47770.0,-0.0148
2016-03-04,19.01,18.62,19.4,18.21,68010.0,0.0209
2016-03-05,0,0,0,0,0,0
2016-03-06,0,0,0,0,0,0
2016-03-07,18.95,18.8,19.38,18.78,21010.0,-0.0032
2016-03-08,18.88,18.82,19.25,18.65,12330.0,-0.0037
2016-03-09,19.2,19.16,19.38,18.71,19570.0,0.0169
2016-03-10,19.25,19.47,19.47,18.87,10820.0,0.0026
2016-03-11,19.04,19.36,19.38,18.61,25370.0,-0.0109
2016-03-12,0,0,0,0,0,0
2016-03-13,0,0,0,0,0,0
2016-03-14,19.05,19.08,19.08,18.75,9530.0,0.0005
2016-03-15,18.75,18.9,18.91,18.43,9940.0,-0.015700000000000002
2016-03-16,18.5,18.82,18.82,18.33,34120.0,-0.013300000000000001
2016-03-17,18.35,18.42,18.74,18.29,50580.0,-0.008100000000000001
2016-03-18,17.8,18.45,18.58,17.29,158910.0,-0.03
2016-03-19,0,0,0,0,0,0
2016-03-20,0,0,0,0,0,0
2016-03-21,17.55,17.5,17.68,17.0,41130.0,-0.013999999999999999
2016-03-22,18.16,17.34,18.3,17.01,106850.0,0.0348
2016-03-23,17.59,17.79,17.97,17.04,68370.0,-0.031400000000000004
2016-03-24,17.59,18.22,18.75,17.25,92720.0,0.0
2016-03-25,0,0,0,0,0,0
2016-03-26,0,0,0,0,0,0
2016-03-27,0,0,0,0,0,0
2016-03-28,16.9,17.98,17.98,16.51,74820.0,-0.0392
2016-03-29,16.8,16.77,17.08,16.03,48340.0,-0.0059
2016-03-30,18.14,16.94,18.36,16.89,69910.0,0.07980000000000001
2016-03-31,18.61,18.14,19.0,18.14,70750.0,0.0259
2016-04-01,18.6,18.79,19.0,17.85,45260.0,-0.0005
2016-04-02,0,0,0,0,0,0
2016-04-03,0,0,0,0,0,0
2016-04-04,18.93,19.0,19.36,18.61,102110.0,0.0177
2016-04-05,18.7,18.64,19.0,18.34,40880.0,-0.012199999999999999
2016-04-06,18.92,18.78,19.13,18.65,85560.0,0.0118
2016-04-07,19.04,18.9,19.13,18.72,24740.0,0.0063
2016-04-08,19.03,19.33,19.33,18.34,38610.0,-0.0005
2016-04-09,0,0,0,0,0,0
2016-04-10,0,0,0,0,0,0
2016-04-11,18.95,19.48,19.48,18.72,58910.0,-0.0042
2016-04-12,19.37,18.85,19.4,18.31,66590.0,0.0222
2016-04-13,21.03,19.37,21.8,19.19,415800.0,0.0857
2016-04-14,24.0,21.37,24.0,21.07,281760.0,0.1412
2016-04-15,22.97,24.0,24.14,22.12,97500.0,-0.0429
2016-04-16,0,0,0,0,0,0
2016-04-17,0,0,0,0,0,0
2016-04-18,25.39,23.47,25.51,23.04,216010.0,0.1054
2016-04-19,25.26,25.81,25.98,24.0,139070.0,-0.0051
2016-04-20,25.5,25.15,25.75,24.79,98780.0,0.0095
2016-04-21,25.87,25.89,26.35,25.51,83030.0,0.014499999999999999
2016-04-22,26.07,25.87,26.35,25.62,83040.0,0.0077
2016-04-23,0,0,0,0,0,0
2016-04-24,0,0,0,0,0,0
2016-04-25,24.01,25.5,25.5,23.48,93660.0,-0.079
2016-04-26,25.04,24.02,25.52,24.0,54390.0,0.0429
2016-04-27,25.97,24.88,26.49,24.64,107100.0,0.0371
2016-04-28,26.95,26.04,26.99,26.04,48580.0,0.0377
2016-04-29,25.95,26.95,27.44,25.68,101310.0,-0.0371
2016-04-30,0,0,0,0,0,0
2016-05-01,0,0,0,0,0,0
2016-05-02,24.66,25.74,25.79,23.9,61000.0,-0.049699999999999994
2016-05-03,24.69,24.72,24.86,24.45,56600.0,0.0012
2016-05-04,24.65,24.61,24.95,24.13,44490.0,-0.0016
2016-05-05,25.79,25.1,26.01,24.94,70460.0,0.0462
2016-05-06,25.38,25.61,25.89,24.82,57570.0,-0.0159
2016-05-07,0,0,0,0,0,0
2016-05-08,0,0,0,0,0,0
2016-05-09,24.75,25.5,25.59,24.69,78740.0,-0.0248
2016-05-10,25.06,24.94,25.2,22.53,83760.0,0.0125
2016-05-11,26.41,24.66,26.64,24.66,106840.0,0.053899999999999997
2016-05-12,26.03,26.65,26.65,25.83,59510.0,-0.0144
2016-05-13,24.32,26.24,26.24,24.02,75980.0,-0.06570000000000001
2016-05-14,0,0,0,0,0,0
2016-05-15,0,0,0,0,0,0
2016-05-16,25.54,24.36,25.86,24.36,45300.0,0.050199999999999995
2016-05-17,24.52,25.28,25.28,24.33,53350.0,-0.039900000000000005
2016-05-18,24.5,24.3,24.8,23.86,46390.0,-0.0008
2016-05-19,23.87,24.35,24.35,23.49,86650.0,-0.025699999999999997
2016-05-20,24.3,24.44,24.69,23.91,30910.0,0.018000000000000002
2016-05-21,0,0,0,0,0,0
2016-05-22,0,0,0,0,0,0
2016-05-23,25.48,24.49,26.08,24.49,197910.0,0.048600000000000004
2016-05-24,26.17,25.7,26.4,25.7,51150.0,0.0271
2016-05-25,26.12,26.36,26.64,26.04,55720.0,-0.0019
2016-05-26,24.98,26.25,26.25,24.79,55860.0,-0.0436
2016-05-27,24.69,24.91,25.16,24.02,67200.0,-0.0116
2016-05-28,0,0,0,0,0,0
2016-05-29,0,0,0,0,0,0
2016-05-30,0,0,0,0,0,0
2016-05-31,24.87,24.84,25.91,24.63,37740.0,0.0073
2016-06-01,24.52,24.84,25.05,24.07,18400.0,-0.0141
2016-06-02,24.02,24.52,24.52,24.02,19210.0,-0.0204
2016-06-03,22.73,24.0,24.01,22.51,101190.0,-0.0537
2016-06-04,0,0,0,0,0,0
2016-06-05,0,0,0,0,0,0
2016-06-06,22.48,23.24,23.29,22.08,101940.0,-0.011000000000000001
2016-06-07,24.21,22.63,24.46,22.63,82920.0,0.077
2016-06-08,24.78,24.33,24.99,24.33,75920.0,0.0235
2016-06-09,23.98,24.78,24.78,23.12,67310.0,-0.0323
2016-06-10,23.0,23.77,23.77,23.0,53100.0,-0.0409
2016-06-11,0,0,0,0,0,0
2016-06-12,0,0,0,0,0,0
2016-06-13,22.09,22.84,23.0,21.7,100460.0,-0.039599999999999996
2016-06-14,21.59,21.8,22.89,20.88,83670.0,-0.0226
2016-06-15,21.68,21.59,22.73,21.3,57830.0,0.0042
2016-06-16,21.3,21.62,21.95,20.98,60660.0,-0.0175
2016-06-17,20.0,21.4,22.04,19.96,98860.0,-0.061
2016-06-18,0,0,0,0,0,0
2016-06-19,0,0,0,0,0,0
2016-06-20,20.51,21.0,21.13,20.31,65010.00000000001,0.0255
2016-06-21,20.05,20.36,20.71,19.97,60350.0,-0.022400000000000003
2016-06-22,20.15,20.3,20.56,20.0,14940.0,0.005
2016-06-23,21.1,20.37,21.3,20.14,38050.0,0.0471
2016-06-24,21.1,20.05,21.55,20.05,61790.0,0.0
2016-06-25,0,0,0,0,0,0
2016-06-26,0,0,0,0,0,0
2016-06-27,21.7,21.06,22.1,20.25,103480.0,0.028399999999999998
2016-06-28,22.98,22.43,23.64,22.15,105300.0,0.059000000000000004
2016-06-29,21.73,23.17,23.71,20.73,257709.99999999997,-0.054400000000000004
2016-06-30,22.57,21.97,22.8,21.16,42860.0,0.0387
2016-07-01,23.19,22.26,23.57,22.2,77980.0,0.0275
2016-07-02,0,0,0,0,0,0
2016-07-03,0,0,0,0,0,0
2016-07-04,0,0,0,0,0,0
2016-07-05,22.95,22.55,23.04,22.03,72150.0,-0.0103
2016-07-06,23.34,22.97,23.96,22.25,59030.0,0.017
2016-07-07,22.75,23.65,23.7,22.59,17460.0,-0.0253
2016-07-08,23.33,23.25,23.61,22.8,12690.0,0.0255
2016-07-09,0,0,0,0,0,0
2016-07-10,0,0,0,0,0,0
2016-07-11,23.53,23.63,24.18,23.41,68180.0,0.0086
2016-07-12,23.21,23.97,23.98,23.04,68570.0,-0.013600000000000001
2016-07-13,22.85,23.48,23.54,22.52,30440.0,-0.0155
2016-07-14,21.83,22.88,22.99,21.28,50060.0,-0.0446
2016-07-15,21.99,21.96,22.27,20.83,31550.0,0.0073
2016-07-16,0,0,0,0,0,0
2016-07-17,0,0,0,0,0,0
2016-07-18,22.02,22.0,22.7,21.56,39440.0,0.0014000000000000002
2016-07-19,22.01,22.06,22.34,21.58,30280.0,-0.0005
2016-07-20,21.93,21.97,22.44,21.81,19170.0,-0.0036
2016-07-21,22.2,21.88,22.61,21.88,23520.0,0.0123
2016-07-22,22.24,22.07,22.66,22.05,15970.0,0.0018
2016-07-23,0,0,0,0,0,0
2016-07-24,0,0,0,0,0,0
2016-07-25,22.2,22.14,22.39,21.98,8029.999999999999,-0.0018
2016-07-26,21.88,22.31,22.49,21.78,34860.0,-0.0144
2016-07-27,21.95,22.11,22.97,21.46,51260.0,0.0032
2016-07-28,21.87,21.78,22.42,21.62,23540.0,-0.0036
2016-07-29,22.86,21.81,23.32,21.81,51220.0,0.0453
2016-07-30,0,0,0,0,0,0
2016-07-31,0,0,0,0,0,0
2016-08-01,22.9,22.87,23.74,22.71,32759.999999999996,0.0017000000000000001
2016-08-02,23.98,23.03,24.45,23.03,111650.0,0.0472
2016-08-03,25.45,23.96,25.75,23.52,232110.0,0.0613
2016-08-04,24.41,25.38,25.91,24.25,24260.0,-0.0409
2016-08-05,24.63,24.59,25.63,24.48,48480.0,0.009000000000000001
2016-08-06,0,0,0,0,0,0
2016-08-07,0,0,0,0,0,0
2016-08-08,25.81,25.01,26.22,25.01,200660.0,0.0479
2016-08-09,24.8,27.0,27.6,22.41,248880.0,-0.0391
2016-08-10,25.25,23.88,25.72,23.1,101840.0,0.0181
2016-08-11,23.15,25.1,25.23,22.66,226090.0,-0.0832
2016-08-12,23.4,23.18,23.76,23.0,72710.0,0.0108
2016-08-13,0,0,0,0,0,0
2016-08-14,0,0,0,0,0,0
2016-08-15,23.5,23.73,24.58,23.42,32549.999999999996,0.0043
2016-08-16,23.2,23.64,23.64,22.77,54380.0,-0.0128
2016-08-17,23.96,23.19,24.23,22.8,59320.0,0.032799999999999996
2016-08-18,24.55,24.03,24.77,23.76,42120.0,0.0246
2016-08-19,24.39,24.56,24.75,24.01,42000.0,-0.006500000000000001
2016-08-20,0,0,0,0,0,0
2016-08-21,0,0,0,0,0,0
2016-08-22,24.77,24.4,24.86,24.22,175970.0,0.015600000000000001
2016-08-23,24.84,24.62,25.23,24.5,37050.0,0.0028000000000000004
2016-08-24,24.59,24.76,24.89,24.27,29140.0,-0.0101
2016-08-25,24.43,24.3,24.83,23.78,36620.0,-0.006500000000000001
2016-08-26,24.64,24.31,24.69,24.25,20230.0,0.0086
2016-08-27,0,0,0,0,0,0
2016-08-28,0,0,0,0,0,0
2016-08-29,24.71,24.85,24.93,24.59,17900.0,0.0028000000000000004
2016-08-30,24.68,24.7,24.89,24.58,19320.0,-0.0012
2016-08-31,24.06,24.22,24.47,23.66,38120.0,-0.025099999999999997
2016-09-01,24.34,24.04,24.6,24.04,25860.0,0.0116
2016-09-02,24.87,24.23,24.88,24.13,71360.0,0.0218
2016-09-03,0,0,0,0,0,0
2016-09-04,0,0,0,0,0,0
2016-09-05,0,0,0,0,0,0
2016-09-06,24.86,24.68,25.0,24.08,75730.0,-0.0004
2016-09-07,24.58,24.76,24.85,24.17,54850.0,-0.0113
2016-09-08,25.13,24.39,25.69,23.65,399850.0,0.022400000000000003
2016-09-09,24.87,25.26,25.58,24.38,137860.0,-0.0103
2016-09-10,0,0,0,0,0,0
2016-09-11,0,0,0,0,0,0
2016-09-12,25.44,25.1,25.76,24.87,76730.0,0.0229
2016-09-13,24.48,25.23,25.66,24.28,162470.0,-0.0377
2016-09-14,23.62,24.47,24.59,23.03,192050.0,-0.0351
2016-09-15,23.0,23.93,24.3,23.0,123450.0,-0.0262
2016-09-16,22.1,22.85,22.85,21.81,110360.0,-0.0391
2016-09-17,0,0,0,0,0,0
2016-09-18,0,0,0,0,0,0
2016-09-19,20.35,22.1,22.1,20.17,157960.0,-0.07919999999999999
2016-09-20,19.93,20.3,20.59,19.85,45250.0,-0.0206
2016-09-21,19.89,19.79,20.56,19.11,131700.0,-0.002
2016-09-22,20.21,19.94,20.56,19.79,54740.0,0.0161
2016-09-23,20.93,20.22,21.07,20.01,56860.0,0.0356
2016-09-24,0,0,0,0,0,0
2016-09-25,0,0,0,0,0,0
2016-09-26,20.94,20.9,21.67,20.7,92270.0,0.0005
2016-09-27,21.78,20.81,22.1,20.72,85430.0,0.0401
2016-09-28,22.41,21.79,22.82,21.79,148260.0,0.028900000000000002
2016-09-29,21.19,22.28,22.35,21.0,75910.0,-0.054400000000000004
2016-09-30,21.2,20.96,21.52,20.96,58690.0,0.0005
2016-10-01,0,0,0,0,0,0
2016-10-02,0,0,0,0,0,0
2016-10-03,21.64,21.25,21.75,21.03,33670.0,0.0208
2016-10-04,20.45,21.64,21.64,20.43,22090.0,-0.055
2016-10-05,21.45,20.72,21.84,20.65,45990.0,0.0489
2016-10-06,22.45,21.75,24.19,21.75,551070.0,0.0466
2016-10-07,22.99,22.41,24.35,22.41,161490.0,0.0241
2016-10-08,0,0,0,0,0,0
2016-10-09,0,0,0,0,0,0
2016-10-10,23.09,23.24,23.36,22.27,155920.0,0.0043
2016-10-11,22.64,22.97,22.97,22.41,30460.0,-0.0195
2016-10-12,22.26,22.65,23.28,22.13,69220.0,-0.0168
2016-10-13,23.46,21.85,24.21,21.41,251670.0,0.053899999999999997
2016-10-14,22.63,23.43,23.57,22.58,103230.0,-0.0354
2016-10-15,0,0,0,0,0,0
2016-10-16,0,0,0,0,0,0
2016-10-17,23.15,22.57,23.33,22.5,45070.0,0.023
2016-10-18,23.12,23.14,23.37,22.7,48590.0,-0.0013
2016-10-19,23.47,23.01,23.59,23.01,64580.0,0.0151
2016-10-20,23.8,23.32,24.01,23.32,29910.0,0.0141
2016-10-21,23.4,23.59,23.92,23.32,49220.0,-0.0168
2016-10-22,0,0,0,0,0,0
2016-10-23,0,0,0,0,0,0
2016-10-24,23.56,23.3,23.8,22.97,45320.0,0.0068000000000000005
2016-10-25,23.42,23.44,23.61,23.03,31920.0,-0.0059
2016-10-26,23.49,23.11,24.12,23.11,44260.0,0.003
2016-10-27,23.46,23.5,24.0,23.05,151970.0,-0.0013
2016-10-28,23.27,23.43,23.72,23.13,29990.0,-0.008100000000000001
2016-10-29,0,0,0,0,0,0
2016-10-30,0,0,0,0,0,0
2016-10-31,22.61,23.13,23.48,22.56,81600.0,-0.028399999999999998
2016-11-01,22.67,22.79,23.0,21.82,79740.0,0.0027
2016-11-02,23.5,22.57,23.64,22.52,23190.0,0.0366
2016-11-03,23.35,23.3,23.69,23.3,71560.0,-0.0064
2016-11-04,23.23,23.29,23.67,23.16,24050.0,-0.0051
2016-11-05,0,0,0,0,0,0
2016-11-06,0,0,0,0,0,0
2016-11-07,23.42,23.68,24.02,23.36,74100.0,0.008199999999999999
2016-11-08,23.24,23.56,23.67,23.24,18840.0,-0.0077
2016-11-09,23.27,22.45,23.73,22.14,55920.0,0.0013
2016-11-10,22.31,23.38,23.44,22.29,53560.0,-0.041299999999999996
2016-11-11,22.33,22.45,23.01,22.2,42340.0,0.0009
2016-11-12,0,0,0,0,0,0
2016-11-13,0,0,0,0,0,0
2016-11-14,21.89,22.18,22.54,21.89,43950.0,-0.0197
2016-11-15,23.03,21.92,23.27,21.92,47640.0,0.0521
2016-11-16,22.87,23.14,23.14,22.7,26130.0,-0.0069
2016-11-17,22.63,22.81,23.32,22.49,58490.0,-0.0105
2016-11-18,21.36,22.63,22.63,20.81,87400.0,-0.056100000000000004
2016-11-19,0,0,0,0,0,0
2016-11-20,0,0,0,0,0,0
2016-11-21,20.7,21.0,21.0,19.95,102980.0,-0.030899999999999997
2016-11-22,21.15,20.8,21.15,20.62,47560.0,0.0217
2016-11-23,21.65,21.0,21.79,20.62,100650.0,0.0236
2016-11-24,0,0,0,0,0,0
2016-11-25,21.86,21.65,21.88,21.19,25940.0,0.0097
2016-11-26,0,0,0,0,0,0
2016-11-27,0,0,0,0,0,0
2016-11-28,20.38,21.96,21.96,20.03,107920.0,-0.0677
2016-11-29,20.02,20.52,20.52,19.52,93560.0,-0.0177
2016-11-30,20.2,20.3,20.39,19.94,50480.0,0.009000000000000001
2016-12-01,19.96,20.39,21.19,19.43,79270.0,-0.011899999999999999
2016-12-02,19.92,20.01,20.33,19.7,54740.0,-0.002
2016-12-03,0,0,0,0,0,0
2016-12-04,0,0,0,0,0,0
2016-12-05,19.92,20.02,20.4,19.81,82270.0,0.0
2016-12-06,19.73,19.84,19.89,19.51,37480.0,-0.0095
2016-12-07,21.25,19.73,21.46,19.67,91200.0,0.077
2016-12-08,21.23,21.45,21.45,20.57,143260.0,-0.0009
2016-12-09,21.17,21.23,21.43,20.92,30490.0,-0.0028000000000000004
2016-12-10,0,0,0,0,0,0
2016-12-11,0,0,0,0,0,0
2016-12-12,20.79,20.95,21.24,20.26,53560.0,-0.0179
2016-12-13,21.25,21.03,21.44,20.32,69210.0,0.022099999999999998
2016-12-14,20.97,21.18,21.28,20.84,50620.0,-0.0132
2016-12-15,20.41,20.94,21.04,20.02,55620.0,-0.026699999999999998
2016-12-16,20.71,20.55,21.17,20.35,113240.0,0.0147
2016-12-17,0,0,0,0,0,0
2016-12-18,0,0,0,0,0,0
2016-12-19,20.85,20.85,20.91,20.52,30280.0,0.0068000000000000005
2016-12-20,21.31,20.77,21.83,20.77,75420.0,0.022099999999999998
2016-12-21,21.27,21.15,21.7,21.15,25200.0,-0.0019
2016-12-22,20.89,21.1,21.17,20.26,52690.0,-0.0179
2016-12-23,20.5,20.7,21.27,19.99,70010.0,-0.0187
2016-12-24,0,0,0,0,0,0
2016-12-25,0,0,0,0,0,0
2016-12-26,0,0,0,0,0,0
2016-12-27,19.9,20.5,21.23,19.5,131400.0,-0.029300000000000003
2016-12-28,19.67,19.68,20.08,19.5,42910.0,-0.0116
2016-12-29,19.6,19.53,19.91,19.48,52640.0,-0.0036
2016-12-30,19.3,19.52,19.6,19.27,25720.0,-0.015300000000000001
2016-12-31,0,0,0,0,0,0
2017-01-01,0,0,0,0,0,0
2017-01-02,0,0,0,0,0,0
2017-01-03,19.85,19.68,20.0,19.51,78480.0,0.0285
2017-01-04,19.76,20.0,20.0,19.76,71670.0,-0.0045000000000000005
2017-01-05,20.22,19.92,20.25,19.57,80520.0,0.0233
2017-01-06,20.47,20.22,20.47,19.97,36740.0,0.0124
2017-01-07,0,0,0,0,0,0
2017-01-08,0,0,0,0,0,0
2017-01-09,20.61,20.3,20.78,20.3,37760.0,0.0068000000000000005
2017-01-10,20.62,20.6,20.74,20.51,16650.0,0.0005
2017-01-11,21.14,20.51,21.35,20.51,52180.0,0.0252
2017-01-12,21.26,21.1,21.26,20.61,14760.0,0.005699999999999999
2017-01-13,21.33,21.24,21.36,20.76,61820.0,0.0033
2017-01-14,0,0,0,0,0,0
2017-01-15,0,0,0,0,0,0
2017-01-16,0,0,0,0,0,0
2017-01-17,22.84,21.41,23.12,21.31,93600.0,0.0708
2017-01-18,22.84,22.47,22.97,22.24,80690.0,0.0
2017-01-19,22.95,22.66,23.0,22.32,31110.0,0.0048
2017-01-20,23.28,23.0,23.28,22.82,42040.0,0.0144
2017-01-21,0,0,0,0,0,0
2017-01-22,0,0,0,0,0,0
2017-01-23,23.11,23.0,23.11,22.72,22440.0,-0.0073
2017-01-24,22.9,22.93,23.03,22.25,49050.0,-0.0091
2017-01-25,23.36,22.76,23.38,22.76,29260.0,0.020099999999999996
2017-01-26,23.27,23.35,23.46,23.19,23900.0,-0.0039000000000000003
2017-01-27,25.05,25.0,26.15,24.45,165320.0,0.0765
2017-01-28,0,0,0,0,0,0
2017-01-29,0,0,0,0,0,0
2017-01-30,24.19,25.1,25.51,23.82,53820.0,-0.034300000000000004
2017-01-31,24.42,24.38,24.66,23.56,47410.0,0.0095
2017-02-01,24.8,24.76,25.0,24.25,47930.0,0.015600000000000001
2017-02-02,24.51,24.63,24.72,24.22,14540.0,-0.011699999999999999
2017-02-03,24.51,24.63,24.63,24.3,27450.0,0.0
2017-02-04,0,0,0,0,0,0
2017-02-05,0,0,0,0,0,0
2017-02-06,24.05,24.51,24.51,23.38,26250.0,-0.018799999999999997
2017-02-07,22.47,24.32,24.32,22.13,73050.0,-0.06570000000000001
2017-02-08,23.5,22.61,23.5,22.0,76630.0,0.0458
2017-02-09,23.62,23.7,23.95,23.31,93340.0,0.0051
2017-02-10,23.5,23.5,23.55,23.01,92960.0,-0.0051
2017-02-11,0,0,0,0,0,0
2017-02-12,0,0,0,0,0,0
2017-02-13,23.5,23.5,23.99,23.39,83320.0,0.0
2017-02-14,23.82,23.49,24.0,23.38,37170.0,0.013600000000000001
2017-02-15,25.39,23.81,25.5,23.66,175400.0,0.0659
2017-02-16,25.0,25.25,25.3,24.03,81120.0,-0.0154
2017-02-17,25.07,24.98,25.41,24.7,40470.0,0.0028000000000000004
2017-02-18,0,0,0,0,0,0
2017-02-19,0,0,0,0,0,0
2017-02-20,0,0,0,0,0,0
2017-02-21,26.18,25.24,26.28,25.08,144580.0,0.0443
2017-02-22,26.95,26.05,27.13,25.75,186860.0,0.0294
2017-02-23,26.22,27.09,27.09,25.78,86450.0,-0.0271
2017-02-24,25.79,26.14,26.46,25.17,101400.0,-0.016399999999999998
2017-02-25,0,0,0,0,0,0
2017-02-26,0,0,0,0,0,0
2017-02-27,25.63,25.48,26.48,25.48,56450.0,-0.0062
2017-02-28,24.79,25.72,25.82,24.42,76170.0,-0.032799999999999996
2017-03-01,23.02,24.93,25.7,22.84,181260.0,-0.07139999999999999
2017-03-02,23.45,22.78,24.14,22.78,49680.0,0.0187
2017-03-03,24.47,23.56,24.63,23.49,95250.0,0.0435
2017-03-04,0,0,0,0,0,0
2017-03-05,0,0,0,0,0,0
2017-03-06,25.51,24.57,25.66,24.25,110300.0,0.0425
2017-03-07,23.94,23.15,25.0,22.5,197030.0,-0.061500000000000006
2017-03-08,23.32,24.45,25.2,22.98,80700.0,-0.0259
2017-03-09,23.49,23.36,23.85,23.25,63590.0,0.0073
2017-03-10,23.78,23.55,23.95,23.51,29240.0,0.0123
2017-03-11,0,0,0,0,0,0
2017-03-12,0,0,0,0,0,0
2017-03-13,23.15,24.0,24.0,23.06,57100.0,-0.0265
2017-03-14,22.83,23.3,23.3,22.43,109530.0,-0.0138
2017-03-15,22.32,22.67,23.01,22.29,121070.0,-0.0223
2017-03-16,23.08,22.6,23.27,22.6,104770.0,0.0341
2017-03-17,22.1,23.04,23.04,22.02,122250.0,-0.0425
2017-03-18,0,0,0,0,0,0
2017-03-19,0,0,0,0,0,0
2017-03-20,22.32,22.1,22.51,22.07,91470.0,0.01
2017-03-21,21.95,22.22,22.3,21.8,127880.0,-0.0166
2017-03-22,21.81,21.84,22.19,21.54,59820.0,-0.0064
2017-03-23,21.72,21.74,22.07,21.45,51340.0,-0.0040999999999999995
2017-03-24,21.91,21.73,22.21,21.56,94480.0,0.0087
2017-03-25,0,0,0,0,0,0
2017-03-26,0,0,0,0,0,0
2017-03-27,20.65,21.9,22.2,20.33,220740.0,-0.0575
2017-03-28,20.96,20.69,21.19,20.3,86820.0,0.015
2017-03-29,19.76,20.94,20.94,19.7,101440.0,-0.057300000000000004
2017-03-30,18.92,19.69,19.99,18.6,158850.0,-0.0425
2017-03-31,18.77,18.8,19.59,18.05,298680.0,-0.0079
2017-04-01,0,0,0,0,0,0
2017-04-02,0,0,0,0,0,0
2017-04-03,18.74,19.3,19.59,18.3,241020.0,-0.0016
2017-04-04,18.51,18.59,18.85,18.22,152730.0,-0.0123
2017-04-05,18.87,18.43,19.37,18.31,131240.0,0.0194
2017-04-06,19.65,18.91,19.81,18.82,103550.0,0.041299999999999996
2017-04-07,19.45,19.62,20.0,19.23,89790.0,-0.0102
2017-04-08,0,0,0,0,0,0
2017-04-09,0,0,0,0,0,0
2017-04-10,20.07,19.37,20.46,19.01,117230.0,0.0319
2017-04-11,19.79,20.1,20.1,19.21,65900.0,-0.013999999999999999
2017-04-12,19.08,19.81,19.81,19.01,60810.0,-0.0359
2017-04-13,18.76,19.1,19.25,18.73,36770.0,-0.0168
2017-04-14,0,0,0,0,0,0
2017-04-15,0,0,0,0,0,0
2017-04-16,0,0,0,0,0,0
2017-04-17,18.35,18.69,18.69,18.2,80460.0,-0.0219
2017-04-18,18.77,18.29,18.85,18.01,54030.0,0.0229
2017-04-19,18.88,18.9,19.17,18.66,64610.0,0.0059
2017-04-20,18.63,18.91,19.08,18.51,18820.0,-0.0132
2017-04-21,18.31,18.56,18.56,18.14,44440.0,-0.0172
2017-04-22,0,0,0,0,0,0
2017-04-23,0,0,0,0,0,0
2017-04-24,18.51,18.51,18.64,18.33,32060.000000000004,0.0109
2017-04-25,18.48,18.51,18.6,18.25,40450.0,-0.0016
2017-04-26,18.79,18.51,19.6,18.51,90920.0,0.0168
2017-04-27,18.57,18.71,18.73,18.06,59600.0,-0.011699999999999999
2017-04-28,18.61,18.69,18.8,18.12,43750.0,0.0022
2017-04-29,0,0,0,0,0,0
2017-04-30,0,0,0,0,0,0
2017-05-01,18.96,18.75,19.51,18.62,122650.0,0.018799999999999997
2017-05-02,18.74,18.98,19.36,18.54,31090.0,-0.0116
2017-05-03,18.84,18.67,18.84,18.23,29740.0,0.0053
2017-05-04,18.52,18.88,18.88,18.4,64170.0,-0.017
2017-05-05,18.9,18.49,18.98,18.39,27620.0,0.020499999999999997
2017-05-06,0,0,0,0,0,0
2017-05-07,0,0,0,0,0,0
2017-05-08,19.71,19.25,20.0,18.95,92070.0,0.0429
2017-05-09,22.18,21.8,22.66,21.3,527800.0,0.1253
2017-05-10,23.55,22.25,23.97,22.25,359530.0,0.061799999999999994
2017-05-11,23.92,23.41,24.25,23.1,195710.0,0.015700000000000002
2017-05-12,23.26,23.9,23.94,22.92,106570.0,-0.0276
2017-05-13,0,0,0,0,0,0
2017-05-14,0,0,0,0,0,0
2017-05-15,23.27,23.7,24.0,22.56,64610.0,0.0004
2017-05-16,23.66,23.34,23.66,22.56,45110.0,0.0168
2017-05-17,22.32,23.41,23.41,22.2,77680.0,-0.056600000000000004
2017-05-18,22.05,22.25,22.45,22.05,62520.0,-0.0121
2017-05-19,22.54,22.18,22.66,21.8,36830.0,0.0222
2017-05-20,0,0,0,0,0,0
2017-05-21,0,0,0,0,0,0
2017-05-22,23.3,22.54,23.41,22.54,39670.0,0.0337
2017-05-23,23.04,23.42,23.73,22.73,25220.0,-0.011200000000000002
2017-05-24,23.02,23.1,23.1,22.84,19720.0,-0.0009
2017-05-25,22.75,23.13,23.13,22.55,32549.999999999996,-0.011699999999999999
2017-05-26,22.35,22.65,22.91,22.13,34790.0,-0.0176
2017-05-27,0,0,0,0,0,0
2017-05-28,0,0,0,0,0,0
2017-05-29,0,0,0,0,0,0
2017-05-30,21.81,22.27,22.52,21.79,59130.0,-0.0242
2017-05-31,21.76,21.76,21.94,21.12,96150.0,-0.0023
2017-06-01,21.59,21.74,22.17,21.03,65680.0,-0.0078000000000000005
2017-06-02,21.06,21.54,21.82,20.91,82380.0,-0.0245
2017-06-03,0,0,0,0,0,0
2017-06-04,0,0,0,0,0,0
2017-06-05,20.22,20.82,20.82,20.02,103370.0,-0.039900000000000005
2017-06-06,20.07,19.93,20.48,19.19,82580.0,-0.0074
2017-06-07,20.37,19.93,20.5,19.61,87430.0,0.0149
2017-06-08,21.37,20.42,21.5,19.83,95060.0,0.049100000000000005
2017-06-09,19.93,21.32,21.38,19.78,106800.0,-0.0674
2017-06-10,0,0,0,0,0,0
2017-06-11,0,0,0,0,0,0
2017-06-12,19.61,19.81,20.37,19.5,50610.0,-0.0161
2017-06-13,21.11,19.7,21.11,19.7,51100.0,0.0765
2017-06-14,19.84,21.0,21.0,19.75,56800.0,-0.0602
2017-06-15,19.32,19.7,20.03,19.25,74220.0,-0.0262
2017-06-16,19.8,19.36,20.2,19.25,117560.0,0.0248
2017-06-17,0,0,0,0,0,0
2017-06-18,0,0,0,0,0,0
2017-06-19,19.41,19.8,19.92,19.0,84970.0,-0.0197
2017-06-20,19.28,19.43,19.78,19.03,54760.0,-0.0067
2017-06-21,19.03,19.24,19.68,19.03,65220.0,-0.013000000000000001
2017-06-22,19.29,19.48,19.5,19.14,93730.0,0.0137
2017-06-23,20.1,19.29,20.56,19.21,85660.0,0.042
2017-06-24,0,0,0,0,0,0
2017-06-25,0,0,0,0,0,0
2017-06-26,19.73,20.15,20.4,19.49,38760.0,-0.0184
2017-06-27,20.06,19.79,20.48,19.66,54910.0,0.0167
2017-06-28,20.77,20.08,20.96,19.78,70130.0,0.0354
2017-06-29,20.76,20.78,20.86,20.26,63070.0,-0.0005
2017-06-30,20.76,20.78,21.18,20.02,46640.0,0.0
2017-07-01,0,0,0,0,0,0
2017-07-02,0,0,0,0,0,0
2017-07-03,20.25,20.92,20.92,20.2,83760.0,-0.0246
2017-07-04,0,0,0,0,0,0
2017-07-05,20.0,20.22,20.48,19.95,23060.0,-0.0123
2017-07-06,19.77,19.9,20.7,19.6,69380.0,-0.0115
2017-07-07,20.4,19.8,20.5,19.8,39990.0,0.0319
2017-07-08,0,0,0,0,0,0
2017-07-09,0,0,0,0,0,0
2017-07-10,20.0,20.4,20.86,19.92,59510.0,-0.0196
2017-07-11,20.41,20.15,20.68,20.15,26190.0,0.020499999999999997
2017-07-12,20.9,20.74,21.4,20.74,45970.0,0.024
2017-07-13,20.51,20.8,21.0,20.43,20420.0,-0.0187
2017-07-14,21.4,20.57,21.48,20.57,38400.0,0.0434
2017-07-15,0,0,0,0,0,0
2017-07-16,0,0,0,0,0,0
2017-07-17,20.75,21.45,21.45,20.56,67470.0,-0.0304
2017-07-18,22.17,20.77,22.26,20.63,72880.0,0.0684
2017-07-19,23.71,22.45,23.75,22.45,161440.0,0.0695
2017-07-20,23.42,23.6,23.77,23.0,73870.0,-0.012199999999999999
2017-07-21,23.75,23.45,23.79,22.55,55480.0,0.0141
2017-07-22,0,0,0,0,0,0
2017-07-23,0,0,0,0,0,0
2017-07-24,24.62,23.79,24.65,23.56,119270.0,0.0366
2017-07-25,24.83,24.87,26.18,24.55,130050.00000000001,0.0085
2017-07-26,25.0,25.08,25.58,24.61,83190.0,0.0068000000000000005
2017-07-27,24.15,25.14,25.48,23.23,108890.0,-0.034
2017-07-28,24.37,24.35,25.1,24.18,112790.0,0.0091
2017-07-29,0,0,0,0,0,0
2017-07-30,0,0,0,0,0,0
2017-07-31,25.36,24.98,25.36,24.61,95900.0,0.0406
2017-08-01,25.28,25.7,25.7,24.7,72710.0,-0.0032
2017-08-02,25.27,25.3,25.88,24.94,158520.0,-0.0004
2017-08-03,25.28,25.01,25.6,24.85,59480.0,0.0004
2017-08-04,27.6,25.67,27.75,25.67,229760.0,0.09179999999999999
2017-08-05,0,0,0,0,0,0
2017-08-06,0,0,0,0,0,0
2017-08-07,29.35,27.98,30.8,27.98,374360.0,0.0634
2017-08-08,26.39,26.88,28.16,26.0,487380.0,-0.1009
2017-08-09,27.15,26.01,27.6,26.01,128759.99999999999,0.0288
2017-08-10,25.68,26.76,27.98,24.86,201290.0,-0.0541
2017-08-11,26.18,24.2,26.39,24.2,66600.0,0.0195
2017-08-12,0,0,0,0,0,0
2017-08-13,0,0,0,0,0,0
2017-08-14,26.46,26.1,26.95,25.82,85970.0,0.010700000000000001
2017-08-15,26.57,26.65,26.85,25.96,47240.0,0.0042
2017-08-16,25.46,26.7,26.7,25.26,83840.0,-0.0418
2017-08-17,24.74,25.42,25.8,24.54,77730.0,-0.028300000000000002
2017-08-18,25.33,24.81,25.46,24.63,90790.0,0.023799999999999998
2017-08-19,0,0,0,0,0,0
2017-08-20,0,0,0,0,0,0
2017-08-21,24.0,25.26,25.33,23.67,135920.0,-0.0525
2017-08-22,24.34,24.15,24.86,23.92,81650.0,0.014199999999999999
2017-08-23,24.51,24.4,24.64,24.05,41930.0,0.006999999999999999
2017-08-24,24.95,24.5,25.17,24.39,57520.0,0.018000000000000002
2017-08-25,25.2,25.17,25.24,24.85,49390.0,0.01
2017-08-26,0,0,0,0,0,0
2017-08-27,0,0,0,0,0,0
2017-08-28,25.21,25.05,25.34,24.92,52370.0,0.0004
2017-08-29,24.33,24.84,25.0,24.21,56350.0,-0.0349
2017-08-30,25.05,24.51,25.24,24.36,53010.0,0.0296
2017-08-31,25.44,25.24,25.45,24.85,68040.0,0.015600000000000001
2017-09-01,26.45,25.25,26.46,25.17,58830.0,0.0397
2017-09-02,0,0,0,0,0,0
2017-09-03,0,0,0,0,0,0
2017-09-04,0,0,0,0,0,0
2017-09-05,25.78,26.0,26.43,25.26,103420.0,-0.0253
2017-09-06,26.26,25.61,26.43,25.02,79760.0,0.018600000000000002
2017-09-07,26.52,26.17,26.64,26.05,68520.0,0.009899999999999999
2017-09-08,26.56,26.39,26.72,26.16,76030.0,0.0015
2017-09-09,0,0,0,0,0,0
2017-09-10,0,0,0,0,0,0
2017-09-11,27.01,26.74,27.1,26.68,100230.0,0.0169
2017-09-12,26.1,27.07,27.14,25.83,46910.0,-0.0337
2017-09-13,25.96,26.16,26.74,25.84,47520.0,-0.0054
2017-09-14,26.62,26.11,26.79,26.11,92970.0,0.0254
2017-09-15,28.15,26.8,29.5,26.8,321630.0,0.0575
2017-09-16,0,0,0,0,0,0
2017-09-17,0,0,0,0,0,0
2017-09-18,28.72,28.98,29.76,28.2,199910.0,0.0202
2017-09-19,29.42,29.1,29.58,28.98,139970.0,0.024399999999999998
2017-09-20,28.22,29.5,29.5,27.89,98850.0,-0.0408
2017-09-21,27.97,28.06,28.06,27.2,104380.0,-0.0089
2017-09-22,28.34,27.93,28.7,27.28,58290.0,0.0132
2017-09-23,0,0,0,0,0,0
2017-09-24,0,0,0,0,0,0
2017-09-25,27.46,28.36,28.86,27.08,107630.0,-0.0311
2017-09-26,27.61,27.55,27.86,27.36,35990.0,0.0055000000000000005
2017-09-27,28.5,27.84,29.0,27.62,152480.0,0.0322
2017-09-28,29.49,28.62,29.5,28.62,168790.0,0.0347
2017-09-29,29.02,29.43,29.65,28.45,76820.0,-0.0159
2017-09-30,0,0,0,0,0,0
2017-10-01,0,0,0,0,0,0
2017-10-02,28.88,29.34,29.6,28.59,77940.0,-0.0048
2017-10-03,30.38,29.04,30.72,28.96,211520.0,0.0519
2017-10-04,29.94,30.4,30.67,29.4,94230.0,-0.014499999999999999
2017-10-05,30.63,30.25,30.74,29.87,135670.0,0.023
2017-10-06,30.42,30.1,30.76,30.1,73940.0,-0.0069
2017-10-07,0,0,0,0,0,0
2017-10-08,0,0,0,0,0,0
2017-10-09,31.93,30.61,32.0,30.33,165580.0,0.0496
2017-10-10,34.38,32.34,34.63,31.95,321180.0,0.0767
2017-10-11,32.6,34.02,34.08,32.27,159490.0,-0.0518
2017-10-12,32.6,32.81,33.77,32.26,91810.0,0.0
2017-10-13,32.98,32.73,33.12,32.51,84480.0,0.011699999999999999
2017-10-14,0,0,0,0,0,0
2017-10-15,0,0,0,0,0,0
2017-10-16,31.75,33.17,33.17,31.5,131860.0,-0.0373
2017-10-17,30.46,31.45,31.46,30.21,236480.0,-0.0406
2017-10-18,31.69,30.7,31.78,30.52,87430.0,0.0404
2017-10-19,32.7,31.49,32.74,31.0,160070.0,0.0319
2017-10-20,36.95,33.09,37.0,33.09,335730.0,0.13
2017-10-21,0,0,0,0,0,0
2017-10-22,0,0,0,0,0,0
2017-10-23,36.07,37.41,37.5,36.0,108370.0,-0.023799999999999998
2017-10-24,36.87,36.0,37.33,35.82,143410.0,0.0222
2017-10-25,35.91,36.76,37.74,35.61,102920.0,-0.026000000000000002
2017-10-26,35.62,35.86,36.19,35.37,93330.0,-0.008100000000000001
2017-10-27,36.73,35.79,36.87,35.79,78810.0,0.031200000000000002
2017-10-28,0,0,0,0,0,0
2017-10-29,0,0,0,0,0,0
2017-10-30,37.98,36.7,38.0,36.7,102450.0,0.034
2017-10-31,37.7,38.35,38.71,37.45,84950.0,-0.0074
2017-11-01,40.24,38.15,40.39,38.09,228550.0,0.0674
2017-11-02,40.37,39.9,40.51,39.04,64680.00000000001,0.0032
2017-11-03,39.78,40.3,40.72,39.34,57950.0,-0.0146
2017-11-04,0,0,0,0,0,0
2017-11-05,0,0,0,0,0,0
2017-11-06,39.81,40.2,40.2,39.53,69980.0,0.0008
2017-11-07,39.35,39.82,39.9,38.5,62920.0,-0.0116
2017-11-08,40.45,39.32,40.67,38.51,357720.0,0.027999999999999997
2017-11-09,38.99,39.86,40.31,38.75,144590.0,-0.0361
2017-11-10,39.81,39.12,40.38,39.05,232060.0,0.021
2017-11-11,0,0,0,0,0,0
2017-11-12,0,0,0,0,0,0
2017-11-13,40.17,39.85,41.53,39.75,308280.0,0.009000000000000001
2017-11-14,42.85,43.21,44.49,40.26,495880.0,0.0667
2017-11-15,39.78,42.36,42.36,38.52,355040.0,-0.0716
2017-11-16,39.87,40.7,40.71,39.3,184030.0,0.0023
2017-11-17,43.06,39.7,43.29,39.32,267130.0,0.08
2017-11-18,0,0,0,0,0,0
2017-11-19,0,0,0,0,0,0
2017-11-20,47.03,44.03,47.13,43.29,615960.0,0.0922
2017-11-21,46.3,47.34,48.05,45.33,458430.0,-0.0155
2017-11-22,49.45,46.61,49.78,46.61,579690.0,0.068
2017-11-23,0,0,0,0,0,0
2017-11-24,53.35,49.87,53.61,49.5,355520.0,0.0789
2017-11-25,0,0,0,0,0,0
2017-11-26,0,0,0,0,0,0
2017-11-27,51.36,53.3,53.7,49.58,538560.0,-0.0373
2017-11-28,53.82,51.2,53.98,49.9,621190.0,0.0479
2017-11-29,52.01,53.82,54.0,50.25,443170.0,-0.0336
2017-11-30,54.58,52.12,54.99,52.03,392260.0,0.049400000000000006
2017-12-01,56.95,54.58,58.49,53.2,558660.0,0.0434
2017-12-02,0,0,0,0,0,0
2017-12-03,0,0,0,0,0,0
2017-12-04,47.04,57.56,57.75,45.08,1090000.0,-0.174
2017-12-05,49.21,47.0,51.2,46.54,413460.0,0.0461
2017-12-06,47.37,48.91,49.8,47.08,422120.0,-0.0374
2017-12-07,46.48,47.03,47.78,45.1,447160.0,-0.018799999999999997
2017-12-08,49.41,47.05,49.9,46.78,431620.0,0.063
2017-12-09,0,0,0,0,0,0
2017-12-10,0,0,0,0,0,0
2017-12-11,52.2,52.9,54.76,51.4,638240.0,0.0565
2017-12-12,50.6,52.2,53.84,50.01,330610.0,-0.030699999999999998
2017-12-13,48.33,50.95,51.45,47.55,290760.0,-0.0449
2017-12-14,46.83,48.36,48.66,46.04,362530.0,-0.031
2017-12-15,47.17,47.0,47.47,45.15,367300.0,0.0073
2017-12-16,0,0,0,0,0,0
2017-12-17,0,0,0,0,0,0
2017-12-18,50.26,47.41,51.45,47.41,466390.0,0.0655
2017-12-19,48.5,51.01,51.09,48.1,218390.0,-0.035
2017-12-20,48.01,49.0,49.75,47.5,291920.0,-0.0101
2017-12-21,50.89,47.73,51.8,47.59,343980.0,0.06
2017-12-22,54.0,51.22,54.0,51.22,378500.0,0.0611
2017-12-23,0,0,0,0,0,0
2017-12-24,0,0,0,0,0,0
2017-12-25,0,0,0,0,0,0
2017-12-26,52.9,53.36,53.93,50.27,297520.0,-0.0204
2017-12-27,57.21,53.06,57.8,52.24,492680.0,0.0815
2017-12-28,60.67,58.22,62.73,58.22,630840.0,0.0605
2017-12-29,59.44,61.51,63.97,59.24,489980.0,-0.0203
2017-12-30,0,0,0,0,0,0
2017-12-31,0,0,0,0,0,0
2018-01-01,0,0,0,0,0,0
2018-01-02,62.57,60.12,63.72,60.05,390950.0,0.0527
2018-01-03,63.14,63.22,64.75,61.85,347190.0,0.0091
2018-01-04,62.5,63.33,64.5,62.12,216970.0,-0.0101
2018-01-05,64.78,62.77,65.5,62.57,219310.0,0.0365
2018-01-06,0,0,0,0,0,0
2018-01-07,0,0,0,0,0,0
2018-01-08,55.85,63.98,63.98,52.04,1490000.0,-0.1379
2018-01-09,59.93,57.27,62.16,57.22,830380.0,0.0731
2018-01-10,60.53,59.62,62.53,59.6,316220.0,0.01
2018-01-11,64.0,61.05,64.9,60.6,259519.99999999997,0.057300000000000004
2018-01-12,68.24,64.0,69.76,63.5,589480.0,0.0662
2018-01-13,0,0,0,0,0,0
2018-01-14,0,0,0,0,0,0
2018-01-15,0,0,0,0,0,0
2018-01-16,64.25,69.56,72.5,62.02,659120.0,-0.058499999999999996
2018-01-17,63.6,64.9,65.99,62.28,292250.0,-0.0101
2018-01-18,63.47,64.07,65.38,62.95,240270.0,-0.002
2018-01-19,61.0,63.38,63.38,59.0,524600.0,-0.038900000000000004
2018-01-20,0,0,0,0,0,0
2018-01-21,0,0,0,0,0,0
2018-01-22,63.25,59.8,64.15,59.34,379260.0,0.0369
2018-01-23,62.55,59.01,64.34,59.01,389870.0,-0.0111
2018-01-24,58.66,63.37,63.37,58.04,385930.0,-0.0622
2018-01-25,59.22,59.0,60.72,58.63,235300.0,0.0095
2018-01-26,58.49,59.22,60.38,58.0,329880.0,-0.0123
2018-01-27,0,0,0,0,0,0
2018-01-28,0,0,0,0,0,0
2018-01-29,60.59,58.0,61.29,56.25,436360.0,0.0359
2018-01-30,57.16,59.38,59.8,57.15,239140.0,-0.056600000000000004
2018-01-31,54.44,57.5,57.98,53.76,388110.0,-0.047599999999999996
2018-02-01,53.38,53.41,55.28,52.76,425570.0,-0.0195
2018-02-02,51.46,52.62,53.34,51.0,275110.0,-0.036000000000000004
2018-02-03,0,0,0,0,0,0
2018-02-04,0,0,0,0,0,0
2018-02-05,48.38,51.0,52.8,47.53,436390.0,-0.0599
2018-02-06,52.3,46.55,52.93,46.55,401520.0,0.081
2018-02-07,50.13,51.97,52.0,49.25,274730.0,-0.0415
2018-02-08,49.02,50.36,51.54,48.6,288670.0,-0.022099999999999998
2018-02-09,49.73,49.52,50.19,46.37,312980.0,0.014499999999999999
2018-02-10,0,0,0,0,0,0
2018-02-11,0,0,0,0,0,0
2018-02-12,49.48,50.22,51.81,48.72,197920.0,-0.005
2018-02-13,51.57,49.3,51.8,48.51,135520.0,0.042199999999999994
2018-02-14,53.39,51.07,54.34,50.01,183300.0,0.0353
2018-02-15,53.29,53.75,55.55,52.52,186300.0,-0.0019
2018-02-16,53.27,53.0,54.09,51.85,302650.0,-0.0004
2018-02-17,0,0,0,0,0,0
2018-02-18,0,0,0,0,0,0
2018-02-19,0,0,0,0,0,0
2018-02-20,61.51,52.69,62.77,52.69,620290.0,0.1547
2018-02-21,62.31,61.49,64.99,59.21,447500.0,0.013000000000000001
2018-02-22,61.91,62.46,64.43,60.67,279450.0,-0.0064
2018-02-23,59.61,62.59,63.42,58.6,319570.0,-0.037200000000000004
2018-02-24,0,0,0,0,0,0
2018-02-25,0,0,0,0,0,0
2018-02-26,56.7,58.81,59.98,55.78,457050.0,-0.048799999999999996
2018-02-27,55.39,56.7,57.91,53.6,474030.0,-0.0231
2018-02-28,49.14,60.0,60.05,45.31,1350000.0,-0.1128
2018-03-01,47.73,48.73,50.4,46.71,425140.0,-0.0287
2018-03-02,47.97,46.79,48.2,43.04,910070.0,0.005
2018-03-03,0,0,0,0,0,0
2018-03-04,0,0,0,0,0,0
2018-03-05,46.73,47.62,48.16,44.2,665270.0,-0.0258
2018-03-06,47.2,47.03,48.7,45.66,322990.0,0.0101
2018-03-07,48.27,47.17,48.45,46.75,317580.0,0.0227
2018-03-08,45.1,47.45,48.0,45.1,441000.0,-0.06570000000000001
2018-03-09,44.55,45.27,46.54,42.84,730600.0,-0.012199999999999999
2018-03-10,0,0,0,0,0,0
2018-03-11,0,0,0,0,0,0
2018-03-12,47.08,44.95,47.81,44.6,526150.0,0.056799999999999996
2018-03-13,45.01,46.88,47.15,44.97,366030.0,-0.044000000000000004
2018-03-14,45.06,45.25,45.77,44.61,243230.0,0.0011
2018-03-15,45.4,45.3,46.0,44.43,263680.0,0.0075
2018-03-16,47.46,45.58,47.63,44.74,388630.0,0.0454
2018-03-17,0,0,0,0,0,0
2018-03-18,0,0,0,0,0,0
2018-03-19,44.44,46.53,48.15,44.4,508990.0,-0.0636
2018-03-20,46.0,44.73,46.71,44.67,392090.0,0.0351
2018-03-21,50.22,45.84,51.85,45.84,592770.0,0.0917
2018-03-22,50.77,48.49,52.47,48.03,410830.0,0.011000000000000001
2018-03-23,49.59,50.58,52.66,49.48,288430.0,-0.0232
2018-03-24,0,0,0,0,0,0
2018-03-25,0,0,0,0,0,0
2018-03-26,51.12,51.02,51.39,49.58,183820.0,0.030899999999999997
2018-03-27,47.52,51.33,51.85,47.27,293770.0,-0.0704
2018-03-28,46.72,47.83,48.46,45.63,240950.0,-0.0168
2018-03-29,48.95,46.81,50.42,46.81,261660.00000000003,0.04769999999999999
2018-03-30,0,0,0,0,0,0
2018-03-31,0,0,0,0,0,0
2018-04-01,0,0,0,0,0,0
2018-04-02,48.58,48.69,50.07,46.5,297360.0,-0.0076
2018-04-03,50.96,49.79,51.99,49.53,273230.0,0.049
2018-04-04,54.55,50.2,55.2,50.16,403340.0,0.0704
2018-04-05,53.8,55.12,57.17,53.28,409540.0,-0.0137
2018-04-06,55.84,53.16,56.29,52.62,517309.99999999994,0.0379
2018-04-07,0,0,0,0,0,0
2018-04-08,0,0,0,0,0,0
2018-04-09,57.42,56.8,60.56,56.77,554330.0,0.028300000000000002
2018-04-10,61.06,60.85,61.69,57.72,399710.0,0.0634
2018-04-11,59.26,60.41,60.69,58.52,498350.0,-0.029500000000000002
2018-04-12,52.97,55.41,55.69,52.55,1920000.0,-0.1061
2018-04-13,51.65,52.52,53.24,49.81,767330.0,-0.024900000000000002
2018-04-14,0,0,0,0,0,0
2018-04-15,0,0,0,0,0,0
2018-04-16,51.29,52.37,52.37,50.65,260880.0,-0.006999999999999999
2018-04-17,52.29,51.5,53.06,51.29,469320.0,0.0195
2018-04-18,54.64,52.85,54.99,51.52,493690.0,0.0449
2018-04-19,53.32,53.83,54.41,52.67,433420.0,-0.0242
2018-04-20,54.51,53.27,54.75,53.04,243710.0,0.0223
2018-04-21,0,0,0,0,0,0
2018-04-22,0,0,0,0,0,0
2018-04-23,53.8,55.26,55.4,52.76,267360.0,-0.013000000000000001
2018-04-24,53.1,54.33,54.45,52.04,403610.0,-0.013000000000000001
2018-04-25,52.03,52.85,53.12,50.87,177670.0,-0.0202
2018-04-26,54.58,52.34,54.75,52.27,369870.0,0.049
2018-04-27,54.49,54.8,54.98,53.39,201950.0,-0.0016
2018-04-28,0,0,0,0,0,0
2018-04-29,0,0,0,0,0,0
2018-04-30,53.35,54.41,54.69,52.1,359800.0,-0.0209
2018-05-01,52.45,53.32,53.71,52.3,114090.0,-0.0169
2018-05-02,54.32,52.91,54.87,52.67,216700.0,0.035699999999999996
2018-05-03,53.21,53.93,54.28,51.54,232030.0,-0.0204
2018-05-04,54.01,53.2,54.19,52.01,316660.0,0.015
2018-05-05,0,0,0,0,0,0
2018-05-06,0,0,0,0,0,0
2018-05-07,54.35,54.63,55.45,54.09,405330.0,0.0063
2018-05-08,54.32,54.0,56.49,52.26,554640.0,-0.0006
2018-05-09,54.91,54.51,55.42,52.8,393960.0,0.0109
2018-05-10,54.93,55.23,55.34,54.15,276060.0,0.0004
2018-05-11,55.11,55.05,55.39,54.28,248660.0,0.0033
2018-05-12,0,0,0,0,0,0
2018-05-13,0,0,0,0,0,0
2018-05-14,60.26,55.11,62.57,55.08,906370.0,0.0934
2018-05-15,59.07,59.82,60.57,58.13,384980.0,-0.0197
2018-05-16,67.27,59.89,67.5,59.55,811100.0,0.1388
2018-05-17,65.12,67.26,68.18,64.82,528090.0,-0.032
2018-05-18,64.87,65.0,66.72,64.64,364700.0,-0.0038
2018-05-19,0,0,0,0,0,0
2018-05-20,0,0,0,0,0,0
2018-05-21,65.52,65.9,66.56,65.0,315550.0,0.01
2018-05-22,67.98,66.52,71.5,66.13,689300.0,0.0375
2018-05-23,63.75,67.83,67.83,62.67,594470.0,-0.0622
2018-05-24,64.59,64.93,66.44,64.55,299300.0,0.0132
2018-05-25,65.7,63.94,66.5,63.01,324070.0,0.0172
2018-05-26,0,0,0,0,0,0
2018-05-27,0,0,0,0,0,0
2018-05-28,0,0,0,0,0,0
2018-05-29,65.02,65.46,66.34,63.66,368330.0,-0.0104
2018-05-30,57.15,65.5,65.5,56.34,1090000.0,-0.121
2018-05-31,57.66,57.0,60.25,56.55,788590.0,0.0089
2018-06-01,52.72,57.75,58.23,51.02,1050000.0,-0.0857
2018-06-02,0,0,0,0,0,0
2018-06-03,0,0,0,0,0,0
2018-06-04,41.8,50.76,51.0,39.61,3680000.0,-0.2071
2018-06-05,42.19,41.51,42.69,39.25,1970000.0,0.009300000000000001
2018-06-06,40.16,42.07,42.39,39.0,1350000.0,-0.0481
2018-06-07,40.16,39.63,41.65,39.54,842160.0,0.0
2018-06-08,39.96,40.36,43.38,39.85,1740000.0,-0.005
2018-06-09,0,0,0,0,0,0
2018-06-10,0,0,0,0,0,0
2018-06-11,39.37,40.43,41.58,38.75,1080000.0,-0.0148
2018-06-12,39.93,39.69,40.17,38.3,1460000.0,0.014199999999999999
2018-06-13,39.69,39.7,40.15,38.68,723630.0,-0.006
2018-06-14,37.74,39.19,39.58,35.95,1780000.0,-0.049100000000000005
2018-06-15,35.12,37.37,37.5,33.87,1130000.0,-0.0694
2018-06-16,0,0,0,0,0,0
2018-06-17,0,0,0,0,0,0
2018-06-18,34.72,33.55,35.82,33.34,570630.0,-0.011399999999999999
2018-06-19,35.38,34.17,35.52,33.58,628950.0,0.019
2018-06-20,34.92,35.67,36.45,34.11,604600.0,-0.013000000000000001
2018-06-21,34.62,35.01,35.73,34.44,459260.0,-0.0086
2018-06-22,35.27,34.79,36.36,34.51,523070.00000000006,0.018799999999999997
2018-06-23,0,0,0,0,0,0
2018-06-24,0,0,0,0,0,0
2018-06-25,33.5,35.34,35.34,32.75,472070.0,-0.050199999999999995
2018-06-26,35.21,33.28,35.9,33.13,361870.0,0.051
2018-06-27,35.1,34.95,36.01,33.9,662810.0,-0.0031
2018-06-28,35.51,34.88,36.08,34.58,563840.0,0.011699999999999999
2018-06-29,35.54,35.97,36.58,35.44,312680.0,0.0008
2018-06-30,0,0,0,0,0,0
2018-07-01,0,0,0,0,0,0
2018-07-02,36.38,35.17,37.64,35.17,430490.0,0.0236
2018-07-03,37.1,36.53,38.1,36.41,407570.0,0.019799999999999998
2018-07-04,0,0,0,0,0,0
2018-07-05,38.69,37.18,39.59,37.18,1330000.0,0.0429
2018-07-06,38.55,38.6,38.78,37.93,423710.0,-0.0036
2018-07-07,0,0,0,0,0,0
2018-07-08,0,0,0,0,0,0
2018-07-09,39.39,38.9,40.99,38.85,772170.0,0.0218
2018-07-10,38.13,39.0,39.85,37.37,654030.0,-0.032
2018-07-11,37.18,37.68,38.48,35.85,702540.0,-0.024900000000000002
2018-07-12,37.33,37.49,37.75,36.87,252370.0,0.004
2018-07-13,37.35,36.86,40.42,36.47,966060.0,0.0005
2018-07-14,0,0,0,0,0,0
2018-07-15,0,0,0,0,0,0
2018-07-16,35.48,37.35,37.37,35.02,739110.0,-0.0501
2018-07-17,36.19,35.33,36.5,35.1,438250.0,0.02
2018-07-18,37.64,36.31,38.42,36.2,407850.0,0.0401
2018-07-19,37.4,37.61,37.87,36.77,330790.0,-0.0064
2018-07-20,36.85,37.53,37.53,36.54,170740.0,-0.0147
2018-07-21,0,0,0,0,0,0
2018-07-22,0,0,0,0,0,0
2018-07-23,37.86,36.95,38.65,36.54,410550.0,0.0274
2018-07-24,38.25,38.26,39.1,37.26,406740.0,0.0103
2018-07-25,38.55,38.08,39.47,38.04,441190.0,0.0078000000000000005
2018-07-26,37.91,38.57,39.09,37.58,301080.0,-0.0166
2018-07-27,36.99,37.98,37.98,36.48,255770.0,-0.024300000000000002
2018-07-28,0,0,0,0,0,0
2018-07-29,0,0,0,0,0,0
2018-07-30,36.07,36.95,37.33,35.73,324160.0,-0.024900000000000002
2018-07-31,35.27,35.85,36.37,34.58,486520.0,-0.0222
2018-08-01,36.1,35.15,36.45,34.97,273520.0,0.0235
2018-08-02,35.23,35.84,36.31,34.87,320130.0,-0.0241
2018-08-03,35.5,35.05,35.67,34.6,347080.0,0.0077
2018-08-04,0,0,0,0,0,0
2018-08-05,0,0,0,0,0,0
2018-08-06,37.47,35.25,38.61,34.75,632430.0,0.0555
2018-08-07,40.3,38.83,44.3,38.19,1480000.0,0.0755
2018-08-08,40.01,41.8,42.05,39.07,599730.0,-0.0072
2018-08-09,39.85,40.1,41.7,39.59,383200.0,-0.004
2018-08-10,38.7,39.39,39.81,38.35,241030.0,-0.028900000000000002
2018-08-11,0,0,0,0,0,0
2018-08-12,0,0,0,0,0,0
2018-08-13,37.09,38.37,39.35,36.45,289800.0,-0.0416
2018-08-14,37.66,37.16,37.85,36.02,329590.0,0.0154
2018-08-15,36.72,37.16,37.21,36.17,149760.0,-0.025
2018-08-16,37.11,36.69,37.44,35.69,302360.0,0.0106
2018-08-17,35.13,36.9,36.9,34.4,462620.0,-0.053399999999999996
2018-08-18,0,0,0,0,0,0
2018-08-19,0,0,0,0,0,0
2018-08-20,35.2,35.04,36.51,34.85,532160.0,0.002
2018-08-21,34.33,35.22,35.78,34.25,426440.0,-0.024700000000000003
2018-08-22,33.59,34.41,34.64,32.59,460960.0,-0.0216
2018-08-23,34.12,33.71,34.59,33.16,226500.0,0.0158
2018-08-24,36.66,34.85,37.15,34.82,394240.0,0.07440000000000001
2018-08-25,0,0,0,0,0,0
2018-08-26,0,0,0,0,0,0
2018-08-27,37.15,37.1,38.94,36.88,430590.0,0.0134
2018-08-28,36.85,37.2,37.56,36.41,233550.0,-0.008100000000000001
2018-08-29,37.23,36.71,37.5,36.71,164240.0,0.0103
2018-08-30,35.13,37.04,37.06,34.91,329180.0,-0.0564
2018-08-31,35.67,35.05,35.75,34.49,200040.0,0.0154
2018-09-01,0,0,0,0,0,0
2018-09-02,0,0,0,0,0,0
2018-09-03,0,0,0,0,0,0
2018-09-04,35.84,35.4,35.88,34.5,120180.0,0.0048
2018-09-05,33.09,35.65,35.73,33.07,440420.0,-0.0767
2018-09-06,33.33,33.01,33.87,31.75,243640.0,0.0073
2018-09-07,31.05,33.0,33.15,30.86,296810.0,-0.0684
2018-09-08,0,0,0,0,0,0
2018-09-09,0,0,0,0,0,0
2018-09-10,31.28,31.46,31.46,30.22,283640.0,0.0074
2018-09-11,31.72,31.14,32.41,30.73,273080.0,0.0141
2018-09-12,31.11,31.32,31.82,31.0,153910.0,-0.0192
2018-09-13,31.65,31.22,32.17,31.0,177330.0,0.0174
2018-09-14,30.8,31.66,31.87,30.53,197270.0,-0.0269
2018-09-15,0,0,0,0,0,0
2018-09-16,0,0,0,0,0,0
2018-09-17,29.57,30.59,31.07,29.0,366660.0,-0.039900000000000005
2018-09-18,29.76,29.65,30.17,29.43,224870.0,0.0064
2018-09-19,29.55,29.59,30.15,28.5,543220.0,-0.0070999999999999995
2018-09-20,30.87,29.59,31.34,29.55,219910.0,0.0447
2018-09-21,30.21,30.98,31.18,29.15,269420.0,-0.021400000000000002
2018-09-22,0,0,0,0,0,0
2018-09-23,0,0,0,0,0,0
2018-09-24,30.75,29.99,30.78,29.21,273910.0,0.0179
2018-09-25,27.74,30.51,30.7,27.13,782900.0,-0.09789999999999999
2018-09-26,26.63,27.7,27.8,25.75,740410.0,-0.04
2018-09-27,25.57,26.7,26.73,24.13,1080000.0,-0.0398
2018-09-28,26.11,25.7,26.74,25.38,240200.0,0.021099999999999997
2018-09-29,0,0,0,0,0,0
2018-09-30,0,0,0,0,0,0
2018-10-01,26.41,26.08,26.9,26.08,142980.0,0.0115
2018-10-02,27.5,26.79,27.89,26.55,271320.0,0.041299999999999996
2018-10-03,28.02,27.52,28.33,27.06,151180.0,0.0189
2018-10-04,27.3,27.9,27.9,27.02,166980.0,-0.025699999999999997
2018-10-05,26.37,27.14,27.34,26.22,296020.0,-0.0341
2018-10-06,0,0,0,0,0,0
2018-10-07,0,0,0,0,0,0
2018-10-08,26.3,26.0,26.65,25.6,116220.0,-0.0027
2018-10-09,26.15,26.38,26.77,25.7,128050.00000000001,-0.005699999999999999
2018-10-10,25.12,26.02,26.1,25.01,236300.0,-0.0394
2018-10-11,25.19,25.0,25.82,24.02,159590.0,0.0028000000000000004
2018-10-12,25.75,26.0,26.0,25.02,98430.0,0.0222
2018-10-13,0,0,0,0,0,0
2018-10-14,0,0,0,0,0,0
2018-10-15,27.03,25.87,28.17,25.33,244350.0,0.049699999999999994
2018-10-16,27.8,27.27,27.88,26.5,148780.0,0.0285
2018-10-17,24.93,27.3,27.3,24.84,310640.0,-0.1032
2018-10-18,24.61,25.0,26.8,24.25,450240.0,-0.0128
2018-10-19,23.16,24.63,25.04,23.1,195280.0,-0.058899999999999994
2018-10-20,0,0,0,0,0,0
2018-10-21,0,0,0,0,0,0
2018-10-22,22.96,23.37,23.51,22.09,229390.0,-0.0086
2018-10-23,22.38,22.36,22.65,21.01,202680.0,-0.0253
2018-10-24,21.01,22.02,22.34,21.0,180590.0,-0.061200000000000004
2018-10-25,21.87,21.05,21.96,21.05,111430.0,0.0409
2018-10-26,21.05,21.19,21.52,20.55,136840.0,-0.0375
2018-10-27,0,0,0,0,0,0
2018-10-28,0,0,0,0,0,0
2018-10-29,20.92,21.28,21.91,20.43,140210.0,-0.0062
2018-10-30,21.17,20.78,21.83,20.78,114300.0,0.012
2018-10-31,21.35,21.5,21.69,21.05,137860.0,0.0085
2018-11-01,24.16,21.51,24.6,21.51,296280.0,0.1316
2018-11-02,25.72,24.73,27.24,24.54,560930.0,0.0646
2018-11-03,0,0,0,0,0,0
2018-11-04,0,0,0,0,0,0
2018-11-05,26.18,27.3,29.98,26.01,1050000.0,0.0179
2018-11-06,26.97,25.73,27.37,25.1,330860.0,0.0302
2018-11-07,28.06,27.5,28.9,26.56,441330.0,0.0404
2018-11-08,25.66,27.76,27.78,25.19,325900.0,-0.0855
2018-11-09,25.62,26.01,26.24,24.69,215290.0,-0.0016
2018-11-10,0,0,0,0,0,0
2018-11-11,0,0,0,0,0,0
2018-11-12,25.0,25.71,25.98,24.56,340490.0,-0.0242
2018-11-13,21.43,23.01,24.3,20.35,924460.0,-0.14279999999999998
2018-11-14,21.62,21.4,22.39,21.0,357900.0,0.0089
2018-11-15,23.19,21.31,23.53,20.84,258810.0,0.0726
2018-11-16,24.25,23.1,24.57,23.1,165400.0,0.045700000000000005
2018-11-17,0,0,0,0,0,0
2018-11-18,0,0,0,0,0,0
2018-11-19,24.19,24.24,25.4,23.73,283670.0,-0.0025
2018-11-20,23.0,23.53,23.58,22.19,252070.0,-0.0492
2018-11-21,23.96,23.55,24.13,23.09,77520.0,0.0417
2018-11-22,0,0,0,0,0,0
2018-11-23,23.79,23.49,24.12,23.49,55490.0,-0.0070999999999999995
2018-11-24,0,0,0,0,0,0
2018-11-25,0,0,0,0,0,0
2018-11-26,22.79,24.42,24.51,22.51,301370.0,-0.042
2018-11-27,25.5,22.8,26.0,22.8,261170.00000000003,0.1189
2018-11-28,27.17,25.72,27.37,25.11,225690.0,0.0655
2018-11-29,26.0,26.97,26.97,25.73,127680.0,-0.0431
2018-11-30,26.12,25.95,26.41,25.57,101210.0,0.0046
2018-12-01,0,0,0,0,0,0
2018-12-02,0,0,0,0,0,0
2018-12-03,26.5,27.14,27.86,26.12,122010.0,0.014499999999999999
2018-12-04,24.97,26.34,26.39,24.85,138250.0,-0.057699999999999994
2018-12-05,0,0,0,0,0,0
2018-12-06,25.01,23.98,25.13,23.97,173210.0,0.0016
2018-12-07,24.3,25.02,25.61,24.2,75780.0,-0.028399999999999998
2018-12-08,0,0,0,0,0,0
2018-12-09,0,0,0,0,0,0
2018-12-10,25.12,24.0,25.37,24.0,65580.0,0.0337
2018-12-11,24.71,25.47,25.49,23.95,131280.0,-0.0163
2018-12-12,25.33,24.66,25.93,24.37,156280.0,0.025099999999999997
2018-12-13,25.48,25.65,26.11,25.19,104840.0,0.0059
2018-12-14,24.59,25.07,25.43,24.46,129300.00000000001,-0.0349
2018-12-15,0,0,0,0,0,0
2018-12-16,0,0,0,0,0,0
2018-12-17,24.37,24.56,25.38,23.85,94610.0,-0.0089
2018-12-18,24.78,24.64,25.22,24.42,69070.0,0.0168
2018-12-19,24.74,24.94,26.45,24.2,236080.0,-0.0016
2018-12-20,23.79,24.64,25.4,22.66,191170.0,-0.0384
2018-12-21,22.19,24.07,24.07,21.8,308210.0,-0.0673
2018-12-22,0,0,0,0,0,0
2018-12-23,0,0,0,0,0,0
2018-12-24,22.57,22.2,23.45,21.64,99610.0,0.0171
2018-12-25,0,0,0,0,0,0
2018-12-26,23.45,22.78,23.5,22.19,145240.0,0.039
2018-12-27,23.94,22.97,23.97,22.46,156250.0,0.0209
2018-12-28,23.58,24.26,24.4,23.43,94950.0,-0.015
2018-12-29,0,0,0,0,0,0
2018-12-30,0,0,0,0,0,0
2018-12-31,23.4,23.61,23.84,22.79,117270.0,-0.0076
2019-01-01,0,0,0,0,0,0
2019-01-02,24.05,23.01,24.41,22.54,78370.0,0.0278
2019-01-03,23.3,23.82,24.1,23.23,49150.0,-0.031200000000000002
2019-01-04,24.74,23.82,25.21,23.62,84620.0,0.061799999999999994
2019-01-05,0,0,0,0,0,0
2019-01-06,0,0,0,0,0,0
2019-01-07,26.56,25.05,26.93,24.89,115470.0,0.0736
2019-01-08,26.05,26.93,27.34,25.83,159630.0,-0.0192
2019-01-09,25.82,26.48,26.68,25.63,82070.0,-0.0088
2019-01-10,26.86,25.8,26.91,25.35,132110.0,0.0403
2019-01-11,26.48,26.75,26.76,26.36,87290.0,-0.0141
2019-01-12,0,0,0,0,0,0
2019-01-13,0,0,0,0,0,0
2019-01-14,25.79,26.15,26.79,25.33,73310.0,-0.026099999999999998
2019-01-15,25.81,26.02,26.48,25.4,74100.0,0.0008
2019-01-16,27.08,25.93,28.3,25.93,273700.0,0.0492
2019-01-17,28.05,27.09,28.45,26.58,211170.0,0.0358
2019-01-18,29.33,28.31,30.19,28.31,294560.0,0.045599999999999995
2019-01-19,0,0,0,0,0,0
2019-01-20,0,0,0,0,0,0
2019-01-21,0,0,0,0,0,0
2019-01-22,30.28,29.16,30.29,28.17,468070.0,0.032400000000000005
2019-01-23,31.18,30.75,32.67,30.75,540200.0,0.0297
2019-01-24,33.16,32.1,34.02,31.92,490180.0,0.0635
2019-01-25,34.54,33.71,35.2,33.41,411030.0,0.0416
2019-01-26,0,0,0,0,0,0
2019-01-27,0,0,0,0,0,0
2019-01-28,34.69,34.0,34.95,32.56,219020.0,0.0043
2019-01-29,33.68,35.07,35.1,33.11,202980.0,-0.0291
2019-01-30,36.93,34.78,36.98,33.46,408660.0,0.0965
2019-01-31,40.06,37.51,41.0,37.16,667470.0,0.0848
2019-02-01,34.78,40.35,40.35,33.95,730870.0,-0.1318
2019-02-02,0,0,0,0,0,0
2019-02-03,0,0,0,0,0,0
2019-02-04,34.31,34.87,36.0,34.23,145550.0,-0.013500000000000002
2019-02-05,33.66,34.4,35.38,33.48,221840.0,-0.0189
2019-02-06,34.24,34.15,35.07,33.78,187150.0,0.0172
2019-02-07,32.48,34.0,34.25,31.84,233060.0,-0.051399999999999994
2019-02-08,31.35,32.06,32.42,30.12,302910.0,-0.0348
2019-02-09,0,0,0,0,0,0
2019-02-10,0,0,0,0,0,0
2019-02-11,33.22,31.41,34.48,31.41,290820.0,0.0596
2019-02-12,34.31,34.2,34.43,33.36,185640.0,0.032799999999999996
2019-02-13,34.31,34.41,34.86,33.55,162720.0,0.0
2019-02-14,34.97,33.84,35.58,33.84,182780.0,0.0192
2019-02-15,30.6,34.95,35.32,30.52,558400.0,-0.125
2019-02-16,0,0,0,0,0,0
2019-02-17,0,0,0,0,0,0
2019-02-18,0,0,0,0,0,0
2019-02-19,33.82,31.8,34.5,31.62,544670.0,0.1052
2019-02-20,33.67,34.13,35.25,33.4,289200.0,-0.0044
2019-02-21,35.63,34.6,38.25,34.6,536420.0,0.0582
2019-02-22,39.85,35.87,39.92,35.87,386530.0,0.1184
2019-02-23,0,0,0,0,0,0
2019-02-24,0,0,0,0,0,0
2019-02-25,39.05,40.08,42.0,38.39,579330.0,-0.020099999999999996
2019-02-26,36.88,38.39,38.93,36.24,279710.0,-0.0556
2019-02-27,36.37,36.14,36.88,34.85,425980.0,-0.0138
2019-02-28,36.38,36.4,36.97,36.17,279080.0,0.0003
2019-03-01,38.67,36.9,39.26,36.65,471960.0,0.0629
2019-03-02,0,0,0,0,0,0
2019-03-03,0,0,0,0,0,0
2019-03-04,38.0,39.0,39.89,37.45,401450.0,-0.0173
2019-03-05,36.36,38.07,38.31,36.13,145870.0,-0.0432
2019-03-06,35.13,36.6,37.15,34.49,368140.0,-0.0338
2019-03-07,33.51,34.89,34.89,33.13,372440.0,-0.0461
2019-03-08,32.4,33.0,33.4,32.06,343610.0,-0.0331
2019-03-09,0,0,0,0,0,0
2019-03-10,0,0,0,0,0,0
2019-03-11,34.28,33.0,35.19,32.9,476350.0,0.057999999999999996
2019-03-12,34.26,34.28,35.09,33.2,334400.0,-0.0006
2019-03-13,33.68,34.9,34.9,31.85,963820.0,-0.0169
2019-03-14,33.63,33.65,35.6,33.31,673310.0,-0.0015
2019-03-15,32.89,33.44,34.81,32.85,438010.0,-0.022000000000000002
2019-03-16,0,0,0,0,0,0
2019-03-17,0,0,0,0,0,0
2019-03-18,33.6,32.8,33.87,32.8,242630.0,0.0216
2019-03-19,35.26,33.65,35.6,33.65,238020.0,0.049400000000000006
2019-03-20,35.7,35.09,36.21,34.91,312110.0,0.0125
2019-03-21,32.64,35.29,35.45,32.5,358860.0,-0.0857
2019-03-22,31.45,32.43,32.61,30.73,419210.0,-0.0365
2019-03-23,0,0,0,0,0,0
2019-03-24,0,0,0,0,0,0
2019-03-25,31.7,31.29,32.02,30.75,165280.0,0.0079
2019-03-26,31.17,31.93,31.96,30.44,146080.0,-0.0167
2019-03-27,31.05,30.94,31.22,30.17,201740.0,-0.0038
2019-03-28,32.37,31.05,33.23,30.89,265630.0,0.0425
2019-03-29,33.03,32.76,33.12,32.16,112160.0,0.0204
2019-03-30,0,0,0,0,0,0
2019-03-31,0,0,0,0,0,0
2019-04-01,35.52,33.6,36.18,33.6,370530.0,0.0754
2019-04-02,34.88,35.52,37.0,34.69,196000.0,-0.018000000000000002
2019-04-03,34.28,35.35,35.6,33.26,359800.0,-0.0172
2019-04-04,35.62,34.27,35.84,34.04,195070.0,0.0391
2019-04-05,36.24,35.4,36.35,34.5,133400.0,0.0174
2019-04-06,0,0,0,0,0,0
2019-04-07,0,0,0,0,0,0
2019-04-08,36.86,36.29,37.11,35.7,321640.0,0.0171
2019-04-09,35.11,36.51,36.66,34.65,189900.0,-0.0475
2019-04-10,35.13,34.94,35.64,32.56,649410.0,0.0006
2019-04-11,33.45,34.99,35.23,33.28,261660.00000000003,-0.0478
2019-04-12,35.08,34.16,36.58,34.15,440710.0,0.0487
2019-04-13,0,0,0,0,0,0
2019-04-14,0,0,0,0,0,0
2019-04-15,34.74,35.01,36.16,33.88,248750.0,-0.0097
2019-04-16,35.63,34.97,36.12,34.84,559170.0,0.0256
2019-04-17,37.47,35.97,37.61,35.8,760070.0,0.0516
2019-04-18,37.3,37.81,38.3,36.5,228910.0,-0.0045000000000000005
2019-04-19,0,0,0,0,0,0
2019-04-20,0,0,0,0,0,0
2019-04-21,0,0,0,0,0,0
2019-04-22,37.63,37.2,37.99,37.2,162730.0,0.0088
2019-04-23,37.89,37.64,38.84,37.55,343070.0,0.0069
2019-04-24,37.95,37.91,38.57,37.78,231140.0,0.0016
2019-04-25,37.46,37.93,38.33,37.2,138560.0,-0.0129
2019-04-26,37.38,37.32,37.97,36.93,239780.0,-0.0021
2019-04-27,0,0,0,0,0,0
2019-04-28,0,0,0,0,0,0
2019-04-29,36.99,37.39,38.02,36.66,159980.0,-0.0104
2019-04-30,37.05,36.82,37.53,36.69,101470.0,0.0016
2019-05-01,37.14,37.45,38.17,37.08,139530.0,0.0024
2019-05-02,37.98,37.16,38.21,37.08,216270.0,0.0226
2019-05-03,38.26,38.5,39.0,37.83,137200.0,0.0074
2019-05-04,0,0,0,0,0,0
2019-05-05,0,0,0,0,0,0
2019-05-06,35.67,36.98,37.2,34.27,381070.0,-0.0677
2019-05-07,35.73,35.71,36.43,35.08,201930.0,0.0017000000000000001
2019-05-08,35.19,35.56,35.78,34.51,125240.0,-0.0151
2019-05-09,33.72,34.6,34.85,33.5,368710.0,-0.0418
2019-05-10,34.41,33.69,35.38,33.69,154100.0,0.020499999999999997
2019-05-11,0,0,0,0,0,0
2019-05-12,0,0,0,0,0,0
2019-05-13,32.4,33.5,33.87,32.24,327560.0,-0.0584
2019-05-14,33.4,32.76,34.2,32.76,167960.0,0.030899999999999997
2019-05-15,34.88,33.48,35.11,33.01,364150.0,0.0443
2019-05-16,36.25,34.87,36.68,34.87,178760.0,0.0393
2019-05-17,32.77,35.47,35.48,32.76,256890.0,-0.096
2019-05-18,0,0,0,0,0,0
2019-05-19,0,0,0,0,0,0
2019-05-20,31.14,32.64,32.86,30.75,366730.0,-0.049699999999999994
2019-05-21,35.88,32.0,36.98,32.0,541650.0,0.1522
2019-05-22,38.55,36.4,38.91,35.5,703770.0,0.07440000000000001
2019-05-23,36.44,37.01,38.31,35.72,394790.0,-0.0547
2019-05-24,36.56,36.86,36.91,35.8,168280.0,0.0033
2019-05-25,0,0,0,0,0,0
2019-05-26,0,0,0,0,0,0
2019-05-27,0,0,0,0,0,0
2019-05-28,36.57,37.43,38.0,35.27,307790.0,0.0003
2019-05-29,35.95,36.27,36.43,35.64,72810.0,-0.017
2019-05-30,37.76,35.9,37.88,35.9,159920.0,0.050300000000000004
2019-05-31,38.0,37.0,39.3,36.9,395680.0,0.0064
2019-06-01,0,0,0,0,0,0
2019-06-02,0,0,0,0,0,0
2019-06-03,43.07,38.23,43.16,38.0,608860.0,0.1334
2019-06-04,42.14,43.08,44.0,39.82,511530.0,-0.0216
2019-06-05,41.88,42.64,42.64,40.75,266110.0,-0.0062
2019-06-06,41.46,41.21,41.79,39.82,373590.0,-0.01
2019-06-07,42.38,41.52,42.69,39.94,288950.0,0.0222
2019-06-08,0,0,0,0,0,0
2019-06-09,0,0,0,0,0,0
2019-06-10,45.72,42.43,45.81,42.43,406160.0,0.0788
2019-06-11,45.04,45.6,46.2,44.31,366260.0,-0.0149
2019-06-12,43.97,44.16,44.71,43.65,105880.0,-0.023799999999999998
2019-06-13,45.51,44.5,45.58,44.16,201800.0,0.035
2019-06-14,45.48,45.02,45.74,44.66,157620.0,-0.0007000000000000001
2019-06-15,0,0,0,0,0,0
2019-06-16,0,0,0,0,0,0
2019-06-17,41.8,45.3,45.32,41.0,239260.0,-0.0809
2019-06-18,42.73,42.35,43.89,42.04,404190.0,0.0222
2019-06-19,44.12,42.77,44.46,41.34,274200.0,0.0325
2019-06-20,43.01,45.13,45.98,42.7,253880.0,-0.0252
2019-06-21,42.34,42.75,43.69,41.58,239720.0,-0.015600000000000001
2019-06-22,0,0,0,0,0,0
2019-06-23,0,0,0,0,0,0
2019-06-24,42.57,43.18,43.36,42.0,108330.0,0.0054
2019-06-25,39.92,42.54,42.94,39.71,179640.0,-0.0623
2019-06-26,40.96,40.66,41.36,40.01,111350.0,0.026099999999999998
2019-06-27,41.73,40.87,42.08,40.15,228450.0,0.018799999999999997
2019-06-28,42.37,41.65,42.63,41.19,175940.0,0.015300000000000001
2019-06-29,0,0,0,0,0,0
2019-06-30,0,0,0,0,0,0
2019-07-01,44.04,43.75,45.8,43.75,262079.99999999997,0.0394
2019-07-02,43.63,43.56,44.23,42.78,169000.0,-0.009300000000000001
2019-07-03,42.46,43.64,43.81,42.11,104870.0,-0.0268
2019-07-04,0,0,0,0,0,0
2019-07-05,43.54,42.31,43.56,41.8,150800.0,0.0254
2019-07-06,0,0,0,0,0,0
2019-07-07,0,0,0,0,0,0
2019-07-08,41.06,43.07,43.2,41.04,108390.0,-0.057
2019-07-09,40.5,41.0,41.66,40.11,90430.0,-0.013600000000000001
2019-07-10,40.99,40.56,41.39,39.67,233580.0,0.0121
2019-07-11,38.61,41.01,41.37,38.56,256670.00000000003,-0.0581
2019-07-12,42.66,40.0,42.77,39.95,322460.0,0.10490000000000001
2019-07-13,0,0,0,0,0,0
2019-07-14,0,0,0,0,0,0
2019-07-15,43.1,42.66,43.22,41.52,166650.0,0.0103
2019-07-16,42.08,42.84,43.17,41.45,133860.0,-0.023700000000000002
2019-07-17,42.78,42.16,43.17,41.96,143250.0,0.0166
2019-07-18,42.76,42.71,43.24,42.45,222660.0,-0.0005
2019-07-19,44.15,42.98,45.01,42.71,239580.0,0.0325
2019-07-20,0,0,0,0,0,0
2019-07-21,0,0,0,0,0,0
2019-07-22,42.67,44.15,44.52,42.21,261320.0,-0.0335
2019-07-23,43.55,43.06,43.62,42.16,135270.0,0.0206
2019-07-24,43.94,42.76,44.1,42.16,130669.99999999999,0.009000000000000001
2019-07-25,42.7,43.88,44.13,42.54,100220.0,-0.0282
2019-07-26,43.1,42.86,43.7,42.34,82500.0,0.009399999999999999
2019-07-27,0,0,0,0,0,0
2019-07-28,0,0,0,0,0,0
2019-07-29,42.08,43.06,43.06,40.79,181680.0,-0.023700000000000002
2019-07-30,43.31,41.58,43.58,41.25,142810.0,0.0292
2019-07-31,41.95,43.37,43.52,41.63,100550.0,-0.031400000000000004
2019-08-01,42.58,42.13,45.37,42.12,217250.0,0.015
2019-08-02,43.62,42.36,44.5,41.58,185680.0,0.024399999999999998
2019-08-03,0,0,0,0,0,0
2019-08-04,0,0,0,0,0,0
2019-08-05,39.83,41.97,41.98,39.11,290170.0,-0.08689999999999999
2019-08-06,40.56,40.61,40.84,39.63,149380.0,0.0183
2019-08-07,41.29,40.48,42.23,39.91,199360.0,0.018000000000000002
2019-08-08,42.71,41.56,43.28,41.33,104010.0,0.0344
2019-08-09,42.15,42.33,43.08,40.96,117320.0,-0.0131
2019-08-10,0,0,0,0,0,0
2019-08-11,0,0,0,0,0,0
2019-08-12,43.13,41.75,43.99,40.88,157130.0,0.0233
2019-08-13,42.26,43.11,44.19,41.61,181070.0,-0.0202
2019-08-14,39.66,40.05,41.87,39.01,520020.0,-0.061500000000000006
2019-08-15,41.34,39.98,42.78,39.51,269260.0,0.0424
2019-08-16,43.7,41.0,43.89,40.94,256329.99999999997,0.0571
2019-08-17,0,0,0,0,0,0
2019-08-18,0,0,0,0,0,0
2019-08-19,44.3,44.58,45.78,43.29,201900.0,0.0137
2019-08-20,45.47,44.28,45.69,43.99,132710.0,0.0264
2019-08-21,53.0,47.8,53.0,47.62,650570.0,0.1656
2019-08-22,50.15,52.87,52.87,48.83,268370.0,-0.0538
2019-08-23,48.67,49.71,50.62,48.05,129280.0,-0.029500000000000002
2019-08-24,0,0,0,0,0,0
2019-08-25,0,0,0,0,0,0
2019-08-26,50.54,49.3,50.98,48.89,251220.0,0.0384
2019-08-27,51.52,51.1,53.49,50.53,251360.0,0.0194
2019-08-28,51.45,51.22,51.91,50.52,124390.0,-0.0014000000000000002
2019-08-29,51.53,52.08,52.62,49.37,201980.0,0.0016
2019-08-30,51.6,51.7,51.78,49.37,152480.0,0.0014000000000000002
2019-08-31,0,0,0,0,0,0
2019-09-01,0,0,0,0,0,0
2019-09-02,0,0,0,0,0,0
2019-09-03,50.29,51.41,52.89,49.98,202660.0,-0.0254
2019-09-04,51.63,51.26,52.4,50.64,223560.0,0.026600000000000002
2019-09-05,50.95,52.35,52.35,50.55,202970.0,-0.0132
2019-09-06,51.0,51.21,51.78,50.16,115420.0,0.001
2019-09-07,0,0,0,0,0,0
2019-09-08,0,0,0,0,0,0
2019-09-09,48.27,51.08,51.6,47.16,227090.0,-0.0535
2019-09-10,48.39,48.18,49.18,46.51,169930.0,0.0025
2019-09-11,49.43,49.08,51.3,48.88,193410.0,0.0215
2019-09-12,47.67,49.67,49.99,47.11,330100.0,-0.0356
2019-09-13,48.2,47.96,49.8,46.97,112690.0,0.0111
2019-09-14,0,0,0,0,0,0
2019-09-15,0,0,0,0,0,0
2019-09-16,51.01,48.2,51.29,48.2,241970.0,0.0583
2019-09-17,51.12,50.88,51.5,50.19,159860.0,0.0022
2019-09-18,51.19,51.0,51.73,50.35,331540.0,0.0014000000000000002
2019-09-19,51.33,51.29,52.5,50.91,229840.0,0.0027
2019-09-20,50.83,51.52,51.55,50.49,647910.0,-0.0097
2019-09-21,0,0,0,0,0,0
2019-09-22,0,0,0,0,0,0
2019-09-23,51.47,48.83,51.56,48.28,182390.0,0.0126
2019-09-24,47.9,50.56,51.32,47.9,325280.0,-0.0694
2019-09-25,47.76,47.9,48.5,47.09,149230.0,-0.0029
2019-09-26,46.3,47.46,47.93,46.02,108770.0,-0.030600000000000002
2019-09-27,44.54,46.58,47.03,43.32,491520.0,-0.038
2019-09-28,0,0,0,0,0,0
2019-09-29,0,0,0,0,0,0
2019-09-30,46.09,45.54,46.68,44.0,268430.0,0.0348
2019-10-01,44.94,46.09,46.6,44.61,95860.0,-0.025
2019-10-02,43.86,44.75,44.75,43.13,169410.0,-0.024
2019-10-03,44.61,43.8,44.76,43.32,92690.0,0.0171
2019-10-04,45.38,44.82,45.48,43.84,55520.0,0.0173
2019-10-05,0,0,0,0,0,0
2019-10-06,0,0,0,0,0,0
2019-10-07,43.87,44.79,45.42,43.58,123850.0,-0.0333
2019-10-08,43.8,43.51,44.49,43.14,89580.0,-0.0016
2019-10-09,43.62,44.59,44.66,43.41,86850.0,-0.0040999999999999995
2019-10-10,43.92,43.65,44.95,43.57,63370.0,0.0069
2019-10-11,43.56,44.62,44.82,42.42,135250.0,-0.008199999999999999
2019-10-12,0,0,0,0,0,0
2019-10-13,0,0,0,0,0,0
2019-10-14,44.04,43.71,44.77,43.6,84620.0,0.011000000000000001
2019-10-15,43.51,43.81,44.43,42.58,492980.0,-0.012
2019-10-16,40.49,42.82,43.01,40.29,324860.0,-0.0694
2019-10-17,40.84,40.59,41.65,40.1,154020.0,0.0086
2019-10-18,40.21,40.34,41.64,40.2,77240.0,-0.0154
2019-10-19,0,0,0,0,0,0
2019-10-20,0,0,0,0,0,0
2019-10-21,39.97,40.3,40.98,39.6,154180.0,-0.006
2019-10-22,39.4,40.32,40.32,39.13,111950.0,-0.0143
2019-10-23,39.44,39.13,40.03,39.0,118780.0,0.001
2019-10-24,41.37,40.2,41.8,39.89,190850.0,0.0489
2019-10-25,40.58,41.49,41.49,39.98,59730.0,-0.0191
2019-10-26,0,0,0,0,0,0
2019-10-27,0,0,0,0,0,0
2019-10-28,39.7,40.68,41.03,39.61,89970.0,-0.0217
2019-10-29,39.59,39.35,40.73,39.02,71190.0,-0.0028000000000000004
2019-10-30,36.77,39.02,39.46,36.36,329270.0,-0.0712
2019-10-31,37.96,36.89,38.49,36.21,344160.0,0.032400000000000005
2019-11-01,38.63,38.0,39.1,37.01,146440.0,0.0177
2019-11-02,0,0,0,0,0,0
2019-11-03,0,0,0,0,0,0
2019-11-04,37.48,39.25,39.25,37.28,162340.0,-0.0298
2019-11-05,37.57,37.59,38.0,35.73,770060.0,0.0024
2019-11-06,37.36,37.69,38.23,37.2,63380.0,-0.005600000000000001
2019-11-07,36.37,37.42,38.04,35.95,172890.0,-0.0265
2019-11-08,36.69,36.17,37.14,35.94,67090.0,0.0088
2019-11-09,0,0,0,0,0,0
2019-11-10,0,0,0,0,0,0
2019-11-11,36.87,36.27,37.13,36.27,67640.0,0.0049
2019-11-12,40.59,39.31,43.2,38.76,604980.0,0.1009
2019-11-13,38.18,40.5,40.8,38.11,225720.0,-0.0594
2019-11-14,39.04,39.05,39.69,37.65,177760.0,0.0225
2019-11-15,39.14,38.75,39.29,38.45,148220.0,0.0026
2019-11-16,0,0,0,0,0,0
2019-11-17,0,0,0,0,0,0
2019-11-18,38.87,39.18,39.68,38.5,122140.0,-0.0069
2019-11-19,38.83,38.96,39.89,38.16,206130.0,-0.001
2019-11-20,39.53,38.82,39.75,38.59,165330.0,0.018000000000000002
2019-11-21,37.74,39.27,39.5,36.21,572310.0,-0.0453
2019-11-22,37.82,37.71,38.16,36.6,104650.0,0.0021
2019-11-23,0,0,0,0,0,0
2019-11-24,0,0,0,0,0,0
2019-11-25,37.01,37.79,37.79,35.79,347140.0,-0.021400000000000002
2019-11-26,37.0,37.27,37.35,36.21,131400.0,-0.0003
2019-11-27,38.14,37.04,38.27,36.63,89100.0,0.0308
2019-11-28,0,0,0,0,0,0
2019-11-29,38.08,38.82,38.87,37.66,83750.0,-0.0016
2019-11-30,0,0,0,0,0,0
2019-12-01,0,0,0,0,0,0
2019-12-02,40.04,38.19,41.14,38.18,290500.0,0.051500000000000004
2019-12-03,40.35,39.74,40.82,39.28,266890.0,0.0077
2019-12-04,42.08,40.07,43.14,40.07,191340.0,0.0429
2019-12-05,43.78,42.2,44.61,42.2,311620.0,0.0404
2019-12-06,45.71,43.98,45.97,43.98,522000.0,0.0441
2019-12-07,0,0,0,0,0,0
2019-12-08,0,0,0,0,0,0
2019-12-09,46.46,46.35,47.0,45.07,516450.00000000006,0.016399999999999998
2019-12-10,45.0,45.81,45.97,43.5,261670.00000000003,-0.031400000000000004
2019-12-11,46.41,44.92,47.0,44.76,232900.0,0.0313
2019-12-12,47.53,46.25,47.58,46.0,311310.0,0.0241
2019-12-13,47.42,47.21,49.4,47.21,154420.0,-0.0023
2019-12-14,0,0,0,0,0,0
2019-12-15,0,0,0,0,0,0
2019-12-16,49.67,47.8,50.1,47.16,803470.0,0.047400000000000005
2019-12-17,49.7,49.77,50.45,49.12,162440.0,0.0006
2019-12-18,48.57,49.71,49.94,48.33,111540.0,-0.0227
2019-12-19,48.84,48.41,48.84,48.14,129389.99999999999,0.005600000000000001
2019-12-20,49.96,48.62,50.39,48.4,187400.0,0.0229
2019-12-21,0,0,0,0,0,0
2019-12-22,0,0,0,0,0,0
2019-12-23,51.03,49.92,51.35,49.76,120860.0,0.021400000000000002
2019-12-24,51.64,51.0,51.79,50.59,84670.0,0.012
2019-12-25,0,0,0,0,0,0
2019-12-26,51.51,51.6,52.06,51.03,66990.0,-0.0025
2019-12-27,51.64,51.5,52.06,51.0,85430.0,0.0025
2019-12-28,0,0,0,0,0,0
2019-12-29,0,0,0,0,0,0
2019-12-30,50.36,51.64,51.67,50.1,163120.0,-0.0248
2019-12-31,51.2,50.26,51.25,49.8,75460.0,0.0167
2020-01-01,0,0,0,0,0,0
2020-01-02,54.98,51.2,55.16,51.2,255600.0,0.0738
2020-01-03,54.45,54.78,55.51,54.05,175940.0,-0.0096
2020-01-04,0,0,0,0,0,0
2020-01-05,0,0,0,0,0,0
2020-01-06,53.85,54.19,54.2,52.51,124160.0,-0.011000000000000001
2020-01-07,53.36,53.49,54.17,52.8,95100.0,-0.0091
2020-01-08,54.38,53.41,54.66,53.41,154690.0,0.0191
2020-01-09,55.67,55.0,58.32,55.0,195670.0,0.023700000000000002
2020-01-10,56.06,55.88,56.77,55.35,204800.0,0.006999999999999999
2020-01-11,0,0,0,0,0,0
2020-01-12,0,0,0,0,0,0
2020-01-13,59.44,56.44,60.15,56.4,273080.0,0.0603
2020-01-14,58.93,58.98,59.41,57.71,200190.0,-0.0086
2020-01-15,55.07,58.88,59.02,54.98,292810.0,-0.0655
2020-01-16,53.65,56.3,57.17,52.91,323880.0,-0.0258
2020-01-17,53.63,53.73,54.6,52.41,221050.0,-0.0004
2020-01-18,0,0,0,0,0,0
2020-01-19,0,0,0,0,0,0
2020-01-20,0,0,0,0,0,0
2020-01-21,55.42,53.77,57.5,53.67,341530.0,0.0334
2020-01-22,53.09,55.83,56.31,52.89,137200.0,-0.042
2020-01-23,52.36,52.99,53.59,50.73,175610.0,-0.0138
2020-01-24,51.31,52.42,52.99,51.04,69620.0,-0.020099999999999996
2020-01-25,0,0,0,0,0,0
2020-01-26,0,0,0,0,0,0
2020-01-27,50.38,50.0,50.72,49.72,284040.0,-0.0181
2020-01-28,50.97,50.48,51.2,50.3,60540.0,0.011699999999999999
2020-01-29,53.28,51.42,53.82,51.4,221520.0,0.0453
2020-01-30,52.26,52.43,52.5,51.1,208970.0,-0.0191
2020-01-31,50.58,51.9,51.99,50.14,131510.0,-0.0321
2020-02-01,0,0,0,0,0,0
2020-02-02,0,0,0,0,0,0
2020-02-03,51.89,50.73,52.31,50.07,87660.0,0.0259
2020-02-04,57.48,52.71,57.98,52.5,738170.0,0.10769999999999999
2020-02-05,58.28,58.08,59.22,56.4,153840.0,0.0139
2020-02-06,62.74,59.55,63.83,59.11,337210.0,0.0765
2020-02-07,57.75,62.2,62.2,56.47,260410.00000000003,-0.0795
2020-02-08,0,0,0,0,0,0
2020-02-09,0,0,0,0,0,0
2020-02-10,57.87,57.49,59.22,57.0,105610.0,0.0021
2020-02-11,66.74,64.16,67.97,62.8,587340.0,0.1533
2020-02-12,75.25,67.1,75.49,66.98,732750.0,0.1275
2020-02-13,71.48,74.0,74.39,69.13,404350.0,-0.0501
2020-02-14,72.56,71.85,74.05,71.01,303390.0,0.0151
2020-02-15,0,0,0,0,0,0
2020-02-16,0,0,0,0,0,0
2020-02-17,0,0,0,0,0,0
2020-02-18,73.58,72.56,74.52,69.75,279420.0,0.0141
2020-02-19,77.64,74.64,79.0,74.64,295570.0,0.0552
2020-02-20,76.52,77.64,81.46,74.77,370510.0,-0.0144
2020-02-21,76.21,75.89,76.77,73.06,539940.0,-0.0040999999999999995
2020-02-22,0,0,0,0,0,0
2020-02-23,0,0,0,0,0,0
2020-02-24,72.88,71.82,75.13,70.92,183460.0,-0.0437
2020-02-25,71.03,73.6,74.34,69.32,153340.0,-0.0254
2020-02-26,71.17,71.53,73.29,69.88,100320.0,0.002
2020-02-27,66.97,69.19,69.41,65.19,278160.0,-0.059000000000000004
2020-02-28,65.57,63.5,65.78,60.52,330040.0,-0.0209
2020-02-29,0,0,0,0,0,0
2020-03-01,0,0,0,0,0,0
2020-03-02,64.9,66.06,66.29,59.51,457800.0,-0.0102
2020-03-03,63.23,64.89,67.95,62.66,281530.0,-0.025699999999999997
2020-03-04,63.32,64.38,65.74,61.52,208670.0,0.0014000000000000002
2020-03-05,61.67,61.89,65.73,61.0,319540.0,-0.026099999999999998
2020-03-06,59.0,59.67,60.41,56.54,267170.0,-0.0433
2020-03-07,0,0,0,0,0,0
2020-03-08,0,0,0,0,0,0
2020-03-09,50.73,53.36,53.54,50.26,498200.0,-0.1402
2020-03-10,56.85,54.75,57.91,53.07,468960.0,0.1206
2020-03-11,57.7,59.0,63.23,55.3,876490.0,0.015
2020-03-12,52.85,52.94,56.27,51.83,367060.0,-0.08410000000000001
2020-03-13,56.65,57.0,57.38,52.69,407810.0,0.0719
2020-03-14,0,0,0,0,0,0
2020-03-15,0,0,0,0,0,0
2020-03-16,52.6,47.95,56.95,47.51,339330.0,-0.07150000000000001
2020-03-17,55.35,53.12,57.98,51.6,268020.0,0.052300000000000006
2020-03-18,42.83,51.21,55.69,42.29,324520.0,-0.2262
2020-03-19,48.66,43.7,48.84,42.0,282420.0,0.1361
2020-03-20,45.58,50.35,52.27,45.11,414140.0,-0.0633
2020-03-21,0,0,0,0,0,0
2020-03-22,0,0,0,0,0,0
2020-03-23,44.48,45.86,46.0,42.03,425610.0,-0.0241
2020-03-24,56.92,47.47,57.96,47.47,297170.0,0.2797
2020-03-25,59.82,57.01,61.93,54.84,240650.0,0.0509
2020-03-26,59.63,59.93,60.66,58.07,213170.0,-0.0032
2020-03-27,53.78,55.72,55.89,53.5,229660.0,-0.0981
2020-03-28,0,0,0,0,0,0
2020-03-29,0,0,0,0,0,0
2020-03-30,55.59,53.78,55.88,53.41,272810.0,0.0337
2020-03-31,57.92,55.5,59.0,55.24,288250.0,0.04190000000000001
2020-04-01,50.45,55.18,55.93,50.02,296200.0,-0.129
2020-04-02,54.09,50.94,54.67,50.82,197780.0,0.0722
2020-04-03,51.42,53.65,54.15,50.0,326870.0,-0.049400000000000006
2020-04-04,0,0,0,0,0,0
2020-04-05,0,0,0,0,0,0
2020-04-06,52.68,54.45,55.84,51.88,185330.0,0.0245
2020-04-07,50.19,54.84,54.84,49.72,187170.0,-0.0473
2020-04-08,53.12,51.21,53.48,50.76,115780.0,0.0584
2020-04-09,49.91,54.0,56.12,49.73,243390.0,-0.0604
2020-04-10,0,0,0,0,0,0
2020-04-11,0,0,0,0,0,0
2020-04-12,0,0,0,0,0,0
2020-04-13,52.76,50.11,53.5,49.5,127580.0,0.0571
2020-04-14,52.3,54.45,54.85,50.36,232940.0,-0.0087
2020-04-15,49.77,51.0,51.75,48.95,583550.0,-0.0484
2020-04-16,48.22,50.29,50.72,45.83,297370.0,-0.0311
2020-04-17,46.69,49.89,50.28,46.35,241330.0,-0.0317
2020-04-18,0,0,0,0,0,0
2020-04-19,0,0,0,0,0,0
2020-04-20,47.92,46.67,48.2,46.07,150290.0,0.0263
2020-04-21,44.66,46.98,46.98,44.29,105900.0,-0.068
2020-04-22,47.21,45.85,47.43,45.63,101060.0,0.0571
2020-04-23,47.18,46.46,48.72,46.46,171830.0,-0.0006
2020-04-24,46.22,47.37,47.96,45.05,149490.0,-0.0203
2020-04-25,0,0,0,0,0,0
2020-04-26,0,0,0,0,0,0
2020-04-27,47.43,46.41,48.46,46.41,92120.0,0.0262
2020-04-28,48.14,47.76,48.9,47.13,169600.0,0.015
2020-04-29,51.21,48.5,52.66,47.6,155040.0,0.0638
2020-04-30,52.13,50.96,53.43,50.82,230460.0,0.018000000000000002
2020-05-01,49.63,50.69,50.69,46.65,204370.0,-0.048
2020-05-02,0,0,0,0,0,0
2020-05-03,0,0,0,0,0,0
2020-05-04,48.2,48.76,50.46,46.43,102520.0,-0.0288
2020-05-05,48.93,49.15,51.04,48.78,73280.0,0.0151
2020-05-06,55.53,50.25,56.84,49.98,283870.0,0.1349
2020-05-07,54.68,56.36,56.8,54.0,138120.0,-0.015300000000000001
2020-05-08,56.28,55.88,56.8,55.4,82700.0,0.029300000000000003
2020-05-09,0,0,0,0,0,0
2020-05-10,0,0,0,0,0,0
2020-05-11,55.27,56.0,56.0,53.73,160800.0,-0.0179
2020-05-12,53.9,55.59,56.4,53.16,132790.0,-0.0248
2020-05-13,50.11,54.01,54.01,49.25,159350.0,-0.0703
2020-05-14,48.73,49.04,49.04,46.44,302490.0,-0.0275
2020-05-15,48.2,48.01,48.61,46.48,164780.0,-0.0109
2020-05-16,0,0,0,0,0,0
2020-05-17,0,0,0,0,0,0
2020-05-18,51.06,50.47,52.18,50.47,131230.0,0.0593
2020-05-19,54.87,51.5,55.69,51.5,217730.0,0.0746
2020-05-20,59.46,59.52,62.54,57.52,539950.0,0.0837
2020-05-21,57.81,59.29,59.87,57.16,278680.0,-0.0277
2020-05-22,52.28,56.39,56.41,52.1,359240.0,-0.09570000000000001
2020-05-23,0,0,0,0,0,0
2020-05-24,0,0,0,0,0,0
2020-05-25,0,0,0,0,0,0
2020-05-26,52.51,53.19,56.0,52.28,191210.0,0.0044
2020-05-27,51.89,52.5,53.53,50.4,340680.0,-0.0118
2020-05-28,50.29,52.05,52.27,50.02,121860.0,-0.0308
2020-05-29,51.17,50.42,52.5,50.22,259410.00000000003,0.0175
2020-05-30,0,0,0,0,0,0
2020-05-31,0,0,0,0,0,0
2020-06-01,54.28,52.1,56.6,52.1,255310.0,0.0608
2020-06-02,53.44,54.28,55.89,53.14,119320.0,-0.0155
2020-06-03,55.49,53.79,55.69,53.64,126110.0,0.0384
2020-06-04,56.17,54.86,57.5,54.86,172670.0,0.0123
2020-06-05,58.88,60.47,60.99,57.69,338570.0,0.0482
2020-06-06,0,0,0,0,0,0
2020-06-07,0,0,0,0,0,0
2020-06-08,61.99,60.05,62.01,59.73,378070.0,0.0528
2020-06-09,57.35,58.9,60.09,57.26,218560.0,-0.07490000000000001
2020-06-10,58.74,58.3,60.1,56.3,206230.0,0.0242
2020-06-11,56.56,55.89,58.61,55.65,245790.0,-0.0371
2020-06-12,58.01,58.41,60.19,57.54,130130.0,0.0256
2020-06-13,0,0,0,0,0,0
2020-06-14,0,0,0,0,0,0
2020-06-15,56.83,57.14,57.36,55.39,136320.0,-0.0203
2020-06-16,55.83,58.65,59.24,54.9,201960.0,-0.0176
2020-06-17,56.99,55.58,58.06,55.58,109850.0,0.0208
2020-06-18,59.41,57.13,60.54,56.96,240280.0,0.0425
2020-06-19,59.98,60.0,62.63,59.49,327740.0,0.0096
2020-06-20,0,0,0,0,0,0
2020-06-21,0,0,0,0,0,0
2020-06-22,60.21,60.0,60.66,57.27,357210.0,0.0038
2020-06-23,68.85,61.33,68.85,61.33,438630.0,0.1435
2020-06-24,73.31,68.28,74.16,67.16,663100.0,0.06480000000000001
2020-06-25,71.46,72.49,74.08,70.41,379100.0,-0.0252
2020-06-26,69.76,71.49,71.49,69.31,147070.0,-0.023799999999999998
2020-06-27,0,0,0,0,0,0
2020-06-28,0,0,0,0,0,0
2020-06-29,76.32,71.0,76.55,70.06,582040.0,0.094
2020-06-30,74.24,75.94,76.49,72.77,525660.0,-0.0273
2020-07-01,85.96,75.9,89.27,75.9,788560.0,0.15789999999999998
2020-07-02,85.15,87.46,90.86,83.5,501480.0,-0.009399999999999999
2020-07-03,0,0,0,0,0,0
2020-07-04,0,0,0,0,0,0
2020-07-05,0,0,0,0,0,0
2020-07-06,97.17,88.64,98.0,88.64,458530.0,0.1412
2020-07-07,88.69,94.7,94.7,86.63,541720.0,-0.0873
2020-07-08,92.17,91.12,93.9,90.14,396130.0,0.0392
2020-07-09,89.99,93.4,93.97,87.97,386030.0,-0.023700000000000002
2020-07-10,89.62,89.23,90.79,85.68,155540.0,-0.0040999999999999995
2020-07-11,0,0,0,0,0,0
2020-07-12,0,0,0,0,0,0
2020-07-13,87.67,93.13,97.35,87.51,327980.0,-0.0218
2020-07-14,92.76,88.76,94.76,85.7,294920.0,0.0581
2020-07-15,93.14,96.8,98.58,91.57,416970.0,0.0040999999999999995
2020-07-16,87.61,90.7,90.74,86.86,195540.0,-0.0594
2020-07-17,88.71,89.9,89.99,86.49,170440.0,0.0126
2020-07-18,0,0,0,0,0,0
2020-07-19,0,0,0,0,0,0
2020-07-20,111.11,102.21,112.65,101.83,898110.0,0.2525
2020-07-21,106.78,110.0,111.2,102.8,413460.0,-0.039
2020-07-22,109.46,107.31,109.76,105.98,172960.0,0.025099999999999997
2020-07-23,109.45,111.31,118.96,107.3,440830.0,-0.0001
2020-07-24,108.55,106.73,109.85,102.04,204830.0,-0.008199999999999999
2020-07-25,0,0,0,0,0,0
2020-07-26,0,0,0,0,0,0
2020-07-27,109.39,110.76,111.74,103.11,230610.0,0.0077
2020-07-28,104.27,108.97,108.97,104.0,170670.0,-0.046799999999999994
2020-07-29,105.0,105.98,107.93,103.9,209020.0,0.006999999999999999
2020-07-30,110.97,106.74,112.78,106.74,350380.0,0.056900000000000006
2020-07-31,110.91,113.11,114.99,109.0,198880.0,-0.0005
2020-08-01,0,0,0,0,0,0
2020-08-02,0,0,0,0,0,0
2020-08-03,116.61,113.52,118.58,113.52,264740.0,0.051399999999999994
2020-08-04,124.22,119.75,126.36,119.75,388330.0,0.0653
2020-08-05,124.65,125.82,128.0,117.5,313640.0,0.0034999999999999996
2020-08-06,118.85,123.93,123.93,116.17,273410.0,-0.04650000000000001
2020-08-07,122.55,117.04,123.85,115.4,199480.0,0.0311
2020-08-08,0,0,0,0,0,0
2020-08-09,0,0,0,0,0,0
2020-08-10,119.14,124.16,128.44,118.93,430890.0,-0.0278
2020-08-11,116.05,119.25,119.62,113.7,146910.0,-0.0259
2020-08-12,119.03,117.0,119.29,113.93,171750.0,0.025699999999999997
2020-08-13,115.95,119.03,120.2,115.95,228550.0,-0.0259
2020-08-14,112.14,116.55,116.55,109.55,236480.0,-0.0329
2020-08-15,0,0,0,0,0,0
2020-08-16,0,0,0,0,0,0
2020-08-17,114.41,115.78,118.74,113.63,296950.0,0.0202
2020-08-18,122.42,123.17,127.74,120.94,485170.0,0.07
2020-08-19,125.19,120.0,127.46,120.0,272780.0,0.0226
2020-08-20,122.87,122.7,124.01,116.6,376320.0,-0.018500000000000003
2020-08-21,123.01,121.48,123.22,119.75,144090.0,0.0011
2020-08-22,0,0,0,0,0,0
2020-08-23,0,0,0,0,0,0
2020-08-24,124.59,123.61,125.62,122.31,236420.0,0.0128
2020-08-25,133.37,124.63,133.93,122.39,593140.0,0.0705
2020-08-26,128.86,135.89,137.03,128.0,221780.0,-0.0338
2020-08-27,123.2,129.26,130.53,121.03,297570.0,-0.043899999999999995
2020-08-28,125.17,124.0,127.72,123.43,151690.0,0.016
2020-08-29,0,0,0,0,0,0
2020-08-30,0,0,0,0,0,0
2020-08-31,112.81,124.53,124.68,112.73,474720.0,-0.0987
2020-09-01,113.56,115.04,119.17,112.37,349400.0,0.0066
2020-09-02,111.87,114.2,114.2,109.4,297250.0,-0.0149
2020-09-03,100.94,108.39,108.39,100.0,394660.0,-0.0977
2020-09-04,99.28,101.0,102.0,91.12,389650.0,-0.016399999999999998
2020-09-05,0,0,0,0,0,0
2020-09-06,0,0,0,0,0,0
2020-09-07,0,0,0,0,0,0
2020-09-08,100.31,94.26,102.75,93.47,258100.00000000003,0.0104
2020-09-09,98.87,102.41,103.26,97.42,277990.0,-0.0144
2020-09-10,96.53,99.6,100.19,96.0,136240.0,-0.023700000000000002
2020-09-11,112.57,108.49,116.87,106.12,653970.0,0.16620000000000001
2020-09-12,0,0,0,0,0,0
2020-09-13,0,0,0,0,0,0
2020-09-14,116.89,114.73,118.72,110.05,410600.0,0.0384
2020-09-15,120.0,118.8,121.94,117.3,360200.0,0.026600000000000002
2020-09-16,118.87,120.0,121.08,114.37,263210.0,-0.009399999999999999
2020-09-17,114.22,113.78,114.47,110.1,224070.0,-0.0391
2020-09-18,111.41,115.72,116.56,111.31,419970.0,-0.0246
2020-09-19,0,0,0,0,0,0
2020-09-20,0,0,0,0,0,0
2020-09-21,112.78,110.73,112.84,108.35,225040.0,0.0123
2020-09-22,115.11,112.35,115.55,108.96,348070.0,0.0207
2020-09-23,124.52,117.53,131.76,117.53,437630.0,0.0817
2020-09-24,121.39,121.01,125.87,111.72,321190.0,-0.025099999999999997
2020-09-25,121.87,122.06,123.25,118.55,237390.0,0.004
2020-09-26,0,0,0,0,0,0
2020-09-27,0,0,0,0,0,0
2020-09-28,129.92,126.48,129.92,125.01,262100.00000000003,0.0661
2020-09-29,130.55,129.67,133.42,128.06,427720.0,0.0048
2020-09-30,135.24,132.5,141.6,132.5,649660.0,0.0359
2020-10-01,149.16,137.52,149.93,137.38,644030.0,0.10289999999999999
2020-10-02,148.79,142.23,151.57,137.57,573960.0,-0.0025
2020-10-03,0,0,0,0,0,0
2020-10-04,0,0,0,0,0,0
2020-10-05,168.0,152.48,168.7,152.48,670840.0,0.1291
2020-10-06,172.0,167.56,178.49,158.7,522500.0,0.023799999999999998
2020-10-07,188.78,179.0,192.65,174.02,769830.0,0.09759999999999999
2020-10-08,186.54,193.3,199.67,182.91,610570.0,-0.011899999999999999
2020-10-09,196.53,182.41,198.85,176.81,485230.0,0.0536
2020-10-10,0,0,0,0,0,0
2020-10-11,0,0,0,0,0,0
2020-10-12,196.13,208.34,216.28,191.0,1060000.0,-0.002
2020-10-13,212.22,195.25,225.4,195.25,896180.0,0.08199999999999999
2020-10-14,218.76,216.99,224.0,212.5,615430.0,0.0308
2020-10-15,201.68,207.37,212.0,199.03,710640.0,-0.0781
2020-10-16,200.01,198.26,204.3,177.31,1950000.0,-0.0083
2020-10-17,0,0,0,0,0,0
2020-10-18,0,0,0,0,0,0
2020-10-19,211.14,192.64,212.08,192.64,792950.0,0.0556
2020-10-20,241.99,215.48,242.94,214.71,857520.0,0.1461
2020-10-21,199.11,235.02,235.02,198.84,1350000.0,-0.1772
2020-10-22,198.0,200.0,202.01,190.8,933270.0,-0.005600000000000001
2020-10-23,198.09,199.94,206.03,188.49,446660.0,0.0005
2020-10-24,0,0,0,0,0,0
2020-10-25,0,0,0,0,0,0
2020-10-26,0,0,0,0,0,0
2020-10-26,178.81,189.95,191.0,175.0,735400.0,-0.0973
2020-10-27,173.89,179.72,185.72,171.03,636260.0,-0.0275
2020-10-28,179.38,175.0,183.97,167.1,714070.0,0.0316
2020-10-29,187.69,183.0,193.1,180.65,437510.0,0.0463
2020-10-30,182.61,184.81,185.99,175.51,262590.0,-0.0271
2020-10-30,182.61,182.1,185.47,176.03,262720.0,-0.0271
