2015-01-02,20.07,19.88,20.16,18.93,945190.0,0.0183
2015-01-03,0,0,0,0,0,0
2015-01-04,0,0,0,0,0,0
2015-01-05,18.92,19.75,20.15,18.8,787320.0,-0.057300000000000004
2015-01-06,17.8,18.92,19.2,17.46,1430000.0,-0.0592
2015-01-07,17.42,18.31,18.42,17.16,966430.0,-0.0213
2015-01-08,18.59,17.6,18.65,17.35,979520.0,0.0672
2015-01-09,18.88,18.5,18.94,18.07,740170.0,0.015600000000000001
2015-01-10,0,0,0,0,0,0
2015-01-11,0,0,0,0,0,0
2015-01-12,18.45,18.62,18.64,17.6,1160000.0,-0.022799999999999997
2015-01-13,18.13,18.6,19.22,17.84,1430000.0,-0.0173
2015-01-14,18.02,17.8,18.35,17.36,1060000.0,-0.0060999999999999995
2015-01-15,17.51,18.3,18.58,17.41,942210.0,-0.028300000000000002
2015-01-16,17.66,17.55,18.04,17.42,802960.0,0.0086
2015-01-17,0,0,0,0,0,0
2015-01-18,0,0,0,0,0,0
2015-01-19,0,0,0,0,0,0
2015-01-20,16.5,17.49,17.57,16.1,2029999.9999999998,-0.06570000000000001
2015-01-21,16.64,16.6,17.12,16.35,1480000.0,0.0085
2015-01-22,16.7,16.77,16.98,16.33,708630.0,0.0036
2015-01-23,16.73,16.53,17.06,16.44,688390.0,0.0018
2015-01-24,0,0,0,0,0,0
2015-01-25,0,0,0,0,0,0
2015-01-26,17.86,16.8,18.02,16.8,1140000.0,0.0675
2015-01-27,18.65,17.5,18.79,17.5,1190000.0,0.044199999999999996
2015-01-28,18.01,18.99,18.99,17.94,1180000.0,-0.034300000000000004
2015-01-29,17.68,18.05,18.35,17.07,1480000.0,-0.0183
2015-01-30,17.82,17.51,18.38,17.3,1360000.0,0.0079
2015-01-31,0,0,0,0,0,0
2015-02-01,0,0,0,0,0,0
2015-02-02,18.67,18.09,18.88,18.08,1220000.0,0.04769999999999999
2015-02-03,20.92,19.04,21.39,18.92,2840000.0,0.12050000000000001
2015-02-04,20.3,20.16,20.95,19.82,1540000.0,-0.0296
2015-02-05,20.71,20.52,20.96,20.02,948360.0,0.0202
2015-02-06,20.56,20.77,21.06,20.34,876800.0,-0.0072
2015-02-07,0,0,0,0,0,0
2015-02-08,0,0,0,0,0,0
2015-02-09,21.13,20.22,21.39,20.22,1010000.0,0.0277
2015-02-10,20.87,21.49,21.49,20.54,841920.0,-0.0123
2015-02-11,20.87,20.82,21.0,19.95,1170000.0,0.0
2015-02-12,21.87,21.11,22.12,21.01,1140000.0,0.0479
2015-02-13,21.9,21.85,22.46,21.67,859200.0,0.0014000000000000002
2015-02-14,0,0,0,0,0,0
2015-02-15,0,0,0,0,0,0
2015-02-16,0,0,0,0,0,0
2015-02-17,22.18,21.86,22.57,21.68,775150.0,0.0128
2015-02-18,21.91,22.12,22.52,21.84,605710.0,-0.012199999999999999
2015-02-19,21.5,21.43,21.68,20.82,553350.0,-0.0187
2015-02-20,21.62,21.51,21.75,21.14,331560.0,0.005600000000000001
2015-02-21,0,0,0,0,0,0
2015-02-22,0,0,0,0,0,0
2015-02-23,21.27,21.5,21.58,20.91,703740.0,-0.016200000000000003
2015-02-24,22.27,22.26,22.97,22.1,1320000.0,0.047
2015-02-25,21.61,22.5,22.58,21.57,1390000.0,-0.0296
2015-02-26,21.8,21.67,21.99,21.45,735930.0,0.0088
2015-02-27,21.89,22.15,22.24,21.65,1110000.0,0.0040999999999999995
2015-02-28,0,0,0,0,0,0
2015-03-01,0,0,0,0,0,0
2015-03-02,22.81,20.81,23.14,20.65,2330000.0,0.042
2015-03-03,22.1,22.47,22.5,21.79,1280000.0,-0.0311
2015-03-04,22.65,22.27,22.7,22.16,1170000.0,0.024900000000000002
2015-03-05,24.3,22.78,24.35,22.71,2080000.0,0.0728
2015-03-06,23.99,24.4,24.72,23.69,1570000.0,-0.0128
2015-03-07,0,0,0,0,0,0
2015-03-08,0,0,0,0,0,0
2015-03-09,23.46,24.13,24.23,23.25,952190.0,-0.022099999999999998
2015-03-10,22.11,23.08,23.08,22.03,1130000.0,-0.0575
2015-03-11,22.45,22.5,22.89,22.02,815150.0,0.0154
2015-03-12,22.81,22.57,23.5,22.57,799590.0,0.016
2015-03-13,22.59,22.58,22.77,21.84,885510.0,-0.0096
2015-03-14,0,0,0,0,0,0
2015-03-15,0,0,0,0,0,0
2015-03-16,22.25,22.6,22.6,22.0,799520.0,-0.0151
2015-03-17,24.3,22.0,24.34,22.0,2210000.0,0.09210000000000002
2015-03-18,24.88,23.75,25.29,23.58,1710000.0,0.0239
2015-03-19,25.07,24.81,25.46,24.68,776930.0,0.0076
2015-03-20,25.32,25.4,25.54,24.93,1060000.0,0.01
2015-03-21,0,0,0,0,0,0
2015-03-22,0,0,0,0,0,0
2015-03-23,26.07,25.28,26.59,25.04,1130000.0,0.0296
2015-03-24,27.09,26.38,27.33,26.3,1100000.0,0.0391
2015-03-25,26.08,27.42,27.57,25.69,1360000.0,-0.0373
2015-03-26,25.82,25.58,26.09,25.3,920390.0,-0.01
2015-03-27,26.39,25.78,26.42,25.67,571790.0,0.022099999999999998
2015-03-28,0,0,0,0,0,0
2015-03-29,0,0,0,0,0,0
2015-03-30,26.04,26.81,26.9,25.58,659030.0,-0.013300000000000001
2015-03-31,25.64,25.67,26.13,25.55,732020.0,-0.0154
2015-04-01,26.71,25.66,27.0,25.35,1210000.0,0.0417
2015-04-02,26.76,26.74,27.35,26.43,667710.0,0.0019
2015-04-03,0,0,0,0,0,0
2015-04-04,0,0,0,0,0,0
2015-04-05,0,0,0,0,0,0
2015-04-06,27.21,26.74,27.43,26.48,545180.0,0.0168
2015-04-07,27.38,27.5,28.26,27.2,1080000.0,0.0062
2015-04-08,27.92,27.59,28.48,27.29,1110000.0,0.0197
2015-04-09,28.33,28.04,28.56,27.87,942970.0,0.0147
2015-04-10,28.8,28.36,29.2,28.22,835230.0,0.0166
2015-04-11,0,0,0,0,0,0
2015-04-12,0,0,0,0,0,0
2015-04-13,29.26,28.98,29.46,28.86,869510.0,0.016
2015-04-14,28.7,29.25,29.25,28.18,906650.0,-0.0191
2015-04-15,29.21,28.8,29.34,28.43,598640.0,0.0178
2015-04-16,29.46,29.1,29.58,29.0,877300.0,0.0086
2015-04-17,27.93,28.7,28.83,27.59,1160000.0,-0.0519
2015-04-18,0,0,0,0,0,0
2015-04-19,0,0,0,0,0,0
2015-04-20,28.56,28.8,28.92,28.36,639950.0,0.0226
2015-04-21,28.78,28.87,29.3,28.72,721670.0,0.0077
2015-04-22,29.13,28.75,29.52,28.73,565820.0,0.012199999999999999
2015-04-23,29.41,28.89,29.54,28.8,603900.0,0.0096
2015-04-24,29.07,29.44,29.53,28.92,449930.0,-0.0116
2015-04-25,0,0,0,0,0,0
2015-04-26,0,0,0,0,0,0
2015-04-27,28.63,29.24,29.52,28.38,574680.0,-0.0151
2015-04-28,29.42,28.55,29.54,28.01,858300.0,0.0276
2015-04-29,29.19,28.93,29.88,28.9,700950.0,-0.0078000000000000005
2015-04-30,28.02,28.8,29.01,27.9,1080000.0,-0.0401
2015-05-01,28.77,28.04,29.12,28.04,589780.0,0.0268
2015-05-02,0,0,0,0,0,0
2015-05-03,0,0,0,0,0,0
2015-05-04,28.92,29.22,30.0,28.9,1100000.0,0.0052
2015-05-05,28.07,29.01,29.19,27.61,849780.0,-0.0294
2015-05-06,27.14,28.11,28.29,26.83,1040000.0,-0.0331
2015-05-07,26.92,27.01,27.28,26.2,855940.0,-0.008100000000000001
2015-05-08,28.1,28.03,28.4,27.35,775150.0,0.0438
2015-05-09,0,0,0,0,0,0
2015-05-10,0,0,0,0,0,0
2015-05-11,28.57,28.19,29.18,28.19,793070.0,0.0167
2015-05-12,28.69,28.38,28.97,27.91,619300.0,0.0042
2015-05-13,29.3,29.1,29.85,28.96,879380.0,0.0213
2015-05-14,28.88,29.7,29.97,28.73,739580.0,-0.0143
2015-05-15,29.4,29.0,29.8,28.72,769720.0,0.018000000000000002
2015-05-16,0,0,0,0,0,0
2015-05-17,0,0,0,0,0,0
2015-05-18,28.97,29.32,29.95,28.96,666750.0,-0.0146
2015-05-19,27.66,29.03,29.29,27.62,1420000.0,-0.0452
2015-05-20,27.17,27.76,27.86,26.68,1150000.0,-0.0177
2015-05-21,28.67,27.86,28.87,27.8,1060000.0,0.0552
2015-05-22,28.24,28.64,28.75,28.11,764290.0,-0.015
2015-05-23,0,0,0,0,0,0
2015-05-24,0,0,0,0,0,0
2015-05-25,0,0,0,0,0,0
2015-05-26,27.92,28.1,28.56,27.7,782500.0,-0.0113
2015-05-27,28.4,27.96,28.44,27.45,1180000.0,0.0172
2015-05-28,29.6,29.67,30.38,29.13,1700000.0,0.042300000000000004
2015-05-29,28.75,29.59,29.73,28.61,1040000.0,-0.0287
2015-05-30,0,0,0,0,0,0
2015-05-31,0,0,0,0,0,0
2015-06-01,28.41,28.93,29.01,28.09,803900.0,-0.0118
2015-06-02,29.0,28.18,29.05,27.74,1040000.0,0.0208
2015-06-03,29.72,29.21,29.79,28.82,882050.0,0.0248
2015-06-04,29.06,29.42,29.66,28.86,505990.0,-0.0222
2015-06-05,30.72,29.4,30.72,29.33,1580000.0,0.0571
2015-06-06,0,0,0,0,0,0
2015-06-07,0,0,0,0,0,0
2015-06-08,29.45,30.8,30.83,29.32,1180000.0,-0.041299999999999996
2015-06-09,28.88,29.42,29.55,28.72,638130.0,-0.0194
2015-06-10,29.96,29.24,30.38,29.16,923710.0,0.0374
2015-06-11,30.68,30.01,30.73,29.84,649750.0,0.024
2015-06-12,30.46,30.32,31.23,30.13,833850.0,-0.0072
2015-06-13,0,0,0,0,0,0
2015-06-14,0,0,0,0,0,0
2015-06-15,30.9,30.02,30.98,29.86,699820.0,0.0144
2015-06-16,30.85,30.68,31.0,30.21,721570.0,-0.0016
2015-06-17,30.69,30.85,31.2,30.41,658810.0,-0.0052
2015-06-18,30.78,30.9,31.09,30.51,828380.0,0.0029
2015-06-19,30.17,30.66,30.93,29.65,1020000.0,-0.019799999999999998
2015-06-20,0,0,0,0,0,0
2015-06-21,0,0,0,0,0,0
2015-06-22,30.85,30.42,30.98,30.12,929390.0,0.0225
2015-06-23,31.36,30.87,31.45,30.67,681740.0,0.0165
2015-06-24,31.86,31.29,31.99,31.25,948570.0,0.0159
2015-06-25,31.55,32.05,32.28,31.3,628220.0,-0.0097
2015-06-26,30.52,31.25,31.47,30.17,771380.0,-0.0326
2015-06-27,0,0,0,0,0,0
2015-06-28,0,0,0,0,0,0
2015-06-29,28.27,29.36,30.15,28.17,1980000.0,-0.0737
2015-06-30,29.52,28.97,29.86,28.84,1150000.0,0.044199999999999996
2015-07-01,28.82,30.19,30.37,28.73,811420.0,-0.023700000000000002
2015-07-02,28.76,28.81,28.92,28.42,598800.0,-0.0021
2015-07-03,0,0,0,0,0,0
2015-07-04,0,0,0,0,0,0
2015-07-05,0,0,0,0,0,0
2015-07-06,26.47,28.02,28.07,26.36,1820000.0,-0.0796
2015-07-07,25.52,25.89,25.93,23.82,2950000.0,-0.0359
2015-07-08,23.16,23.71,24.28,23.12,2100000.0,-0.0925
2015-07-09,24.45,25.27,25.29,24.2,1500000.0,0.0557
2015-07-10,25.34,25.86,26.2,25.0,1200000.0,0.0364
2015-07-11,0,0,0,0,0,0
2015-07-12,0,0,0,0,0,0
2015-07-13,26.48,25.96,26.7,25.91,1050000.0,0.045
2015-07-14,26.4,26.31,27.42,25.94,1480000.0,-0.003
2015-07-15,25.92,26.2,26.68,25.59,1080000.0,-0.0182
2015-07-16,26.84,26.3,26.99,26.25,935380.0,0.0355
2015-07-17,26.93,27.01,27.35,26.61,933170.0,0.0034000000000000002
2015-07-18,0,0,0,0,0,0
2015-07-19,0,0,0,0,0,0
2015-07-20,26.39,27.19,27.28,26.16,664990.0,-0.020099999999999996
2015-07-21,26.64,26.37,27.0,26.03,446320.0,0.0095
2015-07-22,25.69,26.13,26.49,25.54,673770.0,-0.035699999999999996
2015-07-23,24.9,25.9,26.03,24.84,809260.0,-0.0308
2015-07-24,23.94,24.82,24.85,23.57,1260000.0,-0.038599999999999995
2015-07-25,0,0,0,0,0,0
2015-07-26,0,0,0,0,0,0
2015-07-27,22.86,22.37,22.88,21.53,1430000.0,-0.0451
2015-07-28,23.59,23.31,23.88,22.5,653590.0,0.0319
2015-07-29,23.98,23.59,24.36,23.38,751740.0,0.0165
2015-07-30,23.8,23.82,23.97,23.31,546390.0,-0.0075
2015-07-31,23.86,24.04,24.34,23.64,471450.0,0.0025
2015-08-01,0,0,0,0,0,0
2015-08-02,0,0,0,0,0,0
2015-08-03,22.38,23.61,23.72,22.26,805930.0,-0.062
2015-08-04,22.32,22.59,23.0,22.08,702840.0,-0.0027
2015-08-05,23.65,23.0,23.97,22.42,859460.0,0.0596
2015-08-06,23.12,23.69,24.1,22.91,839300.0,-0.022400000000000003
2015-08-07,22.8,23.18,23.61,22.52,687200.0,-0.0138
2015-08-08,0,0,0,0,0,0
2015-08-09,0,0,0,0,0,0
2015-08-10,23.7,23.01,23.7,22.83,486130.0,0.0395
2015-08-11,22.81,23.64,23.71,22.25,924360.0,-0.037599999999999995
2015-08-12,21.87,22.27,22.32,20.75,1880000.0,-0.0412
2015-08-13,22.06,21.95,22.66,21.8,649860.0,0.0087
2015-08-14,22.49,22.02,22.61,22.02,502270.0,0.0195
2015-08-15,0,0,0,0,0,0
2015-08-16,0,0,0,0,0,0
2015-08-17,22.98,22.67,22.98,22.24,594670.0,0.0218
2015-08-18,23.31,23.85,24.19,22.78,1180000.0,0.0144
2015-08-19,21.42,22.95,22.95,21.14,1800000.0,-0.08109999999999999
2015-08-20,18.35,21.7,21.7,18.08,2940000.0,-0.1433
2015-08-21,16.82,17.73,17.88,16.8,2230000.0,-0.0834
2015-08-22,0,0,0,0,0,0
2015-08-23,0,0,0,0,0,0
2015-08-24,15.67,14.56,17.19,14.32,2260000.0,-0.0684
2015-08-25,17.35,17.97,20.28,17.13,3450000.0,0.1072
2015-08-26,19.0,18.95,19.1,17.77,1680000.0,0.0951
2015-08-27,19.11,20.01,20.35,18.65,2200000.0,0.0058
2015-08-28,19.97,19.1,20.33,18.99,1140000.0,0.045
2015-08-29,0,0,0,0,0,0
2015-08-30,0,0,0,0,0,0
2015-08-31,20.35,19.59,20.78,19.33,895950.0,0.019
2015-09-01,19.08,19.3,19.95,18.82,1210000.0,-0.062400000000000004
2015-09-02,19.65,19.58,19.75,18.68,746570.0,0.029900000000000003
2015-09-03,19.73,19.81,20.15,19.26,619430.0,0.0040999999999999995
2015-09-04,19.64,19.33,19.99,19.09,525550.0,-0.0046
2015-09-05,0,0,0,0,0,0
2015-09-06,0,0,0,0,0,0
2015-09-07,0,0,0,0,0,0
2015-09-08,21.27,21.09,22.0,20.9,1180000.0,0.083
2015-09-09,20.98,22.06,22.5,20.68,1160000.0,-0.013600000000000001
2015-09-10,21.58,20.86,21.9,20.86,620720.0,0.0286
2015-09-11,22.28,21.15,22.29,21.07,599180.0,0.032400000000000005
2015-09-12,0,0,0,0,0,0
2015-09-13,0,0,0,0,0,0
2015-09-14,22.08,21.87,22.21,21.47,687270.0,-0.009000000000000001
2015-09-15,22.42,21.9,22.48,21.69,553600.0,0.0154
2015-09-16,23.31,22.53,23.59,22.48,1050000.0,0.0397
2015-09-17,23.85,23.38,24.21,23.04,745040.0,0.0232
2015-09-18,21.89,23.13,23.33,21.84,1450000.0,-0.08220000000000001
2015-09-19,0,0,0,0,0,0
2015-09-20,0,0,0,0,0,0
2015-09-21,22.73,22.17,23.39,21.76,843050.0,0.0384
2015-09-22,21.46,21.94,22.4,21.42,885300.0,-0.0559
2015-09-23,20.4,21.37,21.54,20.4,900060.0,-0.049400000000000006
2015-09-24,20.42,19.68,20.48,18.77,1240000.0,0.001
2015-09-25,20.44,21.0,21.38,20.09,641430.0,0.001
2015-09-26,0,0,0,0,0,0
2015-09-27,0,0,0,0,0,0
2015-09-28,18.84,20.09,20.09,18.5,1370000.0,-0.0783
2015-09-29,19.28,19.25,19.87,18.84,483800.0,0.023399999999999997
2015-09-30,21.94,20.01,22.0,19.92,1220000.0,0.138
2015-10-01,22.19,21.85,22.19,21.2,835830.0,0.011399999999999999
2015-10-02,24.8,21.58,24.85,21.08,1880000.0,0.1176
2015-10-03,0,0,0,0,0,0
2015-10-04,0,0,0,0,0,0
2015-10-05,24.74,24.58,25.62,24.16,1440000.0,-0.0024
2015-10-06,25.14,24.35,25.65,24.1,898090.0,0.016200000000000003
2015-10-07,25.88,25.5,26.15,24.71,1280000.0,0.0294
2015-10-08,26.16,25.73,26.5,25.29,649200.0,0.0108
2015-10-09,26.35,26.5,26.93,25.75,644250.0,0.0073
2015-10-10,0,0,0,0,0,0
2015-10-11,0,0,0,0,0,0
2015-10-12,26.44,26.5,27.14,25.77,880190.0,0.0034000000000000002
2015-10-13,25.56,25.9,26.59,25.45,853450.0,-0.0333
2015-10-14,27.05,25.29,27.45,25.24,1130000.0,0.0583
2015-10-15,27.57,27.5,27.6,26.73,709950.0,0.0192
2015-10-16,27.02,27.51,27.54,26.51,771810.0,-0.0199
2015-10-17,0,0,0,0,0,0
2015-10-18,0,0,0,0,0,0
2015-10-19,26.47,26.89,27.27,26.0,685990.0,-0.0204
2015-10-20,26.8,26.2,27.17,26.1,422260.0,0.0125
2015-10-21,25.84,26.79,26.97,25.76,770650.0,-0.0358
2015-10-22,26.47,26.23,26.57,25.39,831320.0,0.024399999999999998
2015-10-23,26.51,26.77,26.77,25.74,785000.0,0.0015
2015-10-24,0,0,0,0,0,0
2015-10-25,0,0,0,0,0,0
2015-10-26,26.08,26.8,27.12,25.9,746010.0,-0.016200000000000003
2015-10-27,25.25,25.86,26.03,25.05,485710.0,-0.0318
2015-10-28,26.03,25.36,26.06,25.19,552910.0,0.030899999999999997
2015-10-29,25.57,25.85,25.94,25.3,378310.0,-0.0177
2015-10-30,25.89,25.68,25.96,24.46,862720.0,0.0125
2015-10-31,0,0,0,0,0,0
2015-11-01,0,0,0,0,0,0
2015-11-02,26.69,25.67,26.9,25.57,692020.0,0.030899999999999997
2015-11-03,26.85,26.45,27.43,26.25,731790.0,0.006
2015-11-04,26.66,27.09,27.3,26.12,439900.0,-0.0070999999999999995
2015-11-05,25.35,26.76,26.94,25.14,902640.0,-0.049100000000000005
2015-11-06,25.79,25.09,26.0,24.97,707570.0,0.0174
2015-11-07,0,0,0,0,0,0
2015-11-08,0,0,0,0,0,0
2015-11-09,25.38,25.73,25.9,24.96,696620.0,-0.0159
2015-11-10,23.05,25.5,25.7,21.88,2460000.0,-0.09179999999999999
2015-11-11,22.98,23.68,24.09,22.66,923160.0,-0.003
2015-11-12,22.56,22.78,23.61,22.14,642980.0,-0.0183
2015-11-13,22.3,22.51,22.9,22.05,526350.0,-0.0115
2015-11-14,0,0,0,0,0,0
2015-11-15,0,0,0,0,0,0
2015-11-16,23.56,22.5,23.56,22.37,766690.0,0.0565
2015-11-17,23.67,24.74,24.74,23.22,879310.0,0.004699999999999999
2015-11-18,25.05,23.98,25.1,23.71,1080000.0,0.0583
2015-11-19,22.67,23.1,23.1,21.76,2330000.0,-0.095
2015-11-20,24.5,22.76,24.5,22.68,1370000.0,0.08070000000000001
2015-11-21,0,0,0,0,0,0
2015-11-22,0,0,0,0,0,0
2015-11-23,25.12,23.83,25.12,23.66,846750.0,0.0253
2015-11-24,25.16,24.43,25.18,24.23,569900.0,0.0016
2015-11-25,25.62,25.21,25.65,24.93,437160.0,0.0183
2015-11-26,0,0,0,0,0,0
2015-11-27,25.0,24.66,25.32,24.57,278250.0,-0.0242
2015-11-28,0,0,0,0,0,0
2015-11-29,0,0,0,0,0,0
2015-11-30,25.5,25.03,25.5,24.53,567180.0,0.02
2015-12-01,25.29,25.22,25.5,25.04,476920.0,-0.008199999999999999
2015-12-02,24.63,24.92,25.32,24.62,559010.0,-0.026099999999999998
2015-12-03,24.97,24.35,25.59,24.35,663950.0,0.0138
2015-12-04,24.6,25.01,25.43,24.58,586670.0,-0.0148
2015-12-05,0,0,0,0,0,0
2015-12-06,0,0,0,0,0,0
2015-12-07,24.54,24.51,25.01,24.21,539440.0,-0.0024
2015-12-08,24.44,23.61,24.73,23.6,414600.0,-0.0040999999999999995
2015-12-09,23.81,24.61,25.43,23.74,678270.0,-0.0258
2015-12-10,24.41,23.5,24.77,23.39,599430.0,0.0252
2015-12-11,23.29,23.55,23.9,23.26,573870.0,-0.045899999999999996
2015-12-12,0,0,0,0,0,0
2015-12-13,0,0,0,0,0,0
2015-12-14,24.13,24.0,24.16,23.0,731420.0,0.0361
2015-12-15,26.12,24.33,26.15,24.29,1160000.0,0.0825
2015-12-16,28.3,26.85,28.35,26.81,2300000.0,0.08349999999999999
2015-12-17,26.46,28.55,28.55,26.33,1340000.0,-0.065
2015-12-18,26.92,26.46,27.44,26.3,736040.0,0.0174
2015-12-19,0,0,0,0,0,0
2015-12-20,0,0,0,0,0,0
2015-12-21,28.47,27.37,28.52,27.33,1060000.0,0.0576
2015-12-22,27.68,28.13,28.5,27.13,848450.0,-0.0277
2015-12-23,28.52,27.99,28.6,27.79,816150.0,0.030299999999999997
2015-12-24,29.48,28.43,29.5,28.38,605590.0,0.0337
2015-12-25,0,0,0,0,0,0
2015-12-26,0,0,0,0,0,0
2015-12-27,0,0,0,0,0,0
2015-12-28,28.09,28.75,29.04,27.6,1110000.0,-0.0472
2015-12-29,28.25,28.27,28.66,27.5,519940.00000000006,0.005699999999999999
2015-12-30,27.78,27.98,28.32,27.58,391310.0,-0.0166
2015-12-31,27.67,27.64,28.24,27.55,495990.0,-0.004
2016-01-01,0,0,0,0,0,0
2016-01-02,0,0,0,0,0,0
2016-01-03,0,0,0,0,0,0
2016-01-04,27.27,25.15,27.43,24.85,1300000.0,-0.014499999999999999
2016-01-05,26.02,27.22,27.4,25.93,744130.0,-0.0458
2016-01-06,25.76,25.63,26.17,25.3,643120.0,-0.01
2016-01-07,20.85,24.52,25.23,20.84,3300000.0,-0.1906
2016-01-08,22.2,23.11,23.9,22.06,1470000.0,0.0647
2016-01-09,0,0,0,0,0,0
2016-01-10,0,0,0,0,0,0
2016-01-11,21.49,22.02,22.22,20.92,1280000.0,-0.032
2016-01-12,21.4,22.36,22.71,20.71,1160000.0,-0.0042
2016-01-13,20.43,21.83,22.3,20.3,922760.0,-0.0453
2016-01-14,20.28,20.44,20.91,18.7,1290000.0,-0.0073
2016-01-15,18.14,18.93,19.29,17.9,1820000.0,-0.10550000000000001
2016-01-16,0,0,0,0,0,0
2016-01-17,0,0,0,0,0,0
2016-01-18,0,0,0,0,0,0
2016-01-19,18.77,19.68,19.74,18.58,1220000.0,0.0347
2016-01-20,19.27,18.43,19.73,17.9,1160000.0,0.026600000000000002
2016-01-21,19.2,19.31,19.78,18.92,744730.0,-0.0036
2016-01-22,20.81,20.46,21.01,20.21,714570.0,0.0839
2016-01-23,0,0,0,0,0,0
2016-01-24,0,0,0,0,0,0
2016-01-25,20.24,20.58,20.62,19.99,549660.0,-0.0274
2016-01-26,20.58,20.45,20.9,19.87,397030.0,0.0168
2016-01-27,20.48,20.47,21.54,20.44,505080.0,-0.0049
2016-01-28,19.83,21.0,21.17,19.65,520460.00000000006,-0.0317
2016-01-29,20.58,20.14,20.59,20.06,321690.0,0.0378
2016-01-30,0,0,0,0,0,0
2016-01-31,0,0,0,0,0,0
2016-02-01,20.19,20.54,20.6,19.81,503980.0,-0.019
2016-02-02,19.71,19.89,20.09,19.62,311710.0,-0.023799999999999998
2016-02-03,19.78,19.93,20.01,19.0,580100.0,0.0036
2016-02-04,20.96,19.98,21.15,19.76,580990.0,0.059699999999999996
2016-02-05,20.08,20.97,21.1,20.08,291910.0,-0.042
2016-02-06,0,0,0,0,0,0
2016-02-07,0,0,0,0,0,0
2016-02-08,18.62,19.33,19.48,18.36,704520.0,-0.0727
2016-02-09,17.81,17.84,18.52,17.61,703370.0,-0.0435
2016-02-10,18.08,18.19,19.29,18.0,520740.0,0.0152
2016-02-11,17.12,18.0,18.04,16.95,745890.0,-0.053099999999999994
2016-02-12,17.99,17.55,18.1,17.16,381270.0,0.0508
2016-02-13,0,0,0,0,0,0
2016-02-14,0,0,0,0,0,0
2016-02-15,0,0,0,0,0,0
2016-02-16,20.2,19.29,20.36,19.29,880810.0,0.12279999999999999
2016-02-17,20.67,20.75,20.9,20.29,519360.0,0.0233
2016-02-18,20.93,20.98,21.1,20.4,391890.0,0.0126
2016-02-19,21.22,20.4,21.32,20.32,322750.0,0.0139
2016-02-20,0,0,0,0,0,0
2016-02-21,0,0,0,0,0,0
2016-02-22,22.42,21.69,22.59,21.69,597470.0,0.056600000000000004
2016-02-23,22.14,22.27,22.44,21.58,314140.0,-0.0125
2016-02-24,22.97,21.1,23.08,21.1,799880.0,0.0375
2016-02-25,22.84,22.98,23.25,21.83,726500.0,-0.005699999999999999
2016-02-26,23.55,23.5,23.66,23.06,759640.0,0.0311
2016-02-27,0,0,0,0,0,0
2016-02-28,0,0,0,0,0,0
2016-02-29,23.9,23.57,24.43,23.43,938160.0,0.0149
2016-03-01,24.18,24.71,24.79,23.41,1000000.0,0.011699999999999999
2016-03-02,24.65,24.33,24.93,24.16,711600.0,0.0194
2016-03-03,23.69,24.6,24.7,23.36,1310000.0,-0.038900000000000004
2016-03-04,23.35,24.05,24.28,23.14,873330.0,-0.0144
2016-03-05,0,0,0,0,0,0
2016-03-06,0,0,0,0,0,0
2016-03-07,24.05,23.24,24.14,23.01,867540.0,0.03
2016-03-08,22.92,23.8,23.98,22.8,945750.0,-0.047
2016-03-09,23.72,23.18,23.73,22.77,818110.0,0.0349
2016-03-10,22.76,23.83,24.0,22.41,696630.0,-0.0405
2016-03-11,23.32,23.23,23.48,23.13,472870.0,0.0246
2016-03-12,0,0,0,0,0,0
2016-03-13,0,0,0,0,0,0
2016-03-14,23.2,23.37,23.75,23.2,334060.0,-0.0051
2016-03-15,22.74,22.95,22.96,22.52,582640.0,-0.019799999999999998
2016-03-16,23.75,22.74,23.75,22.71,560400.0,0.0444
2016-03-17,23.13,23.62,23.7,23.13,584280.0,-0.026099999999999998
2016-03-18,22.93,23.27,23.59,22.88,655370.0,-0.0086
2016-03-19,0,0,0,0,0,0
2016-03-20,0,0,0,0,0,0
2016-03-21,22.89,22.9,23.13,22.63,845100.0,-0.0017000000000000001
2016-03-22,21.93,22.6,22.6,21.89,1310000.0,-0.04190000000000001
2016-03-23,20.55,22.01,22.07,20.33,1150000.0,-0.0629
2016-03-24,20.3,20.21,20.66,19.65,584330.0,-0.012199999999999999
2016-03-25,0,0,0,0,0,0
2016-03-26,0,0,0,0,0,0
2016-03-27,0,0,0,0,0,0
2016-03-28,19.81,20.38,20.38,19.6,528670.0,-0.0241
2016-03-29,20.59,19.75,20.79,19.52,542360.0,0.0394
2016-03-30,20.59,21.03,21.25,20.39,734560.0,0.0
2016-03-31,20.91,20.6,21.01,20.6,846760.0,0.0155
2016-04-01,20.2,20.41,20.68,20.16,755840.0,-0.034
2016-04-02,0,0,0,0,0,0
2016-04-03,0,0,0,0,0,0
2016-04-04,19.43,20.22,20.5,19.37,1010000.0,-0.0381
2016-04-05,19.74,19.01,20.25,19.0,622690.0,0.016
2016-04-06,20.32,19.9,20.35,19.6,537470.0,0.0294
2016-04-07,19.78,20.04,20.49,19.54,395400.0,-0.026600000000000002
2016-04-08,20.3,20.5,20.75,20.1,610380.0,0.0263
2016-04-09,0,0,0,0,0,0
2016-04-10,0,0,0,0,0,0
2016-04-11,20.29,20.78,20.81,20.26,251360.0,-0.0005
2016-04-12,20.68,20.34,20.85,20.11,388820.0,0.0192
2016-04-13,21.58,21.1,21.69,21.04,847490.0,0.0435
2016-04-14,21.38,21.6,21.78,21.22,263220.0,-0.009300000000000001
2016-04-15,20.93,21.11,21.33,20.91,658340.0,-0.021
2016-04-16,0,0,0,0,0,0
2016-04-17,0,0,0,0,0,0
2016-04-18,21.91,21.05,21.92,20.93,483300.0,0.046799999999999994
2016-04-19,21.88,22.14,22.35,21.81,520270.0,-0.0014000000000000002
2016-04-20,22.41,21.56,22.7,21.56,688780.0,0.0242
2016-04-21,22.25,22.35,22.65,22.15,319720.0,-0.0070999999999999995
2016-04-22,22.84,22.25,22.92,22.14,452070.0,0.0265
2016-04-23,0,0,0,0,0,0
2016-04-24,0,0,0,0,0,0
2016-04-25,22.2,22.85,23.1,22.11,364120.0,-0.027999999999999997
2016-04-26,22.95,22.46,23.04,22.41,424500.0,0.0338
2016-04-27,23.49,22.77,23.67,22.77,448060.0,0.0235
2016-04-28,22.88,23.35,23.73,22.79,285310.0,-0.026000000000000002
2016-04-29,22.27,22.69,23.06,22.04,393040.0,-0.026699999999999998
2016-04-30,0,0,0,0,0,0
2016-05-01,0,0,0,0,0,0
2016-05-02,22.4,22.53,22.53,21.93,271070.0,0.0058
2016-05-03,21.04,22.0,22.1,20.98,810650.0,-0.060700000000000004
2016-05-04,20.64,20.74,21.56,20.55,367070.0,-0.019
2016-05-05,20.5,20.91,21.06,20.42,544400.0,-0.0068000000000000005
2016-05-06,20.22,20.42,20.98,20.01,451550.0,-0.0137
2016-05-07,0,0,0,0,0,0
2016-05-08,0,0,0,0,0,0
2016-05-09,19.6,20.45,20.64,19.19,716260.0,-0.030699999999999998
2016-05-10,20.43,19.44,20.47,19.33,395060.0,0.042300000000000004
2016-05-11,21.27,21.24,22.33,21.0,614230.0,0.041100000000000005
2016-05-12,20.62,21.77,21.85,20.36,572290.0,-0.030600000000000002
2016-05-13,20.67,20.54,21.03,20.1,604640.0,0.0024
2016-05-14,0,0,0,0,0,0
2016-05-15,0,0,0,0,0,0
2016-05-16,20.92,20.98,21.31,20.67,237600.0,0.0121
2016-05-17,20.75,20.96,21.23,20.61,322740.0,-0.008100000000000001
2016-05-18,20.69,20.75,21.17,20.63,365810.0,-0.0029
2016-05-19,20.76,20.55,20.9,20.12,451270.0,0.0034000000000000002
2016-05-20,21.43,20.79,21.54,20.79,297390.0,0.0323
2016-05-21,0,0,0,0,0,0
2016-05-22,0,0,0,0,0,0
2016-05-23,21.86,21.52,22.04,21.52,247580.0,0.020099999999999996
2016-05-24,22.82,22.02,22.99,22.02,429210.0,0.043899999999999995
2016-05-25,23.75,23.11,23.79,22.97,609300.0,0.0408
2016-05-26,23.4,23.45,23.67,22.9,762850.0,-0.0147
2016-05-27,22.71,24.0,24.04,21.95,1360000.0,-0.029500000000000002
2016-05-28,0,0,0,0,0,0
2016-05-29,0,0,0,0,0,0
2016-05-30,0,0,0,0,0,0
2016-05-31,21.74,22.3,22.7,21.39,1190000.0,-0.042699999999999995
2016-06-01,21.66,21.36,21.86,20.82,788340.0,-0.0037
2016-06-02,21.7,21.63,21.75,21.33,488300.0,0.0018
2016-06-03,21.07,21.54,21.54,20.9,558710.0,-0.028999999999999998
2016-06-04,0,0,0,0,0,0
2016-06-05,0,0,0,0,0,0
2016-06-06,21.42,21.14,21.55,20.72,633750.0,0.0166
2016-06-07,21.6,21.6,21.86,21.55,265190.0,0.0084
2016-06-08,21.81,21.54,22.0,21.52,702750.0,0.0097
2016-06-09,21.3,21.36,22.0,20.82,1140000.0,-0.023399999999999997
2016-06-10,20.0,20.82,20.84,20.0,1270000.0,-0.061
2016-06-11,0,0,0,0,0,0
2016-06-12,0,0,0,0,0,0
2016-06-13,20.4,19.68,20.58,19.45,528460.0,0.02
2016-06-14,20.28,20.26,20.67,19.93,363270.0,-0.0059
2016-06-15,20.05,20.5,20.81,20.03,507660.0,-0.0113
2016-06-16,20.54,19.87,20.69,19.46,636500.0,0.024399999999999998
2016-06-17,20.56,20.58,21.0,20.45,600500.0,0.001
2016-06-18,0,0,0,0,0,0
2016-06-19,0,0,0,0,0,0
2016-06-20,20.83,20.96,21.28,20.8,238870.0,0.0131
2016-06-21,20.67,20.87,21.03,20.57,205600.0,-0.0077
2016-06-22,20.49,20.68,21.16,20.45,290360.0,-0.0087
2016-06-23,20.87,20.7,20.99,20.59,215530.0,0.018500000000000003
2016-06-24,20.03,19.5,20.32,19.4,479160.0,-0.04019999999999999
2016-06-25,0,0,0,0,0,0
2016-06-26,0,0,0,0,0,0
2016-06-27,19.11,19.6,19.75,18.88,504410.0,-0.045899999999999996
2016-06-28,19.67,19.45,19.78,19.19,441460.0,0.029300000000000003
2016-06-29,20.18,19.9,20.43,19.75,342500.0,0.0259
2016-06-30,20.38,20.0,20.59,19.91,295460.0,0.009899999999999999
2016-07-01,20.65,20.31,20.89,20.16,267850.0,0.0132
2016-07-02,0,0,0,0,0,0
2016-07-03,0,0,0,0,0,0
2016-07-04,0,0,0,0,0,0
2016-07-05,20.42,20.4,20.64,20.11,256130.0,-0.0111
2016-07-06,20.0,20.16,20.25,19.61,423250.0,-0.0206
2016-07-07,19.73,20.02,20.29,19.46,437230.0,-0.013500000000000002
2016-07-08,19.48,19.87,20.13,19.41,569340.0,-0.0127
2016-07-09,0,0,0,0,0,0
2016-07-10,0,0,0,0,0,0
2016-07-11,19.71,19.65,20.01,19.5,634060.0,0.0118
2016-07-12,19.8,19.85,20.14,19.68,506620.0,0.0046
2016-07-13,19.53,19.8,19.93,19.51,287590.0,-0.013600000000000001
2016-07-14,19.05,19.91,19.97,19.0,475400.0,-0.0246
2016-07-15,18.4,19.11,19.21,18.21,820600.0,-0.0341
2016-07-16,0,0,0,0,0,0
2016-07-17,0,0,0,0,0,0
2016-07-18,18.73,18.45,18.93,18.1,677790.0,0.0179
2016-07-19,18.14,18.82,18.86,18.05,526070.0,-0.0315
2016-07-20,18.86,18.3,19.06,18.22,490410.0,0.0397
2016-07-21,18.82,18.94,19.15,18.75,355340.0,-0.0021
2016-07-22,18.72,18.85,19.09,18.69,174210.0,-0.0053
2016-07-23,0,0,0,0,0,0
2016-07-24,0,0,0,0,0,0
2016-07-25,18.57,18.82,18.85,18.48,144530.0,-0.008
2016-07-26,18.95,18.47,19.07,18.47,214390.0,0.020499999999999997
2016-07-27,18.73,18.94,19.19,18.52,239340.0,-0.0116
2016-07-28,18.37,18.74,18.74,18.33,405390.0,-0.0192
2016-07-29,18.28,18.42,18.64,18.1,402100.0,-0.0049
2016-07-30,0,0,0,0,0,0
2016-07-31,0,0,0,0,0,0
2016-08-01,19.05,18.23,19.36,18.22,641450.0,0.0421
2016-08-02,18.93,19.05,19.18,18.83,461450.0,-0.0063
2016-08-03,19.03,18.94,19.33,18.79,329880.0,0.0053
2016-08-04,19.06,19.11,19.24,18.86,254290.0,0.0016
2016-08-05,19.16,18.56,19.34,18.54,324680.0,0.0052
2016-08-06,0,0,0,0,0,0
2016-08-07,0,0,0,0,0,0
2016-08-08,18.92,19.17,19.3,18.88,219480.0,-0.0125
2016-08-09,18.84,19.06,19.18,18.5,231330.0,-0.0042
2016-08-10,18.3,18.51,18.93,18.1,600840.0,-0.0287
2016-08-11,18.32,18.3,18.48,18.16,252170.0,0.0011
2016-08-12,18.48,18.41,18.52,18.27,150880.0,0.0087
2016-08-13,0,0,0,0,0,0
2016-08-14,0,0,0,0,0,0
2016-08-15,19.43,18.8,19.53,18.78,450300.0,0.051399999999999994
2016-08-16,19.48,19.48,19.71,19.19,320830.0,0.0026
2016-08-17,18.82,19.38,19.4,18.55,389770.0,-0.0339
2016-08-18,19.81,19.21,20.0,19.21,499580.0,0.0526
2016-08-19,19.64,19.79,19.95,19.58,178840.0,-0.0086
2016-08-20,0,0,0,0,0,0
2016-08-21,0,0,0,0,0,0
2016-08-22,20.01,19.98,20.15,19.82,321170.0,0.018799999999999997
2016-08-23,20.81,20.61,20.97,20.44,674530.0,0.04
2016-08-24,20.17,20.76,21.17,20.06,614740.0,-0.0308
2016-08-25,18.82,19.38,19.48,18.55,1060000.0,-0.0669
2016-08-26,19.0,18.93,19.7,18.79,518530.0,0.0096
2016-08-27,0,0,0,0,0,0
2016-08-28,0,0,0,0,0,0
2016-08-29,18.92,19.0,19.11,18.82,244660.0,-0.0042
2016-08-30,18.78,18.93,19.3,18.76,304880.0,-0.0074
2016-08-31,18.46,18.78,18.84,18.25,437010.0,-0.017
2016-09-01,18.52,18.54,18.74,18.1,325650.0,0.0033
2016-09-02,18.44,18.56,18.76,18.4,259050.0,-0.0043
2016-09-03,0,0,0,0,0,0
2016-09-04,0,0,0,0,0,0
2016-09-05,0,0,0,0,0,0
2016-09-06,18.53,18.4,18.63,18.37,271020.0,0.0049
2016-09-07,18.38,18.43,18.66,18.21,268690.0,-0.008100000000000001
2016-09-08,18.24,17.9,18.44,17.88,363260.0,-0.0076
2016-09-09,17.93,18.07,18.27,17.9,522590.00000000006,-0.017
2016-09-10,0,0,0,0,0,0
2016-09-11,0,0,0,0,0,0
2016-09-12,17.62,17.51,17.81,17.31,349300.0,-0.0173
2016-09-13,16.69,17.49,17.49,16.54,595870.0,-0.0528
2016-09-14,15.56,16.78,16.9,15.3,1020000.0,-0.0677
2016-09-15,15.94,15.53,16.41,15.49,694140.0,0.024399999999999998
2016-09-16,15.75,15.9,16.08,15.18,659540.0,-0.011899999999999999
2016-09-17,0,0,0,0,0,0
2016-09-18,0,0,0,0,0,0
2016-09-19,15.34,15.89,15.98,15.31,487280.0,-0.026000000000000002
2016-09-20,14.82,15.34,15.39,14.76,564370.0,-0.0339
2016-09-21,14.55,14.45,14.99,14.32,668420.0,-0.0182
2016-09-22,15.17,14.6,15.25,14.6,416800.0,0.0426
2016-09-23,15.18,15.11,15.45,14.84,527890.0,0.0007000000000000001
2016-09-24,0,0,0,0,0,0
2016-09-25,0,0,0,0,0,0
2016-09-26,15.03,14.99,15.15,14.81,318160.0,-0.009899999999999999
2016-09-27,15.49,14.6,15.65,14.6,482530.0,0.030600000000000002
2016-09-28,15.77,15.5,16.05,15.4,394290.0,0.0181
2016-09-29,16.5,15.71,16.8,15.7,926780.0,0.0463
2016-09-30,15.8,16.42,16.62,15.77,424670.0,-0.0424
2016-10-01,0,0,0,0,0,0
2016-10-02,0,0,0,0,0,0
2016-10-03,15.93,15.81,16.32,15.73,339510.0,0.008199999999999999
2016-10-04,15.33,15.94,16.0,15.21,431710.0,-0.0377
2016-10-05,16.72,15.4,16.86,15.4,757280.0,0.0907
2016-10-06,16.89,16.73,17.24,16.45,530170.0,0.0102
2016-10-07,16.09,16.9,16.95,16.07,318290.0,-0.047400000000000005
2016-10-08,0,0,0,0,0,0
2016-10-09,0,0,0,0,0,0
2016-10-10,16.79,16.22,16.88,16.2,493630.0,0.0435
2016-10-11,16.55,17.49,17.69,16.15,812530.0,-0.0143
2016-10-12,16.55,16.35,16.91,16.24,431570.0,0.0
2016-10-13,16.44,16.22,16.65,16.01,383890.0,-0.0066
2016-10-14,16.4,16.58,16.79,16.32,398980.0,-0.0024
2016-10-15,0,0,0,0,0,0
2016-10-16,0,0,0,0,0,0
2016-10-17,16.26,16.35,16.57,16.22,340740.0,-0.0085
2016-10-18,16.48,16.47,16.7,16.34,298410.0,0.013500000000000002
2016-10-19,17.0,16.41,17.27,16.36,418800.0,0.0316
2016-10-20,17.16,16.87,17.49,16.65,330190.0,0.009399999999999999
2016-10-21,17.02,17.17,17.33,16.88,239760.0,-0.008199999999999999
2016-10-22,0,0,0,0,0,0
2016-10-23,0,0,0,0,0,0
2016-10-24,16.89,17.32,17.32,16.76,240190.0,-0.0076
2016-10-25,16.6,16.96,16.96,16.5,182460.0,-0.0172
2016-10-26,16.61,16.57,16.73,16.5,160200.0,0.0006
2016-10-27,16.22,16.65,16.78,16.06,265900.0,-0.0235
2016-10-28,15.78,16.12,16.16,15.5,365000.0,-0.0271
2016-10-29,0,0,0,0,0,0
2016-10-30,0,0,0,0,0,0
2016-10-31,15.41,15.78,15.88,15.03,285080.0,-0.023399999999999997
2016-11-01,15.52,15.52,15.73,15.16,322180.0,0.0070999999999999995
2016-11-02,15.23,15.5,15.59,15.1,190160.0,-0.0187
2016-11-03,14.67,15.09,15.18,14.61,397740.0,-0.0368
2016-11-04,14.68,14.67,14.92,14.06,347780.0,0.0007000000000000001
2016-11-05,0,0,0,0,0,0
2016-11-06,0,0,0,0,0,0
2016-11-07,14.99,14.91,15.72,14.89,378230.0,0.021099999999999997
2016-11-08,15.4,15.26,15.6,15.05,577760.0,0.0274
2016-11-09,14.1,14.1,14.66,13.52,1040000.0,-0.08439999999999999
2016-11-10,13.71,14.12,14.33,13.5,734730.0,-0.0277
2016-11-11,13.27,13.29,13.61,13.08,700640.0,-0.0321
2016-11-12,0,0,0,0,0,0
2016-11-13,0,0,0,0,0,0
2016-11-14,13.15,13.23,13.4,12.92,462860.0,-0.009000000000000001
2016-11-15,13.75,13.25,13.8,13.22,467100.0,0.045599999999999995
2016-11-16,14.63,14.99,15.15,14.18,1360000.0,0.064
2016-11-17,14.1,14.54,14.56,13.94,617630.0,-0.0362
2016-11-18,13.34,13.84,14.0,13.33,684230.0,-0.053899999999999997
2016-11-19,0,0,0,0,0,0
2016-11-20,0,0,0,0,0,0
2016-11-21,12.87,13.32,13.45,12.72,743440.0,-0.0352
2016-11-22,13.07,12.98,13.44,12.97,479450.0,0.0155
2016-11-23,13.43,13.28,13.44,12.95,499620.0,0.0275
2016-11-24,0,0,0,0,0,0
2016-11-25,14.1,13.87,14.35,13.77,555770.0,0.0499
2016-11-26,0,0,0,0,0,0
2016-11-27,0,0,0,0,0,0
2016-11-28,13.92,14.16,14.22,13.75,482750.0,-0.0128
2016-11-29,13.68,14.04,14.04,13.56,284240.0,-0.0172
2016-11-30,14.14,13.9,14.25,13.85,478110.0,0.0336
2016-12-01,14.13,14.29,14.4,13.76,451820.0,-0.0007000000000000001
2016-12-02,14.28,14.29,14.35,13.91,581420.0,0.0106
2016-12-03,0,0,0,0,0,0
2016-12-04,0,0,0,0,0,0
2016-12-05,15.13,14.27,15.22,14.25,778790.0,0.059500000000000004
2016-12-06,14.98,15.02,15.43,14.75,565090.0,-0.009899999999999999
2016-12-07,15.93,15.06,16.38,15.0,919920.0,0.0634
2016-12-08,15.69,16.0,16.0,15.38,413410.0,-0.0151
2016-12-09,15.92,15.72,16.43,15.72,462680.0,0.0147
2016-12-10,0,0,0,0,0,0
2016-12-11,0,0,0,0,0,0
2016-12-12,16.05,15.96,16.2,15.84,469800.0,0.008199999999999999
2016-12-13,16.0,16.16,16.26,15.81,314630.0,-0.0031
2016-12-14,15.71,16.21,16.21,15.67,298540.0,-0.0181
2016-12-15,15.69,15.65,15.9,15.38,407650.0,-0.0013
2016-12-16,15.79,15.91,16.32,15.61,690220.0,0.0064
2016-12-17,0,0,0,0,0,0
2016-12-18,0,0,0,0,0,0
2016-12-19,15.75,15.87,16.05,15.65,388670.0,-0.0025
2016-12-20,15.74,15.78,16.19,15.57,202010.0,-0.0006
2016-12-21,15.51,15.85,15.85,15.46,275140.0,-0.0146
2016-12-22,15.71,15.45,15.82,15.43,259600.00000000003,0.0129
2016-12-23,15.46,15.66,15.91,15.38,197730.0,-0.0159
2016-12-24,0,0,0,0,0,0
2016-12-25,0,0,0,0,0,0
2016-12-26,0,0,0,0,0,0
2016-12-27,15.95,15.48,16.22,15.48,364770.0,0.0317
2016-12-28,15.54,15.99,16.2,15.44,303490.0,-0.025699999999999997
2016-12-29,15.26,15.58,15.76,15.18,206800.0,-0.018000000000000002
2016-12-30,15.23,15.2,15.68,15.16,358930.0,-0.002
2016-12-31,0,0,0,0,0,0
2017-01-01,0,0,0,0,0,0
2017-01-02,0,0,0,0,0,0
2017-01-03,15.63,15.46,15.84,15.3,268970.0,0.0263
2017-01-04,15.91,15.64,16.16,15.63,440880.0,0.0179
2017-01-05,15.85,15.94,16.29,15.84,255680.0,-0.0038
2017-01-06,15.72,15.69,16.06,15.68,200710.0,-0.008199999999999999
2017-01-07,0,0,0,0,0,0
2017-01-08,0,0,0,0,0,0
2017-01-09,15.55,15.66,15.86,15.47,206230.0,-0.0108
2017-01-10,15.65,15.56,15.72,15.46,146240.0,0.0064
2017-01-11,15.86,15.68,16.14,15.63,425520.0,0.0134
2017-01-12,15.59,15.79,15.9,15.37,325680.0,-0.017
2017-01-13,15.71,15.6,15.99,15.53,215210.0,0.0077
2017-01-14,0,0,0,0,0,0
2017-01-15,0,0,0,0,0,0
2017-01-16,0,0,0,0,0,0
2017-01-17,16.45,15.72,16.93,15.65,786210.0,0.0471
2017-01-18,15.82,16.45,16.72,15.67,350090.0,-0.0383
2017-01-19,15.88,15.83,16.46,15.82,267660.0,0.0038
2017-01-20,15.75,15.89,16.14,15.51,384200.0,-0.008199999999999999
2017-01-21,0,0,0,0,0,0
2017-01-22,0,0,0,0,0,0
2017-01-23,15.29,15.77,15.83,15.05,630170.0,-0.0292
2017-01-24,14.72,15.15,15.33,14.58,660830.0,-0.0373
2017-01-25,14.89,14.68,15.05,14.56,504220.0,0.0115
2017-01-26,14.56,14.9,14.95,14.48,353850.0,-0.0222
2017-01-27,14.85,14.55,15.04,14.55,510290.0,0.0199
2017-01-28,0,0,0,0,0,0
2017-01-29,0,0,0,0,0,0
2017-01-30,14.08,14.75,14.8,14.01,525630.0,-0.0519
2017-01-31,14.32,14.19,14.38,13.7,395730.0,0.017
2017-02-01,14.5,14.33,14.55,14.18,266900.0,0.0126
2017-02-02,14.32,14.46,14.72,14.22,259680.0,-0.0124
2017-02-03,14.47,14.33,14.62,14.28,212820.0,0.0105
2017-02-04,0,0,0,0,0,0
2017-02-05,0,0,0,0,0,0
2017-02-06,14.48,14.48,14.64,14.25,170510.0,0.0007000000000000001
2017-02-07,14.33,14.42,14.53,14.2,256459.99999999997,-0.0104
2017-02-08,14.5,14.32,14.52,14.13,232750.0,0.011899999999999999
2017-02-09,14.46,14.5,14.72,14.36,234110.0,-0.0028000000000000004
2017-02-10,15.02,14.44,15.07,14.38,304400.0,0.0387
2017-02-11,0,0,0,0,0,0
2017-02-12,0,0,0,0,0,0
2017-02-13,15.6,14.98,15.69,14.98,509700.0,0.038599999999999995
2017-02-14,16.03,15.61,16.06,15.26,459480.0,0.0276
2017-02-15,16.41,16.04,16.51,16.01,532820.0,0.023700000000000002
2017-02-16,16.14,16.25,16.55,15.78,524530.0,-0.0165
2017-02-17,16.77,16.1,16.86,15.86,678870.0,0.039
2017-02-18,0,0,0,0,0,0
2017-02-19,0,0,0,0,0,0
2017-02-20,0,0,0,0,0,0
2017-02-21,17.53,17.02,17.92,16.98,1220000.0,0.0453
2017-02-22,16.98,17.54,17.83,16.6,1030000.0,-0.031400000000000004
2017-02-23,17.47,17.03,17.8,17.03,528940.0,0.028900000000000002
2017-02-24,17.15,17.12,17.26,16.9,603250.0,-0.0183
2017-02-25,0,0,0,0,0,0
2017-02-26,0,0,0,0,0,0
2017-02-27,17.95,16.85,17.98,16.37,1580000.0,0.0466
2017-02-28,16.88,17.64,17.72,16.45,965930.0,-0.0596
2017-03-01,16.74,17.1,17.49,16.55,560840.0,-0.0083
2017-03-02,16.82,16.76,17.25,16.65,590320.0,0.0048
2017-03-03,16.34,16.83,16.99,16.17,536010.0,-0.0285
2017-03-04,0,0,0,0,0,0
2017-03-05,0,0,0,0,0,0
2017-03-06,15.63,16.41,16.44,15.46,842470.0,-0.0435
2017-03-07,15.55,15.67,15.76,15.29,628360.0,-0.0051
2017-03-08,15.3,15.48,15.81,15.25,461730.0,-0.0161
2017-03-09,15.08,15.21,15.6,15.0,427270.0,-0.0144
2017-03-10,15.49,15.17,15.57,14.95,492830.0,0.027200000000000002
2017-03-11,0,0,0,0,0,0
2017-03-12,0,0,0,0,0,0
2017-03-13,15.81,15.55,15.84,15.43,277560.0,0.0207
2017-03-14,16.02,15.81,16.27,15.61,446190.0,0.013300000000000001
2017-03-15,17.08,16.18,17.09,16.0,579430.0,0.0662
2017-03-16,17.46,17.3,17.5,17.12,657940.0,0.0222
2017-03-17,16.92,17.3,17.58,16.86,773860.0,-0.030899999999999997
2017-03-18,0,0,0,0,0,0
2017-03-19,0,0,0,0,0,0
2017-03-20,16.57,16.93,16.93,16.14,469780.0,-0.0207
2017-03-21,15.89,16.58,16.74,15.56,785110.0,-0.040999999999999995
2017-03-22,15.79,15.86,15.98,15.33,346300.0,-0.0063
2017-03-23,15.89,15.8,16.05,15.58,286480.0,0.0063
2017-03-24,16.19,15.9,16.39,15.88,250240.0,0.0189
2017-03-25,0,0,0,0,0,0
2017-03-26,0,0,0,0,0,0
2017-03-27,16.61,16.02,16.7,15.87,371110.0,0.0259
2017-03-28,16.71,16.57,16.83,16.35,354890.0,0.006
2017-03-29,16.27,16.57,16.91,16.24,352560.0,-0.0263
2017-03-30,16.26,16.28,16.48,16.14,175870.0,-0.0006
2017-03-31,16.57,16.25,16.93,16.21,235430.0,0.0191
2017-04-01,0,0,0,0,0,0
2017-04-02,0,0,0,0,0,0
2017-04-03,16.73,16.66,16.93,16.46,344450.0,0.0097
2017-04-04,16.66,16.56,16.97,16.56,262980.0,-0.0042
2017-04-05,16.52,16.88,17.34,16.38,500670.0,-0.0084
2017-04-06,16.77,16.52,16.91,16.42,220960.0,0.0151
2017-04-07,16.69,16.73,16.97,16.67,131080.0,-0.0048
2017-04-08,0,0,0,0,0,0
2017-04-09,0,0,0,0,0,0
2017-04-10,17.16,16.7,17.35,16.6,696530.0,0.0282
2017-04-11,17.25,17.17,17.53,16.79,559070.0,0.0052
2017-04-12,17.03,17.26,17.39,16.93,610460.0,-0.0128
2017-04-13,17.25,16.96,17.39,16.94,429170.0,0.0129
2017-04-14,0,0,0,0,0,0
2017-04-15,0,0,0,0,0,0
2017-04-16,0,0,0,0,0,0
2017-04-17,17.26,17.3,17.58,17.07,344340.0,0.0006
2017-04-18,17.53,17.12,17.63,17.05,598420.0,0.015600000000000001
2017-04-19,16.95,17.59,17.6,16.93,343740.0,-0.0331
2017-04-20,16.64,17.12,17.25,16.63,368030.0,-0.0183
2017-04-21,16.65,16.65,16.91,16.51,395120.0,0.0006
2017-04-22,0,0,0,0,0,0
2017-04-23,0,0,0,0,0,0
2017-04-24,17.21,17.04,17.39,16.79,387500.0,0.0336
2017-04-25,17.03,17.0,17.32,16.88,211170.0,-0.0105
2017-04-26,17.26,17.02,17.5,16.99,366610.0,0.013500000000000002
2017-04-27,17.8,17.38,17.86,17.25,794800.0,0.0313
2017-04-28,17.34,17.8,17.82,16.9,623540.0,-0.0258
2017-04-29,0,0,0,0,0,0
2017-04-30,0,0,0,0,0,0
2017-05-01,17.1,17.39,17.71,17.05,338590.0,-0.0138
2017-05-02,17.23,17.11,17.33,17.05,273380.0,0.0076
2017-05-03,17.34,17.46,18.1,17.31,420980.0,0.0064
2017-05-04,16.37,17.41,17.41,16.3,889320.0,-0.0559
2017-05-05,16.92,16.56,17.04,16.5,451310.0,0.0336
2017-05-06,0,0,0,0,0,0
2017-05-07,0,0,0,0,0,0
2017-05-08,16.82,16.98,16.98,16.74,164970.0,-0.0059
2017-05-09,17.42,16.88,17.45,16.87,483550.0,0.035699999999999996
2017-05-10,17.62,17.46,17.9,17.32,417010.0,0.0115
2017-05-11,17.39,17.47,17.61,16.87,419610.0,-0.0131
2017-05-12,17.29,17.41,17.45,17.01,322670.0,-0.0058
2017-05-13,0,0,0,0,0,0
2017-05-14,0,0,0,0,0,0
2017-05-15,17.45,17.4,17.71,17.29,377410.0,0.009300000000000001
2017-05-16,17.37,17.43,17.46,17.11,330590.0,-0.0046
2017-05-17,16.98,17.2,17.2,16.91,441730.0,-0.0225
2017-05-18,17.25,16.93,17.3,16.63,393380.0,0.0159
2017-05-19,18.39,17.3,18.69,17.22,1660000.0,0.0661
2017-05-20,0,0,0,0,0,0
2017-05-21,0,0,0,0,0,0
2017-05-22,19.0,19.05,19.3,18.54,1210000.0,0.0332
2017-05-23,19.41,19.3,19.85,19.0,1040000.0,0.0216
2017-05-24,19.3,19.54,19.88,19.12,1060000.0,-0.005699999999999999
2017-05-25,21.46,19.3,22.19,19.3,2310000.0,0.1119
2017-05-26,19.03,20.19,20.89,18.79,4019999.9999999995,-0.11320000000000001
2017-05-27,0,0,0,0,0,0
2017-05-28,0,0,0,0,0,0
2017-05-29,0,0,0,0,0,0
2017-05-30,18.84,19.21,19.83,18.69,1590000.0,-0.01
2017-05-31,17.86,18.81,19.13,17.34,1810000.0,-0.052000000000000005
2017-06-01,18.34,18.23,19.03,18.06,1070000.0,0.0269
2017-06-02,18.78,18.35,18.89,17.8,1360000.0,0.024
2017-06-03,0,0,0,0,0,0
2017-06-04,0,0,0,0,0,0
2017-06-05,17.21,18.21,18.4,17.1,1810000.0,-0.0836
2017-06-06,17.6,17.28,17.7,17.2,879810.0,0.0227
2017-06-07,18.01,17.7,18.26,17.63,884460.0,0.0233
2017-06-08,18.19,18.0,18.21,17.53,650280.0,0.01
2017-06-09,17.37,18.18,18.69,17.16,1240000.0,-0.0451
2017-06-10,0,0,0,0,0,0
2017-06-11,0,0,0,0,0,0
2017-06-12,18.2,17.45,18.55,17.38,1070000.0,0.0478
2017-06-13,18.54,18.19,18.62,18.19,472880.0,0.0187
2017-06-14,18.27,18.59,18.68,18.1,619910.0,-0.0146
2017-06-15,17.78,18.01,18.4,17.7,557060.0,-0.0268
2017-06-16,18.33,17.75,18.4,17.75,720690.0,0.030899999999999997
2017-06-17,0,0,0,0,0,0
2017-06-18,0,0,0,0,0,0
2017-06-19,18.73,18.47,18.99,18.4,825710.0,0.0218
2017-06-20,18.91,18.49,19.17,18.36,721960.0,0.0096
2017-06-21,19.4,18.92,19.45,18.73,642320.0,0.0259
2017-06-22,20.26,19.21,20.99,19.2,1640000.0,0.0443
2017-06-23,20.77,20.11,21.0,20.1,929630.0,0.0252
2017-06-24,0,0,0,0,0,0
2017-06-25,0,0,0,0,0,0
2017-06-26,20.25,20.9,21.07,19.87,848960.0,-0.025
2017-06-27,20.22,20.2,20.74,20.06,641080.0,-0.0015
2017-06-28,20.63,20.15,21.0,20.13,995190.0,0.0203
2017-06-29,20.6,20.64,20.91,20.27,1170000.0,-0.0015
2017-06-30,20.8,20.64,21.16,20.06,504960.0,0.0097
2017-07-01,0,0,0,0,0,0
2017-07-02,0,0,0,0,0,0
2017-07-03,21.22,20.81,21.75,20.71,781650.0,0.0202
2017-07-04,0,0,0,0,0,0
2017-07-05,20.35,21.17,21.7,20.22,782010.0,-0.040999999999999995
2017-07-06,19.82,20.17,20.72,19.77,767840.0,-0.026000000000000002
2017-07-07,20.18,19.81,20.34,19.61,602700.0,0.0182
2017-07-08,0,0,0,0,0,0
2017-07-09,0,0,0,0,0,0
2017-07-10,20.62,20.18,20.84,20.11,470040.0,0.0218
2017-07-11,20.9,20.77,21.1,20.56,523980.0,0.013600000000000001
2017-07-12,21.69,21.1,21.86,21.1,842020.0,0.0378
2017-07-13,21.82,21.7,22.18,21.52,558810.0,0.006
2017-07-14,23.11,21.94,23.23,21.94,1170000.0,0.0591
2017-07-15,0,0,0,0,0,0
2017-07-16,0,0,0,0,0,0
2017-07-17,23.7,23.02,24.45,23.02,1510000.0,0.0255
2017-07-18,25.52,23.7,25.6,23.7,2029999.9999999998,0.0768
2017-07-19,28.1,25.7,28.18,25.69,4059999.9999999995,0.1011
2017-07-20,27.83,27.5,27.98,26.72,2790000.0,-0.0096
2017-07-21,27.36,27.45,27.55,26.57,1920000.0,-0.0169
2017-07-22,0,0,0,0,0,0
2017-07-23,0,0,0,0,0,0
2017-07-24,28.0,27.21,28.26,27.17,1730000.0,0.023399999999999997
2017-07-25,25.76,28.25,28.25,25.73,1590000.0,-0.08
2017-07-26,26.37,26.15,26.77,26.0,969130.0,0.023700000000000002
2017-07-27,26.76,26.25,27.65,26.2,1000000.0,0.0148
2017-07-28,28.02,27.66,28.13,27.1,1430000.0,0.0471
2017-07-29,0,0,0,0,0,0
2017-07-30,0,0,0,0,0,0
2017-07-31,27.62,28.2,28.44,26.74,1370000.0,-0.0143
2017-08-01,27.52,28.0,28.0,27.14,471310.0,-0.0036
2017-08-02,26.46,27.2,27.52,26.12,1070000.0,-0.0385
2017-08-03,27.17,26.77,28.08,26.72,1530000.0,0.0268
2017-08-04,27.9,27.25,27.93,27.18,577950.0,0.0269
2017-08-05,0,0,0,0,0,0
2017-08-06,0,0,0,0,0,0
2017-08-07,29.02,28.05,29.1,27.5,1460000.0,0.0401
2017-08-08,28.49,28.8,29.36,28.34,817490.0,-0.0183
2017-08-09,28.52,28.14,28.53,27.75,528240.0,0.0011
2017-08-10,26.89,28.25,28.28,26.62,917270.0,-0.0572
2017-08-11,27.49,26.55,27.61,26.12,888480.0,0.0223
2017-08-12,0,0,0,0,0,0
2017-08-13,0,0,0,0,0,0
2017-08-14,28.11,27.6,28.48,26.94,835500.0,0.0226
2017-08-15,28.24,28.1,28.69,27.72,722950.0,0.0046
2017-08-16,27.45,28.31,28.7,27.3,659480.0,-0.027999999999999997
2017-08-17,26.06,27.46,27.92,26.01,1080000.0,-0.0506
2017-08-18,26.33,26.63,26.73,26.03,953480.0,0.0104
2017-08-19,0,0,0,0,0,0
2017-08-20,0,0,0,0,0,0
2017-08-21,23.7,26.51,26.56,23.69,2820000.0,-0.0999
2017-08-22,23.58,24.0,24.4,23.52,1690000.0,-0.0051
2017-08-23,23.7,23.65,24.2,23.52,890220.0,0.0051
2017-08-24,24.55,23.7,24.64,23.66,1080000.0,0.0359
2017-08-25,24.7,24.7,24.87,23.94,1020000.0,0.0060999999999999995
2017-08-26,0,0,0,0,0,0
2017-08-27,0,0,0,0,0,0
2017-08-28,24.79,24.9,25.1,24.32,947530.0,0.0036
2017-08-29,25.59,24.29,26.45,24.29,1420000.0,0.0323
2017-08-30,26.45,26.11,26.58,26.0,661440.0,0.0336
2017-08-31,27.83,26.6,28.3,26.53,1270000.0,0.052199999999999996
2017-09-01,28.52,27.98,28.54,27.9,863300.0,0.0248
2017-09-02,0,0,0,0,0,0
2017-09-03,0,0,0,0,0,0
2017-09-04,0,0,0,0,0,0
2017-09-05,26.95,28.4,28.48,26.79,1800000.0,-0.055
2017-09-06,27.15,24.7,27.46,24.41,2200000.0,0.0074
2017-09-07,28.82,27.15,28.89,26.58,1790000.0,0.061500000000000006
2017-09-08,28.29,28.11,30.06,27.38,2230000.0,-0.0184
2017-09-09,0,0,0,0,0,0
2017-09-10,0,0,0,0,0,0
2017-09-11,28.7,28.4,28.95,27.88,1570000.0,0.014499999999999999
2017-09-12,28.31,28.82,29.24,28.21,806230.0,-0.013600000000000001
2017-09-13,28.99,28.7,29.57,28.45,1460000.0,0.024
2017-09-14,29.89,28.75,30.11,28.3,1880000.0,0.031
2017-09-15,28.71,29.65,30.5,28.68,2390000.0,-0.0395
2017-09-16,0,0,0,0,0,0
2017-09-17,0,0,0,0,0,0
2017-09-18,27.64,29.36,29.54,27.33,1690000.0,-0.0373
2017-09-19,27.71,27.84,28.15,27.55,627960.0,0.0025
2017-09-20,26.29,27.98,28.06,26.0,1370000.0,-0.0512
2017-09-21,26.01,25.63,26.88,24.61,1730000.0,-0.010700000000000001
2017-09-22,26.03,26.03,26.69,25.32,1100000.0,0.0008
2017-09-23,0,0,0,0,0,0
2017-09-24,0,0,0,0,0,0
2017-09-25,25.17,25.96,26.16,24.7,1130000.0,-0.033
2017-09-26,25.56,25.47,25.79,25.12,549610.0,0.0155
2017-09-27,26.12,24.95,26.48,24.71,788460.0,0.0219
2017-09-28,25.04,26.05,26.4,24.32,915780.0,-0.041299999999999996
2017-09-29,24.95,25.12,25.6,24.85,449810.0,-0.0036
2017-09-30,0,0,0,0,0,0
2017-10-01,0,0,0,0,0,0
2017-10-02,24.76,24.92,24.97,24.39,377100.0,-0.0076
2017-10-03,25.21,24.97,25.69,24.86,504600.0,0.0182
2017-10-04,25.23,25.3,25.72,25.0,367610.0,0.0008
2017-10-05,24.75,25.6,25.6,24.42,518580.00000000006,-0.019
2017-10-06,24.26,24.75,24.82,24.08,521559.99999999994,-0.019799999999999998
2017-10-07,0,0,0,0,0,0
2017-10-08,0,0,0,0,0,0
2017-10-09,23.74,24.29,24.42,23.18,841700.0,-0.021400000000000002
2017-10-10,22.97,23.7,23.73,22.88,668520.0,-0.032400000000000005
2017-10-11,22.6,22.33,22.94,21.9,908580.0,-0.0161
2017-10-12,23.52,23.03,23.86,23.01,699380.0,0.0407
2017-10-13,23.52,23.62,24.12,23.44,541470.0,0.0
2017-10-14,0,0,0,0,0,0
2017-10-15,0,0,0,0,0,0
2017-10-16,23.45,23.63,23.81,23.24,234780.0,-0.003
2017-10-17,23.68,23.41,24.0,23.04,357900.0,0.0098
2017-10-18,23.83,23.59,24.28,23.59,395660.0,0.0063
2017-10-19,23.75,23.8,23.8,23.1,378350.0,-0.0034000000000000002
2017-10-20,24.31,23.97,24.33,23.7,383990.0,0.0236
2017-10-21,0,0,0,0,0,0
2017-10-22,0,0,0,0,0,0
2017-10-23,24.92,24.4,25.2,24.4,548290.0,0.025099999999999997
2017-10-24,25.46,24.76,25.74,24.76,593540.0,0.0217
2017-10-25,24.82,25.44,25.6,24.1,583390.0,-0.025099999999999997
2017-10-26,25.07,24.68,25.5,24.25,606390.0,0.0101
2017-10-27,25.82,25.09,26.08,25.09,802380.0,0.029900000000000003
2017-10-28,0,0,0,0,0,0
2017-10-29,0,0,0,0,0,0
2017-10-30,26.67,25.67,27.1,25.67,696780.0,0.0329
2017-10-31,26.63,26.7,26.99,26.23,387430.0,-0.0015
2017-11-01,27.15,26.63,27.5,26.63,430710.0,0.0195
2017-11-02,27.2,26.74,27.38,26.34,523100.0,0.0018
2017-11-03,26.44,26.8,27.02,26.1,336350.0,-0.0279
2017-11-04,0,0,0,0,0,0
2017-11-05,0,0,0,0,0,0
2017-11-06,26.9,26.5,27.36,26.48,383840.0,0.0174
2017-11-07,27.1,27.23,27.4,26.65,319830.0,0.0074
2017-11-08,26.92,27.0,27.3,26.61,290590.0,-0.0066
2017-11-09,27.09,26.61,27.22,26.28,698300.0,0.0063
2017-11-10,28.41,27.09,28.6,27.09,779330.0,0.0487
2017-11-11,0,0,0,0,0,0
2017-11-12,0,0,0,0,0,0
2017-11-13,28.39,28.29,29.38,28.16,764350.0,-0.0007000000000000001
2017-11-14,28.1,28.42,29.18,27.91,383810.0,-0.0102
2017-11-15,27.02,27.39,27.56,26.9,954560.0,-0.0384
2017-11-16,27.5,27.28,27.89,27.23,434860.0,0.0178
2017-11-17,27.17,27.29,27.55,27.1,274000.0,-0.012
2017-11-18,0,0,0,0,0,0
2017-11-19,0,0,0,0,0,0
2017-11-20,27.94,27.35,28.2,27.22,428940.0,0.028300000000000002
2017-11-21,26.91,28.08,28.63,26.75,787260.0,-0.0369
2017-11-22,25.91,27.05,27.26,25.23,1190000.0,-0.037200000000000004
2017-11-23,0,0,0,0,0,0
2017-11-24,24.6,26.02,26.07,24.25,992760.0,-0.0506
2017-11-25,0,0,0,0,0,0
2017-11-26,0,0,0,0,0,0
2017-11-27,25.17,24.77,25.66,24.5,357150.0,0.0232
2017-11-28,25.06,25.2,25.4,24.38,427360.0,-0.0044
2017-11-29,24.18,25.09,25.19,23.88,729900.0,-0.0351
2017-11-30,24.54,24.25,24.73,23.7,681130.0,0.0149
2017-12-01,24.42,24.05,25.2,24.01,427600.0,-0.0049
2017-12-02,0,0,0,0,0,0
2017-12-03,0,0,0,0,0,0
2017-12-04,22.58,24.58,24.79,22.55,873750.0,-0.0753
2017-12-05,23.48,22.62,23.72,22.62,362980.0,0.039900000000000005
2017-12-06,23.82,23.24,24.15,22.68,854200.0,0.014499999999999999
2017-12-07,24.48,23.11,25.82,23.11,1250000.0,0.0277
2017-12-08,26.66,24.72,26.91,24.56,868330.0,0.0891
2017-12-09,0,0,0,0,0,0
2017-12-10,0,0,0,0,0,0
2017-12-11,25.6,26.24,26.65,25.35,749710.0,-0.0398
2017-12-12,25.1,25.25,25.95,25.05,342740.0,-0.0195
2017-12-13,24.4,25.08,25.4,24.3,360840.0,-0.0279
2017-12-14,23.75,24.07,24.46,23.7,467560.0,-0.026600000000000002
2017-12-15,24.37,23.75,24.54,23.75,456530.0,0.026099999999999998
2017-12-16,0,0,0,0,0,0
2017-12-17,0,0,0,0,0,0
2017-12-18,24.59,24.63,24.86,24.15,258079.99999999997,0.009000000000000001
2017-12-19,23.88,24.17,24.45,23.87,435190.0,-0.028900000000000002
2017-12-20,23.33,24.06,24.13,23.19,390510.0,-0.023
2017-12-21,23.78,23.5,24.13,23.42,316630.0,0.019299999999999998
2017-12-22,24.22,24.1,24.45,23.73,537380.0,0.018500000000000003
2017-12-23,0,0,0,0,0,0
2017-12-24,0,0,0,0,0,0
2017-12-25,0,0,0,0,0,0
2017-12-26,24.04,23.84,24.25,23.2,557840.0,-0.0074
2017-12-27,24.74,23.6,24.9,23.6,540870.0,0.0291
2017-12-28,24.73,24.75,25.04,24.5,455900.0,-0.0004
2017-12-29,24.05,24.82,24.82,23.98,359360.0,-0.0275
2017-12-30,0,0,0,0,0,0
2017-12-31,0,0,0,0,0,0
2018-01-01,0,0,0,0,0,0
2018-01-02,25.06,24.12,25.44,24.12,396680.0,0.042
2018-01-03,24.33,25.21,25.21,24.08,534010.0,-0.0291
2018-01-04,24.19,24.21,24.42,24.0,422760.0,-0.0058
2018-01-05,24.23,24.3,24.96,24.07,328470.0,0.0017000000000000001
2018-01-06,0,0,0,0,0,0
2018-01-07,0,0,0,0,0,0
2018-01-08,24.13,24.25,24.5,23.96,358290.0,-0.0040999999999999995
2018-01-09,24.0,23.7,24.54,23.7,798570.0,-0.0054
2018-01-10,24.09,24.06,24.24,23.82,248870.0,0.0038
2018-01-11,24.77,24.13,24.9,24.09,371220.0,0.0282
2018-01-12,24.59,24.89,25.56,24.59,431460.0,-0.0073
2018-01-13,0,0,0,0,0,0
2018-01-14,0,0,0,0,0,0
2018-01-15,0,0,0,0,0,0
2018-01-16,24.16,24.78,25.07,24.01,418780.0,-0.0175
2018-01-17,24.25,24.54,24.59,24.04,220680.0,0.0037
2018-01-18,24.07,24.22,24.41,23.75,436010.0,-0.0074
2018-01-19,24.17,24.05,24.43,23.9,266030.0,0.0042
2018-01-20,0,0,0,0,0,0
2018-01-21,0,0,0,0,0,0
2018-01-22,23.37,24.19,24.2,23.25,634310.0,-0.0331
2018-01-23,21.52,23.0,23.1,21.46,1560000.0,-0.07919999999999999
2018-01-24,20.94,21.39,21.98,20.17,1150000.0,-0.027000000000000003
2018-01-25,22.42,21.43,22.75,21.38,706900.0,0.0707
2018-01-26,22.63,22.8,22.8,22.05,386210.0,0.009399999999999999
2018-01-27,0,0,0,0,0,0
2018-01-28,0,0,0,0,0,0
2018-01-29,23.19,23.3,23.82,22.9,420360.0,0.024700000000000003
2018-01-30,22.8,23.03,23.14,22.53,283810.0,-0.0168
2018-01-31,22.22,22.97,23.41,22.14,354670.0,-0.0254
2018-02-01,21.8,22.12,22.45,21.62,504390.0,-0.0189
2018-02-02,21.47,21.58,21.72,21.34,291430.0,-0.0151
2018-02-03,0,0,0,0,0,0
2018-02-04,0,0,0,0,0,0
2018-02-05,20.93,21.19,21.6,20.91,331020.0,-0.0252
2018-02-06,20.35,20.44,21.14,20.08,655770.0,-0.0277
2018-02-07,18.16,19.05,19.07,18.14,4430000.0,-0.1076
2018-02-08,17.26,18.5,18.51,17.26,1840000.0,-0.0496
2018-02-09,17.18,17.47,17.73,16.06,1500000.0,-0.0046
2018-02-10,0,0,0,0,0,0
2018-02-11,0,0,0,0,0,0
2018-02-12,17.59,17.6,18.08,17.26,1130000.0,0.0239
2018-02-13,17.65,17.6,17.99,17.5,498380.0,0.0034000000000000002
2018-02-14,18.16,17.51,18.17,17.5,476560.0,0.028900000000000002
2018-02-15,18.87,18.68,19.02,18.35,410230.0,0.0391
2018-02-16,18.97,19.5,19.51,18.78,450570.0,0.0053
2018-02-17,0,0,0,0,0,0
2018-02-18,0,0,0,0,0,0
2018-02-19,0,0,0,0,0,0
2018-02-20,18.58,18.97,18.97,18.45,342900.0,-0.0206
2018-02-21,18.52,18.67,18.83,18.21,313810.0,-0.0032
2018-02-22,18.37,18.45,18.5,18.01,597020.0,-0.008100000000000001
2018-02-23,17.83,18.5,18.51,17.46,453350.0,-0.0294
2018-02-24,0,0,0,0,0,0
2018-02-25,0,0,0,0,0,0
2018-02-26,18.63,17.95,18.75,17.95,309190.0,0.0449
2018-02-27,17.57,18.48,18.49,17.56,381140.0,-0.056900000000000006
2018-02-28,17.87,17.8,18.0,17.64,254360.0,0.0171
2018-03-01,18.01,17.91,18.65,17.84,559060.0,0.0078000000000000005
2018-03-02,18.38,17.79,18.61,17.26,651490.0,0.020499999999999997
2018-03-03,0,0,0,0,0,0
2018-03-04,0,0,0,0,0,0
2018-03-05,18.26,18.31,18.55,18.12,223320.0,-0.006500000000000001
2018-03-06,18.13,18.41,18.75,18.13,342130.0,-0.0070999999999999995
2018-03-07,18.01,18.14,18.4,17.89,258430.0,-0.0066
2018-03-08,18.44,18.12,18.48,17.9,207630.0,0.0239
2018-03-09,18.35,18.48,18.48,18.15,205510.0,-0.0049
2018-03-10,0,0,0,0,0,0
2018-03-11,0,0,0,0,0,0
2018-03-12,18.63,18.4,19.22,18.4,345680.0,0.015300000000000001
2018-03-13,18.79,18.86,19.21,18.69,192140.0,0.0086
2018-03-14,18.88,18.93,19.25,18.69,137650.0,0.0048
2018-03-15,18.53,18.95,19.0,18.41,254660.0,-0.018500000000000003
2018-03-16,19.35,18.8,19.83,18.42,1040000.0,0.0443
2018-03-17,0,0,0,0,0,0
2018-03-18,0,0,0,0,0,0
2018-03-19,20.24,20.41,21.35,19.63,1390000.0,0.046
2018-03-20,20.5,20.3,20.67,20.13,568590.0,0.0128
2018-03-21,20.21,20.65,20.77,20.03,466030.0,-0.0141
2018-03-22,18.6,19.11,19.4,18.3,1000000.0,-0.0797
2018-03-23,18.46,18.41,18.93,16.81,1270000.0,-0.0075
2018-03-24,0,0,0,0,0,0
2018-03-25,0,0,0,0,0,0
2018-03-26,19.48,18.96,19.6,18.8,532340.0,0.0553
2018-03-27,18.18,19.08,19.85,18.02,521380.0,-0.0667
2018-03-28,17.5,18.23,18.23,17.42,550170.0,-0.0374
2018-03-29,18.25,17.64,18.38,17.56,247880.0,0.0429
2018-03-30,0,0,0,0,0,0
2018-03-31,0,0,0,0,0,0
2018-04-01,0,0,0,0,0,0
2018-04-02,18.81,18.3,18.81,18.26,301970.0,0.030699999999999998
2018-04-03,18.84,18.89,19.43,18.19,631060.0,0.0016
2018-04-04,19.37,18.28,19.62,18.16,478230.0,0.0281
2018-04-05,20.04,19.41,20.47,19.35,715590.0,0.0346
2018-04-06,19.11,19.82,20.35,19.02,800310.0,-0.0464
2018-04-07,0,0,0,0,0,0
2018-04-08,0,0,0,0,0,0
2018-04-09,19.74,19.73,20.09,19.23,680420.0,0.033
2018-04-10,19.85,20.31,20.44,19.65,1040000.0,0.005600000000000001
2018-04-11,19.59,19.9,20.4,19.46,722560.0,-0.0131
2018-04-12,19.39,19.54,19.76,19.31,242910.0,-0.0102
2018-04-13,19.27,19.47,19.74,19.13,449100.0,-0.0062
2018-04-14,0,0,0,0,0,0
2018-04-15,0,0,0,0,0,0
2018-04-16,18.91,19.36,19.36,18.72,354410.0,-0.0187
2018-04-17,19.02,18.84,19.25,18.66,712820.0,0.0058
2018-04-18,19.62,19.08,19.66,18.9,376250.0,0.0315
2018-04-19,19.12,19.62,19.71,19.01,323040.0,-0.0255
2018-04-20,19.26,19.07,19.44,18.95,216700.0,0.0073
2018-04-21,0,0,0,0,0,0
2018-04-22,0,0,0,0,0,0
2018-04-23,18.88,19.15,19.35,18.8,331140.0,-0.0197
2018-04-24,19.12,19.07,19.55,18.9,293470.0,0.0127
2018-04-25,18.49,19.01,19.05,18.21,406850.0,-0.0329
2018-04-26,18.62,18.45,18.8,18.36,230550.0,0.006999999999999999
2018-04-27,18.73,18.64,19.0,18.5,208930.0,0.0059
2018-04-28,0,0,0,0,0,0
2018-04-29,0,0,0,0,0,0
2018-04-30,18.38,18.84,18.84,18.3,281010.0,-0.0187
2018-05-01,17.73,18.34,18.49,17.67,285110.0,-0.0354
2018-05-02,18.2,17.73,18.39,17.4,278490.0,0.0265
2018-05-03,17.86,18.07,18.1,17.35,243810.0,-0.0187
2018-05-04,17.55,17.56,17.95,17.05,466290.0,-0.0174
2018-05-05,0,0,0,0,0,0
2018-05-06,0,0,0,0,0,0
2018-05-07,18.19,17.56,18.41,17.56,512330.00000000006,0.0365
2018-05-08,17.9,18.29,18.34,17.9,180030.0,-0.0159
2018-05-09,18.41,17.95,18.41,17.64,376950.0,0.0285
2018-05-10,19.11,18.49,19.17,18.2,348410.0,0.038
2018-05-11,18.74,19.15,19.25,18.51,220740.0,-0.0194
2018-05-12,0,0,0,0,0,0
2018-05-13,0,0,0,0,0,0
2018-05-14,19.21,18.83,19.7,18.77,348270.0,0.025099999999999997
2018-05-15,19.61,19.0,19.64,19.0,342550.0,0.0208
2018-05-16,20.21,19.55,20.79,19.51,841970.0,0.030600000000000002
2018-05-17,19.92,20.12,20.35,19.73,344370.0,-0.0143
2018-05-18,19.48,19.96,19.96,19.22,319360.0,-0.022099999999999998
2018-05-19,0,0,0,0,0,0
2018-05-20,0,0,0,0,0,0
2018-05-21,19.76,19.71,20.01,19.57,203080.0,0.0144
2018-05-22,19.33,19.78,19.88,19.31,143060.0,-0.0218
2018-05-23,17.99,19.13,19.31,17.85,878420.0,-0.0693
2018-05-24,18.17,17.95,18.46,17.76,309630.0,0.01
2018-05-25,18.21,18.17,18.4,17.84,242430.0,0.0022
2018-05-26,0,0,0,0,0,0
2018-05-27,0,0,0,0,0,0
2018-05-28,0,0,0,0,0,0
2018-05-29,18.01,17.94,18.09,17.46,452950.0,-0.011000000000000001
2018-05-30,17.73,17.9,17.98,17.52,458450.0,-0.0155
2018-05-31,17.62,17.79,18.1,17.5,304440.0,-0.0062
2018-06-01,15.14,17.55,17.58,15.13,2020000.0,-0.1407
2018-06-02,0,0,0,0,0,0
2018-06-03,0,0,0,0,0,0
2018-06-04,13.77,15.3,15.35,12.56,4280000.0,-0.09050000000000001
2018-06-05,12.96,13.34,13.7,12.82,2120000.0,-0.0588
2018-06-06,12.01,13.07,13.1,11.91,2830000.0,-0.0733
2018-06-07,11.92,12.2,12.65,11.48,2630000.0,-0.0075
2018-06-08,11.8,11.9,12.24,11.55,1830000.0,-0.0101
2018-06-09,0,0,0,0,0,0
2018-06-10,0,0,0,0,0,0
2018-06-11,12.5,11.92,12.56,11.8,1190000.0,0.0593
2018-06-12,12.07,12.55,12.79,12.04,1270000.0,-0.0344
2018-06-13,12.12,12.17,12.42,11.96,991970.0,0.0040999999999999995
2018-06-14,12.37,12.02,12.37,12.02,381740.0,0.0206
2018-06-15,12.19,12.2,12.2,11.6,1030000.0,-0.0146
2018-06-16,0,0,0,0,0,0
2018-06-17,0,0,0,0,0,0
2018-06-18,12.88,12.05,12.99,12.05,923650.0,0.056600000000000004
2018-06-19,12.16,12.5,12.55,11.92,988270.0,-0.0559
2018-06-20,13.09,12.5,13.15,12.3,1130000.0,0.0765
2018-06-21,14.15,13.4,14.28,13.33,1480000.0,0.081
2018-06-22,14.14,14.23,14.78,14.04,1100000.0,-0.0007000000000000001
2018-06-23,0,0,0,0,0,0
2018-06-24,0,0,0,0,0,0
2018-06-25,13.9,14.1,14.46,13.8,761780.0,-0.017
2018-06-26,14.57,13.15,14.57,12.72,1140000.0,0.0482
2018-06-27,13.98,14.6,14.7,13.9,706540.0,-0.0405
2018-06-28,14.3,13.86,14.41,13.67,823340.0,0.0229
2018-06-29,13.77,14.31,14.45,13.64,672580.0,-0.0371
2018-06-30,0,0,0,0,0,0
2018-07-01,0,0,0,0,0,0
2018-07-02,14.13,13.71,14.6,13.71,489240.0,0.026099999999999998
2018-07-03,14.04,14.37,14.37,13.92,292340.0,-0.0064
2018-07-04,0,0,0,0,0,0
2018-07-05,13.72,14.13,14.24,13.55,446400.0,-0.022799999999999997
2018-07-06,13.96,13.76,14.04,13.72,471690.0,0.0175
2018-07-07,0,0,0,0,0,0
2018-07-08,0,0,0,0,0,0
2018-07-09,14.84,13.96,14.84,13.91,617630.0,0.063
2018-07-10,14.52,14.63,15.1,14.34,757790.0,-0.0216
2018-07-11,14.2,14.48,14.71,14.05,529920.0,-0.022000000000000002
2018-07-12,13.85,14.31,14.31,13.62,515250.0,-0.0246
2018-07-13,14.12,13.88,14.22,13.61,225520.0,0.0195
2018-07-14,0,0,0,0,0,0
2018-07-15,0,0,0,0,0,0
2018-07-16,14.05,14.3,14.39,13.98,296300.0,-0.005
2018-07-17,13.79,13.98,14.21,13.68,439320.0,-0.018500000000000003
2018-07-18,13.69,13.86,13.91,13.52,451540.0,-0.0073
2018-07-19,13.67,13.49,13.77,13.25,241340.0,-0.0015
2018-07-20,13.31,13.61,13.63,13.31,270970.0,-0.0263
2018-07-21,0,0,0,0,0,0
2018-07-22,0,0,0,0,0,0
2018-07-23,12.98,13.32,13.36,12.53,546800.0,-0.0248
2018-07-24,13.77,13.05,13.89,12.74,707600.0,0.060899999999999996
2018-07-25,14.26,13.85,14.3,13.72,460070.0,0.0356
2018-07-26,13.92,13.97,14.21,13.77,237200.0,-0.023799999999999998
2018-07-27,13.84,13.9,14.06,13.65,268620.0,-0.005699999999999999
2018-07-28,0,0,0,0,0,0
2018-07-29,0,0,0,0,0,0
2018-07-30,13.45,13.51,13.99,13.15,442050.0,-0.0282
2018-07-31,13.87,13.55,14.09,13.5,226680.0,0.031200000000000002
2018-08-01,13.91,13.83,14.03,13.67,113820.0,0.0029
2018-08-02,14.15,13.64,14.23,13.61,247540.0,0.0173
2018-08-03,13.93,14.24,14.26,13.68,164860.0,-0.0155
2018-08-04,0,0,0,0,0,0
2018-08-05,0,0,0,0,0,0
2018-08-06,14.25,13.9,14.32,13.83,241490.0,0.023
2018-08-07,14.88,14.38,14.98,14.2,620470.0,0.044199999999999996
2018-08-08,15.33,14.95,15.48,14.79,845660.0,0.0302
2018-08-09,15.89,15.5,16.3,15.33,985150.0,0.0365
2018-08-10,15.84,15.75,16.3,15.61,975800.0,-0.0031
2018-08-11,0,0,0,0,0,0
2018-08-12,0,0,0,0,0,0
2018-08-13,13.9,14.49,14.49,12.6,2530000.0,-0.1225
2018-08-14,12.81,14.0,14.05,12.62,1440000.0,-0.0784
2018-08-15,12.4,12.59,12.67,11.47,1660000.0,-0.032
2018-08-16,12.91,12.5,13.2,12.5,807400.0,0.041100000000000005
2018-08-17,12.23,12.77,12.9,12.16,481880.0,-0.0527
2018-08-18,0,0,0,0,0,0
2018-08-19,0,0,0,0,0,0
2018-08-20,12.32,12.31,12.8,12.22,588690.0,0.0074
2018-08-21,12.49,12.45,12.85,12.36,407260.0,0.0138
2018-08-22,12.36,12.57,12.81,12.34,380570.0,-0.0104
2018-08-23,12.13,12.36,12.43,12.03,527950.0,-0.018600000000000002
2018-08-24,13.12,12.4,13.14,12.22,602980.0,0.0816
2018-08-25,0,0,0,0,0,0
2018-08-26,0,0,0,0,0,0
2018-08-27,13.36,13.14,13.85,13.12,427340.0,0.0183
2018-08-28,13.23,13.41,13.55,12.96,278370.0,-0.0097
2018-08-29,13.59,13.4,13.7,13.1,319040.0,0.027200000000000002
2018-08-30,12.97,13.49,13.65,12.97,295900.0,-0.045599999999999995
2018-08-31,13.13,13.01,13.13,12.77,218590.0,0.0123
2018-09-01,0,0,0,0,0,0
2018-09-02,0,0,0,0,0,0
2018-09-03,0,0,0,0,0,0
2018-09-04,13.18,13.05,13.3,12.87,441900.0,0.0038
2018-09-05,12.93,13.2,13.3,12.9,332890.0,-0.019
2018-09-06,12.32,12.91,13.15,12.26,455660.0,-0.0472
2018-09-07,12.31,12.34,12.59,11.87,394340.0,-0.0008
2018-09-08,0,0,0,0,0,0
2018-09-09,0,0,0,0,0,0
2018-09-10,12.19,12.46,12.46,12.01,339870.0,-0.0097
2018-09-11,12.49,12.19,12.72,12.09,349640.0,0.0246
2018-09-12,12.84,12.39,12.84,12.18,207810.0,0.027999999999999997
2018-09-13,12.38,12.96,12.96,12.36,369270.0,-0.0358
2018-09-14,12.42,12.34,12.72,12.26,223410.0,0.0032
2018-09-15,0,0,0,0,0,0
2018-09-16,0,0,0,0,0,0
2018-09-17,12.15,12.37,12.53,12.09,270500.0,-0.0217
2018-09-18,12.45,12.14,12.65,12.0,455340.0,0.024700000000000003
2018-09-19,12.65,12.59,12.68,12.33,235140.0,0.0161
2018-09-20,12.46,12.75,12.78,12.35,247770.0,-0.015
2018-09-21,12.36,12.35,12.5,12.15,383340.0,-0.008
2018-09-22,0,0,0,0,0,0
2018-09-23,0,0,0,0,0,0
2018-09-24,12.03,12.3,12.5,12.01,329420.0,-0.026699999999999998
2018-09-25,11.77,12.03,12.3,11.7,478190.0,-0.0216
2018-09-26,11.72,11.8,11.95,11.7,383970.0,-0.0042
2018-09-27,11.39,11.71,11.79,11.38,653240.0,-0.0282
2018-09-28,10.77,11.35,11.39,10.37,833880.0,-0.054400000000000004
2018-09-29,0,0,0,0,0,0
2018-09-30,0,0,0,0,0,0
2018-10-01,10.67,10.74,11.19,10.63,405920.0,-0.009300000000000001
2018-10-02,10.82,10.51,10.95,10.4,323220.0,0.0141
2018-10-03,10.81,10.88,11.0,10.56,215040.0,-0.0009
2018-10-04,10.44,10.74,10.96,10.41,359320.0,-0.0342
2018-10-05,9.62,10.5,10.86,9.5,947750.0,-0.0785
2018-10-06,0,0,0,0,0,0
2018-10-07,0,0,0,0,0,0
2018-10-08,9.69,9.52,9.74,9.12,796550.0,0.0073
2018-10-09,9.85,9.7,10.11,9.52,425800.0,0.0165
2018-10-10,9.21,9.87,10.02,9.11,756910.0,-0.065
2018-10-11,8.96,9.0,9.12,8.27,1320000.0,-0.0271
2018-10-12,9.05,9.27,9.3,8.64,607270.0,0.01
2018-10-13,0,0,0,0,0,0
2018-10-14,0,0,0,0,0,0
2018-10-15,9.5,9.04,9.69,8.95,698150.0,0.049699999999999994
2018-10-16,9.7,9.31,9.96,9.31,440830.0,0.021099999999999997
2018-10-17,9.38,9.7,9.77,9.25,390850.0,-0.033
2018-10-18,9.22,9.27,9.58,9.12,357150.0,-0.0171
2018-10-19,9.0,9.24,9.42,9.0,525610.0,-0.0239
2018-10-20,0,0,0,0,0,0
2018-10-21,0,0,0,0,0,0
2018-10-22,8.65,9.14,9.14,8.31,688160.0,-0.038900000000000004
2018-10-23,8.2,8.3,8.38,7.9,683450.0,-0.052000000000000005
2018-10-24,7.84,8.2,8.35,7.84,477940.0,-0.043899999999999995
2018-10-25,8.05,8.05,8.19,7.92,467350.0,0.0268
2018-10-26,7.52,7.91,8.12,7.44,674820.0,-0.0658
2018-10-27,0,0,0,0,0,0
2018-10-28,0,0,0,0,0,0
2018-10-29,7.26,7.6,7.75,7.14,554040.0,-0.0346
2018-10-30,7.64,7.23,7.71,7.11,711210.0,0.052300000000000006
2018-10-31,8.06,7.75,8.32,7.65,525530.0,0.055
2018-11-01,8.71,8.2,8.82,8.11,740840.0,0.0806
2018-11-02,8.97,9.2,9.81,8.65,1190000.0,0.029900000000000003
2018-11-03,0,0,0,0,0,0
2018-11-04,0,0,0,0,0,0
2018-11-05,10.49,9.91,10.92,9.9,2740000.0,0.16949999999999998
2018-11-06,9.61,10.3,10.33,9.31,1190000.0,-0.0839
2018-11-07,9.57,9.75,10.0,9.55,510180.0,-0.0042
2018-11-08,9.1,9.46,9.56,9.01,453000.0,-0.049100000000000005
2018-11-09,8.99,9.0,9.1,8.73,389290.0,-0.0121
2018-11-10,0,0,0,0,0,0
2018-11-11,0,0,0,0,0,0
2018-11-12,8.93,9.21,9.27,8.92,303270.0,-0.0067
2018-11-13,8.38,9.05,9.15,8.31,650130.0,-0.0616
2018-11-14,8.64,8.59,8.84,8.32,466980.0,0.031
2018-11-15,9.08,8.55,9.34,8.38,539150.0,0.0509
2018-11-16,9.28,8.87,9.44,8.84,332350.0,0.022000000000000002
2018-11-17,0,0,0,0,0,0
2018-11-18,0,0,0,0,0,0
2018-11-19,9.06,9.15,9.4,8.94,270740.0,-0.023700000000000002
2018-11-20,8.91,8.88,9.0,8.35,342720.0,-0.0166
2018-11-21,9.18,8.97,9.3,8.95,204170.0,0.030299999999999997
2018-11-22,0,0,0,0,0,0
2018-11-23,9.22,9.02,9.48,9.02,277890.0,0.0044
2018-11-24,0,0,0,0,0,0
2018-11-25,0,0,0,0,0,0
2018-11-26,10.65,10.43,11.11,9.81,3460000.0,0.1551
2018-11-27,11.47,10.45,11.95,10.36,2000000.0,0.077
2018-11-28,12.01,11.8,12.34,11.6,1410000.0,0.0471
2018-11-29,11.73,12.21,12.24,11.33,838100.0,-0.0233
2018-11-30,11.57,11.75,11.86,11.49,508990.0,-0.013600000000000001
2018-12-01,0,0,0,0,0,0
2018-12-02,0,0,0,0,0,0
2018-12-03,11.96,12.22,12.25,11.66,627220.0,0.0337
2018-12-04,11.37,11.92,12.02,11.3,625660.0,-0.0493
2018-12-05,0,0,0,0,0,0
2018-12-06,11.8,11.06,11.88,10.86,647180.0,0.0378
2018-12-07,11.79,11.73,12.2,11.6,524190.00000000006,-0.0008
2018-12-08,0,0,0,0,0,0
2018-12-09,0,0,0,0,0,0
2018-12-10,12.01,11.62,12.2,11.49,484740.0,0.0187
2018-12-11,12.19,12.24,12.31,11.92,430480.0,0.015
2018-12-12,12.37,12.25,12.7,12.1,727620.0,0.0148
2018-12-13,12.63,12.3,12.83,12.28,434710.0,0.021
2018-12-14,11.37,12.49,12.58,11.35,796010.0,-0.0998
2018-12-15,0,0,0,0,0,0
2018-12-16,0,0,0,0,0,0
2018-12-17,11.15,11.36,11.49,11.01,368790.0,-0.019299999999999998
2018-12-18,11.05,11.19,11.54,10.98,353240.0,-0.009000000000000001
2018-12-19,10.68,10.9,11.18,10.56,595230.0,-0.0335
2018-12-20,10.26,10.53,10.94,10.04,497450.0,-0.0393
2018-12-21,9.59,10.23,10.4,9.57,772320.0,-0.0653
2018-12-22,0,0,0,0,0,0
2018-12-23,0,0,0,0,0,0
2018-12-24,9.5,9.52,9.81,9.26,299270.0,-0.009399999999999999
2018-12-25,0,0,0,0,0,0
2018-12-26,10.16,9.5,10.28,9.43,498100.0,0.0695
2018-12-27,9.95,9.88,10.2,9.57,419510.0,-0.0207
2018-12-28,9.83,9.91,10.14,9.65,245600.0,-0.0121
2018-12-29,0,0,0,0,0,0
2018-12-30,0,0,0,0,0,0
2018-12-31,9.89,9.89,10.13,9.59,300910.0,0.0060999999999999995
2019-01-01,0,0,0,0,0,0
2019-01-02,10.19,9.63,10.33,9.52,414520.0,0.030299999999999997
2019-01-03,10.1,10.0,10.64,10.0,395360.0,-0.0088
2019-01-04,10.93,10.35,11.15,10.3,522830.00000000006,0.08220000000000001
2019-01-05,0,0,0,0,0,0
2019-01-06,0,0,0,0,0,0
2019-01-07,11.4,11.01,11.68,10.84,480310.0,0.043
2019-01-08,11.47,11.7,11.71,11.22,354190.0,0.0060999999999999995
2019-01-09,11.75,11.64,11.96,11.59,426370.0,0.024399999999999998
2019-01-10,12.54,11.6,12.58,11.6,845620.0,0.0672
2019-01-11,12.32,12.49,12.57,12.17,436700.0,-0.0175
2019-01-12,0,0,0,0,0,0
2019-01-13,0,0,0,0,0,0
2019-01-14,12.31,12.13,12.97,11.91,624870.0,-0.0008
2019-01-15,12.32,12.57,12.86,12.26,441830.0,0.0008
2019-01-16,12.62,12.36,12.7,12.25,500720.0,0.024399999999999998
2019-01-17,12.97,12.52,13.1,12.46,546040.0,0.0277
2019-01-18,12.7,13.1,13.3,12.58,559900.0,-0.0208
2019-01-19,0,0,0,0,0,0
2019-01-20,0,0,0,0,0,0
2019-01-21,0,0,0,0,0,0
2019-01-22,12.17,12.62,12.89,11.95,587180.0,-0.0417
2019-01-23,12.57,12.7,12.98,12.3,506690.0,0.0329
2019-01-24,13.56,12.6,13.58,12.6,944310.0,0.0788
2019-01-25,15.24,13.75,15.72,13.75,1840000.0,0.12390000000000001
2019-01-26,0,0,0,0,0,0
2019-01-27,0,0,0,0,0,0
2019-01-28,15.76,15.18,16.0,14.92,1340000.0,0.0341
2019-01-29,15.26,15.51,15.9,15.04,656230.0,-0.0317
2019-01-30,15.89,15.43,15.93,15.32,462600.0,0.041299999999999996
2019-01-31,16.66,15.84,16.89,15.55,1340000.0,0.048499999999999995
2019-02-01,15.15,16.76,16.93,15.02,1330000.0,-0.0906
2019-02-02,0,0,0,0,0,0
2019-02-03,0,0,0,0,0,0
2019-02-04,16.05,15.71,16.4,15.6,850760.0,0.0594
2019-02-05,15.85,16.13,16.59,15.72,595190.0,-0.0125
2019-02-06,16.6,16.25,16.99,16.25,1240000.0,0.0473
2019-02-07,15.63,16.26,16.7,15.55,793290.0,-0.0584
2019-02-08,15.7,15.3,15.96,15.15,530500.0,0.0045000000000000005
2019-02-09,0,0,0,0,0,0
2019-02-10,0,0,0,0,0,0
2019-02-11,16.2,16.1,16.49,15.86,530530.0,0.0318
2019-02-12,16.17,16.35,16.51,15.77,661390.0,-0.0019
2019-02-13,16.42,16.22,16.73,16.22,946510.0,0.0155
2019-02-14,16.52,16.19,16.63,16.16,405050.0,0.0060999999999999995
2019-02-15,16.0,16.59,16.7,15.66,719060.0,-0.0315
2019-02-16,0,0,0,0,0,0
2019-02-17,0,0,0,0,0,0
2019-02-18,0,0,0,0,0,0
2019-02-19,18.58,16.29,18.59,16.29,2040000.0,0.1612
2019-02-20,17.86,18.9,19.19,17.72,1710000.0,-0.0388
2019-02-21,18.32,17.93,18.78,17.92,703870.0,0.0258
2019-02-22,20.94,19.25,20.95,19.02,2440000.0,0.14300000000000002
2019-02-23,0,0,0,0,0,0
2019-02-24,0,0,0,0,0,0
2019-02-25,20.51,21.18,21.8,20.09,1640000.0,-0.020499999999999997
2019-02-26,20.5,20.19,20.68,20.13,720360.0,-0.0005
2019-02-27,20.07,19.7,20.2,19.1,1030000.0,-0.021
2019-02-28,20.59,19.97,20.77,19.38,800000.0,0.0259
2019-03-01,20.81,20.65,21.4,20.47,889850.0,0.010700000000000001
2019-03-02,0,0,0,0,0,0
2019-03-03,0,0,0,0,0,0
2019-03-04,19.18,20.81,21.15,18.78,1380000.0,-0.0783
2019-03-05,18.36,19.32,19.72,18.21,1210000.0,-0.042800000000000005
2019-03-06,16.67,17.7,17.94,16.07,2910000.0,-0.092
2019-03-07,16.73,16.85,17.39,16.1,2580000.0,0.0036
2019-03-08,16.67,16.45,16.75,16.16,910180.0,-0.0036
2019-03-09,0,0,0,0,0,0
2019-03-10,0,0,0,0,0,0
2019-03-11,18.42,17.1,18.56,17.1,1580000.0,0.105
2019-03-12,18.46,18.5,18.75,18.17,1150000.0,0.0022
2019-03-13,18.44,18.2,18.48,17.81,807610.0,-0.0011
2019-03-14,19.31,18.45,19.41,18.25,1600000.0,0.0472
2019-03-15,19.22,19.27,19.5,18.8,891900.0,-0.004699999999999999
2019-03-16,0,0,0,0,0,0
2019-03-17,0,0,0,0,0,0
2019-03-18,19.92,19.31,19.94,19.3,820930.0,0.0364
2019-03-19,20.83,19.93,20.9,19.71,1390000.0,0.045700000000000005
2019-03-20,21.55,20.5,21.59,20.5,1520000.0,0.0346
2019-03-21,19.61,21.0,21.2,18.75,2860000.0,-0.09
2019-03-22,17.14,18.51,18.98,16.75,3540000.0,-0.126
2019-03-23,0,0,0,0,0,0
2019-03-24,0,0,0,0,0,0
2019-03-25,17.35,17.31,18.2,17.25,1070000.0,0.0123
2019-03-26,16.82,17.6,17.72,16.12,2089999.9999999998,-0.0305
2019-03-27,16.98,16.8,17.3,16.52,820230.0,0.0095
2019-03-28,17.61,17.01,18.0,16.98,941590.0,0.0371
2019-03-29,18.0,17.85,18.3,17.58,714810.0,0.022099999999999998
2019-03-30,0,0,0,0,0,0
2019-03-31,0,0,0,0,0,0
2019-04-01,18.85,18.5,18.93,18.15,1090000.0,0.0472
2019-04-02,19.3,18.85,19.6,18.59,968500.0,0.0239
2019-04-03,19.87,19.37,20.44,19.26,884810.0,0.029500000000000002
2019-04-04,19.82,19.72,19.87,19.38,934060.0,-0.0025
2019-04-05,19.87,19.87,20.03,19.59,517240.0,0.0025
2019-04-06,0,0,0,0,0,0
2019-04-07,0,0,0,0,0,0
2019-04-08,19.86,18.79,19.87,18.5,1130000.0,-0.0005
2019-04-09,19.53,19.83,19.93,19.46,435470.0,-0.0166
2019-04-10,18.57,19.5,19.71,18.26,1360000.0,-0.0492
2019-04-11,17.17,18.45,18.58,17.14,1160000.0,-0.0754
2019-04-12,17.71,17.53,18.26,17.5,971570.0,0.0315
2019-04-13,0,0,0,0,0,0
2019-04-14,0,0,0,0,0,0
2019-04-15,17.98,17.82,18.17,17.47,560120.0,0.0152
2019-04-16,18.57,18.07,18.83,18.02,515580.00000000006,0.032799999999999996
2019-04-17,19.03,18.7,19.3,18.7,735330.0,0.0248
2019-04-18,19.03,19.08,19.27,18.58,502260.0,0.0
2019-04-19,0,0,0,0,0,0
2019-04-20,0,0,0,0,0,0
2019-04-21,0,0,0,0,0,0
2019-04-22,19.76,18.89,19.82,18.78,533930.0,0.0384
2019-04-23,19.7,19.19,19.91,19.19,871580.0,-0.003
2019-04-24,19.71,19.78,20.58,19.61,584010.0,0.0005
2019-04-25,19.73,19.57,19.82,19.1,570580.0,0.001
2019-04-26,19.79,19.58,19.9,19.27,269170.0,0.003
2019-04-27,0,0,0,0,0,0
2019-04-28,0,0,0,0,0,0
2019-04-29,19.42,19.78,20.1,19.39,427760.0,-0.0187
2019-04-30,19.46,19.61,20.13,19.2,1010000.0,0.0021
2019-05-01,19.18,19.43,19.88,19.18,351230.0,-0.0144
2019-05-02,19.53,19.35,19.83,19.12,642350.0,0.0182
2019-05-03,20.99,19.65,21.18,19.49,1340000.0,0.0748
2019-05-04,0,0,0,0,0,0
2019-05-05,0,0,0,0,0,0
2019-05-06,19.25,19.8,20.09,19.02,1260000.0,-0.08289999999999999
2019-05-07,19.69,19.26,19.69,19.0,652450.0,0.0229
2019-05-08,18.54,19.22,19.4,18.49,1680000.0,-0.0584
2019-05-09,18.42,18.67,18.73,17.79,951830.0,-0.006500000000000001
2019-05-10,18.61,18.23,19.0,18.22,836760.0,0.0103
2019-05-11,0,0,0,0,0,0
2019-05-12,0,0,0,0,0,0
2019-05-13,17.38,18.12,18.39,17.19,958120.0,-0.0661
2019-05-14,17.69,18.08,18.29,17.4,868430.0,0.0178
2019-05-15,17.4,16.7,17.68,16.51,6800000.0,-0.016399999999999998
2019-05-16,17.99,17.42,18.74,17.36,1840000.0,0.0339
2019-05-17,17.63,17.69,18.36,17.51,588590.0,-0.02
2019-05-18,0,0,0,0,0,0
2019-05-19,0,0,0,0,0,0
2019-05-20,17.94,17.59,18.27,17.3,1000000.0,0.0176
2019-05-21,18.86,18.19,19.12,18.01,849890.0,0.0513
2019-05-22,19.07,18.34,19.52,18.34,1710000.0,0.0111
2019-05-23,17.65,18.81,19.03,17.57,1180000.0,-0.0745
2019-05-24,18.16,18.03,18.35,17.71,491890.0,0.028900000000000002
2019-05-25,0,0,0,0,0,0
2019-05-26,0,0,0,0,0,0
2019-05-27,0,0,0,0,0,0
2019-05-28,19.48,18.35,19.5,18.29,1590000.0,0.0727
2019-05-29,19.26,19.06,19.5,18.89,1110000.0,-0.0113
2019-05-30,19.88,19.26,20.1,19.26,964500.0,0.0322
2019-05-31,20.11,19.55,20.19,19.4,999850.0,0.0116
2019-06-01,0,0,0,0,0,0
2019-06-02,0,0,0,0,0,0
2019-06-03,21.27,20.25,21.43,20.22,1180000.0,0.057699999999999994
2019-06-04,23.0,21.0,23.0,20.92,1940000.0,0.08130000000000001
2019-06-05,22.7,22.85,23.19,22.02,1300000.0,-0.013000000000000001
2019-06-06,22.78,22.66,22.85,22.18,556870.0,0.0034999999999999996
2019-06-07,23.0,22.75,23.0,22.42,489640.0,0.0097
2019-06-08,0,0,0,0,0,0
2019-06-09,0,0,0,0,0,0
2019-06-10,23.78,23.19,24.41,23.18,1140000.0,0.0339
2019-06-11,23.57,23.85,24.01,23.08,474490.0,-0.0088
2019-06-12,24.02,23.54,24.35,23.14,626290.0,0.0191
2019-06-13,24.71,24.37,24.84,24.02,463950.0,0.0287
2019-06-14,24.63,24.52,24.78,24.31,267080.0,-0.0032
2019-06-15,0,0,0,0,0,0
2019-06-16,0,0,0,0,0,0
2019-06-17,22.6,24.34,24.47,22.12,1290000.0,-0.0824
2019-06-18,23.27,22.69,23.48,22.62,644640.0,0.0296
2019-06-19,23.4,23.23,23.58,22.89,416790.0,0.005600000000000001
2019-06-20,22.65,23.97,24.0,22.57,544600.0,-0.0321
2019-06-21,22.25,22.6,22.66,21.6,1100000.0,-0.0177
2019-06-22,0,0,0,0,0,0
2019-06-23,0,0,0,0,0,0
2019-06-24,22.45,22.69,23.13,22.14,375970.0,0.009000000000000001
2019-06-25,20.98,22.64,22.64,20.92,852900.0,-0.0655
2019-06-26,21.75,21.36,22.17,21.05,711430.0,0.036699999999999997
2019-06-27,22.28,21.8,22.57,21.53,960320.0,0.024399999999999998
2019-06-28,21.69,22.72,22.75,20.57,1420000.0,-0.0265
2019-06-29,0,0,0,0,0,0
2019-06-30,0,0,0,0,0,0
2019-07-01,22.43,22.36,23.2,21.9,1150000.0,0.0341
2019-07-02,22.77,22.44,22.77,21.72,497060.0,0.0152
2019-07-03,22.62,22.76,23.27,22.62,306450.0,-0.0066
2019-07-04,0,0,0,0,0,0
2019-07-05,23.16,22.35,23.18,21.56,733250.0,0.0239
2019-07-06,0,0,0,0,0,0
2019-07-07,0,0,0,0,0,0
2019-07-08,22.39,22.79,22.8,21.66,729810.0,-0.0332
2019-07-09,22.24,22.26,22.6,21.83,350980.0,-0.0067
2019-07-10,21.61,22.35,22.58,21.56,511480.0,-0.028300000000000002
2019-07-11,19.99,21.66,21.8,19.87,1480000.0,-0.075
2019-07-12,20.09,20.5,21.44,19.95,1020000.0,0.005
2019-07-13,0,0,0,0,0,0
2019-07-14,0,0,0,0,0,0
2019-07-15,20.3,20.33,20.48,20.06,377210.0,0.0105
2019-07-16,20.26,20.3,20.57,20.03,390080.0,-0.002
2019-07-17,20.7,20.36,20.86,20.3,576400.0,0.0217
2019-07-18,20.43,20.55,20.71,20.2,351690.0,-0.013000000000000001
2019-07-19,20.23,20.55,20.8,20.19,305410.0,-0.0098
2019-07-20,0,0,0,0,0,0
2019-07-21,0,0,0,0,0,0
2019-07-22,20.88,20.48,21.13,20.26,779410.0,0.0321
2019-07-23,20.43,21.06,21.3,19.93,591280.0,-0.0216
2019-07-24,20.03,20.53,20.61,20.0,600760.0,-0.0196
2019-07-25,19.21,20.21,20.21,19.11,850560.0,-0.0409
2019-07-26,19.54,19.29,19.61,19.02,628420.0,0.0172
2019-07-27,0,0,0,0,0,0
2019-07-28,0,0,0,0,0,0
2019-07-29,19.95,19.59,19.96,19.25,299750.0,0.021
2019-07-30,20.08,19.69,20.1,19.52,298910.0,0.006500000000000001
2019-07-31,19.59,20.1,20.47,19.27,363540.0,-0.024399999999999998
2019-08-01,20.05,19.95,21.18,19.86,959300.0,0.0235
2019-08-02,19.9,19.94,20.08,19.45,358960.0,-0.0075
2019-08-03,0,0,0,0,0,0
2019-08-04,0,0,0,0,0,0
2019-08-05,18.61,19.31,19.37,18.0,979400.0,-0.06480000000000001
2019-08-06,18.93,19.0,19.77,18.65,681740.0,0.0172
2019-08-07,19.95,19.0,19.95,19.0,658290.0,0.053899999999999997
2019-08-08,20.74,20.16,21.1,20.04,638370.0,0.039599999999999996
2019-08-09,20.35,20.38,20.75,20.1,367440.0,-0.018799999999999997
2019-08-10,0,0,0,0,0,0
2019-08-11,0,0,0,0,0,0
2019-08-12,19.88,20.28,20.3,19.3,351510.0,-0.0231
2019-08-13,19.6,19.7,20.26,19.4,598810.0,-0.0141
2019-08-14,18.05,19.11,19.3,17.81,1040000.0,-0.0791
2019-08-15,18.28,18.66,19.13,18.03,654120.0,0.0127
2019-08-16,19.34,18.78,19.37,18.52,470120.0,0.057999999999999996
2019-08-17,0,0,0,0,0,0
2019-08-18,0,0,0,0,0,0
2019-08-19,19.63,19.69,19.87,19.35,397240.0,0.015
2019-08-20,19.73,19.66,20.05,19.5,337450.0,0.0051
2019-08-21,19.83,20.69,20.83,19.21,1340000.0,0.0051
2019-08-22,19.25,19.75,19.89,19.12,659220.0,-0.0292
2019-08-23,18.5,19.05,19.1,18.27,995220.0,-0.039
2019-08-24,0,0,0,0,0,0
2019-08-25,0,0,0,0,0,0
2019-08-26,19.0,18.96,19.07,18.55,664190.0,0.027000000000000003
2019-08-27,19.23,19.0,19.49,18.77,502790.0,0.0121
2019-08-28,19.8,19.11,19.87,19.05,474910.0,0.0296
2019-08-29,20.19,20.11,20.47,19.53,1150000.0,0.0197
2019-08-30,21.87,21.15,22.09,19.5,3450000.0,0.0832
2019-08-31,0,0,0,0,0,0
2019-09-01,0,0,0,0,0,0
2019-09-02,0,0,0,0,0,0
2019-09-03,21.0,21.4,21.94,20.79,976780.0,-0.0398
2019-09-04,22.47,21.24,22.81,21.09,1600000.0,0.07
2019-09-05,22.45,22.67,23.28,22.41,1130000.0,-0.0009
2019-09-06,21.14,22.43,22.51,21.1,722590.0,-0.0584
2019-09-07,0,0,0,0,0,0
2019-09-08,0,0,0,0,0,0
2019-09-09,19.64,21.37,21.37,19.59,894720.0,-0.071
2019-09-10,19.16,19.8,19.8,18.35,1390000.0,-0.024399999999999998
2019-09-11,19.4,19.3,19.68,18.98,668580.0,0.0125
2019-09-12,19.14,19.47,19.5,18.74,551090.0,-0.0134
2019-09-13,19.56,19.26,20.03,19.1,430610.0,0.0219
2019-09-14,0,0,0,0,0,0
2019-09-15,0,0,0,0,0,0
2019-09-16,20.31,19.7,20.35,19.5,507940.0,0.0383
2019-09-17,20.33,20.0,20.73,19.92,475540.0,0.001
2019-09-18,20.38,20.21,20.59,19.78,461310.0,0.0025
2019-09-19,20.77,20.59,20.94,20.38,622780.0,0.0191
2019-09-20,20.37,20.83,21.04,20.03,994730.0,-0.019299999999999998
2019-09-21,0,0,0,0,0,0
2019-09-22,0,0,0,0,0,0
2019-09-23,20.92,20.44,21.1,20.21,728210.0,0.027000000000000003
2019-09-24,18.92,20.94,21.0,18.82,1370000.0,-0.0956
2019-09-25,19.27,19.07,19.38,18.75,763690.0,0.018500000000000003
2019-09-26,17.97,19.27,19.3,17.71,1400000.0,-0.0675
2019-09-27,16.82,18.22,18.39,16.56,1570000.0,-0.064
2019-09-28,0,0,0,0,0,0
2019-09-29,0,0,0,0,0,0
2019-09-30,15.95,17.03,17.19,15.93,1540000.0,-0.051699999999999996
2019-10-01,15.26,16.03,16.18,15.21,1030000.0,-0.0433
2019-10-02,14.84,15.2,15.51,14.69,1120000.0,-0.0275
2019-10-03,15.58,14.95,15.65,14.69,710840.0,0.0499
2019-10-04,16.02,15.8,16.15,15.35,543880.0,0.0282
2019-10-05,0,0,0,0,0,0
2019-10-06,0,0,0,0,0,0
2019-10-07,15.65,15.39,16.15,15.3,738260.0,-0.0231
2019-10-08,16.02,15.62,16.08,15.6,571290.0,0.0236
2019-10-09,15.37,16.2,16.21,15.36,709110.0,-0.0406
2019-10-10,15.79,15.59,16.07,15.42,443070.0,0.0273
2019-10-11,15.71,16.14,16.45,15.61,746440.0,-0.0051
2019-10-12,0,0,0,0,0,0
2019-10-13,0,0,0,0,0,0
2019-10-14,16.01,15.76,16.27,15.76,491270.0,0.0191
2019-10-15,16.01,15.92,16.27,15.71,589680.0,0.0
2019-10-16,14.96,15.97,16.2,14.87,930010.0,-0.06559999999999999
2019-10-17,15.4,15.02,15.79,15.02,875690.0,0.0294
2019-10-18,15.33,15.39,15.61,15.23,725770.0,-0.0045000000000000005
2019-10-19,0,0,0,0,0,0
2019-10-20,0,0,0,0,0,0
2019-10-21,15.32,15.32,15.53,15.23,409580.0,-0.0007000000000000001
2019-10-22,14.66,15.38,15.5,14.57,951840.0,-0.0431
2019-10-23,14.65,14.59,14.97,14.5,843000.0,-0.0007000000000000001
2019-10-24,15.26,14.8,15.3,14.73,744940.0,0.0416
2019-10-25,14.78,15.22,15.29,14.45,836020.0,-0.0315
2019-10-26,0,0,0,0,0,0
2019-10-27,0,0,0,0,0,0
2019-10-28,14.74,14.91,14.97,14.59,683630.0,-0.0027
2019-10-29,14.65,14.8,14.97,14.55,516000.0,-0.0060999999999999995
2019-10-30,14.28,14.65,14.68,14.11,746340.0,-0.0253
2019-10-31,14.44,14.35,14.56,14.24,535970.0,0.011200000000000002
2019-11-01,14.79,14.5,15.1,14.44,400010.0,0.0242
2019-11-02,0,0,0,0,0,0
2019-11-03,0,0,0,0,0,0
2019-11-04,14.61,15.16,15.34,14.61,529270.0,-0.012199999999999999
2019-11-05,14.6,14.75,14.96,14.5,484280.0,-0.0007000000000000001
2019-11-06,14.61,14.62,14.85,14.36,342490.0,0.0007000000000000001
2019-11-07,14.83,14.78,15.64,14.75,973520.0,0.0151
2019-11-08,15.14,14.8,15.16,14.53,701940.0,0.0209
2019-11-09,0,0,0,0,0,0
2019-11-10,0,0,0,0,0,0
2019-11-11,15.5,15.14,15.5,15.1,550820.0,0.023799999999999998
2019-11-12,16.05,15.7,16.31,15.67,981200.0,0.0355
2019-11-13,14.81,15.8,16.08,14.79,1330000.0,-0.07730000000000001
2019-11-14,15.03,15.0,15.29,14.65,833440.0,0.0149
2019-11-15,14.95,15.11,15.55,14.83,612290.0,-0.0053
2019-11-16,0,0,0,0,0,0
2019-11-17,0,0,0,0,0,0
2019-11-18,14.87,14.95,15.0,14.45,835300.0,-0.0054
2019-11-19,16.44,16.06,17.74,15.78,3790000.0,0.1056
2019-11-20,17.41,16.94,17.56,16.73,1680000.0,0.059000000000000004
2019-11-21,17.46,17.46,18.27,17.17,1720000.0,0.0029
2019-11-22,17.29,17.73,17.73,16.55,1490000.0,-0.0097
2019-11-23,0,0,0,0,0,0
2019-11-24,0,0,0,0,0,0
2019-11-25,16.95,17.25,17.54,16.76,871320.0,-0.0197
2019-11-26,17.35,17.4,17.4,16.78,855350.0,0.0236
2019-11-27,18.38,17.62,18.42,17.31,846570.0,0.0594
2019-11-28,0,0,0,0,0,0
2019-11-29,18.35,18.8,18.85,18.03,685730.0,-0.0016
2019-11-30,0,0,0,0,0,0
2019-12-01,0,0,0,0,0,0
2019-12-02,18.6,18.47,18.73,18.25,526100.0,0.013600000000000001
2019-12-03,18.57,18.21,18.65,17.94,1320000.0,-0.0016
2019-12-04,18.99,18.75,19.0,18.35,753880.0,0.0226
2019-12-05,19.77,19.2,19.9,19.15,1040000.0,0.041100000000000005
2019-12-06,20.28,19.86,20.37,19.66,1010000.0,0.0258
2019-12-07,0,0,0,0,0,0
2019-12-08,0,0,0,0,0,0
2019-12-09,20.42,20.29,20.52,20.1,918410.0,0.0069
2019-12-10,20.28,20.5,20.5,20.1,847560.0,-0.0069
2019-12-11,21.3,20.48,21.32,20.41,1220000.0,0.050300000000000004
2019-12-12,21.83,21.3,21.93,21.11,1130000.0,0.024900000000000002
2019-12-13,21.69,21.35,21.95,21.11,1030000.0,-0.0064
2019-12-14,0,0,0,0,0,0
2019-12-15,0,0,0,0,0,0
2019-12-16,21.8,21.65,21.89,21.32,876650.0,0.0051
2019-12-17,22.3,21.86,22.5,21.75,1310000.0,0.0229
2019-12-18,21.54,22.23,22.48,21.25,1300000.0,-0.0341
2019-12-19,21.84,21.61,21.99,21.61,1050000.0,0.0139
2019-12-20,22.01,21.95,22.66,21.87,1210000.0,0.0078000000000000005
2019-12-21,0,0,0,0,0,0
2019-12-22,0,0,0,0,0,0
2019-12-23,22.9,22.13,22.93,22.02,997800.0,0.0404
2019-12-24,22.98,22.73,23.15,22.66,427380.0,0.0034999999999999996
2019-12-25,0,0,0,0,0,0
2019-12-26,22.91,22.91,23.45,22.84,849800.0,-0.003
2019-12-27,22.65,23.01,23.13,22.47,922650.0,-0.0113
2019-12-28,0,0,0,0,0,0
2019-12-29,0,0,0,0,0,0
2019-12-30,22.22,22.52,22.67,22.07,898810.0,-0.019
2019-12-31,22.49,22.09,22.65,22.09,657310.0,0.012199999999999999
2020-01-01,0,0,0,0,0,0
2020-01-02,23.84,22.79,23.85,22.59,1130000.0,0.06
2020-01-03,22.59,23.17,23.65,22.48,1320000.0,-0.0524
2020-01-04,0,0,0,0,0,0
2020-01-05,0,0,0,0,0,0
2020-01-06,22.49,21.97,22.57,21.8,997760.0,-0.0044
2020-01-07,22.74,22.65,23.0,22.56,965970.0,0.0111
2020-01-08,22.23,22.48,22.54,21.96,856920.0,-0.022400000000000003
2020-01-09,22.78,22.57,23.25,22.41,993210.0,0.024700000000000003
2020-01-10,22.54,22.86,23.03,22.49,860850.0,-0.0105
2020-01-11,0,0,0,0,0,0
2020-01-12,0,0,0,0,0,0
2020-01-13,23.09,23.11,23.25,22.78,761350.0,0.024399999999999998
2020-01-14,24.35,23.16,24.36,23.15,1370000.0,0.0546
2020-01-15,23.2,24.29,24.3,23.17,1100000.0,-0.0472
2020-01-16,22.62,23.53,23.74,22.56,1070000.0,-0.025
2020-01-17,22.83,23.08,23.19,22.53,779980.0,0.009300000000000001
2020-01-18,0,0,0,0,0,0
2020-01-19,0,0,0,0,0,0
2020-01-20,0,0,0,0,0,0
2020-01-21,22.21,22.46,22.64,21.9,1060000.0,-0.027200000000000002
2020-01-22,21.2,22.41,22.53,21.03,1110000.0,-0.0455
2020-01-23,20.72,20.95,21.18,20.31,844950.0,-0.0226
2020-01-24,20.39,20.88,21.03,20.24,645350.0,-0.0159
2020-01-25,0,0,0,0,0,0
2020-01-26,0,0,0,0,0,0
2020-01-27,19.39,19.28,19.76,19.01,1300000.0,-0.049
2020-01-28,19.66,19.58,19.79,19.42,742400.0,0.0139
2020-01-29,19.6,19.65,19.97,19.45,528580.0,-0.0031
2020-01-30,19.44,19.42,19.45,19.08,637170.0,-0.008199999999999999
2020-01-31,18.7,19.28,19.37,18.66,878230.0,-0.0381
2020-02-01,0,0,0,0,0,0
2020-02-02,0,0,0,0,0,0
2020-02-03,19.36,18.61,19.49,18.39,1260000.0,0.0353
2020-02-04,20.51,20.15,20.86,20.01,2720000.0,0.0594
2020-02-05,21.54,20.86,21.56,20.53,1250000.0,0.050199999999999995
2020-02-06,22.25,21.63,22.69,21.63,1350000.0,0.033
2020-02-07,21.64,21.9,22.18,21.5,743140.0,-0.0274
2020-02-08,0,0,0,0,0,0
2020-02-09,0,0,0,0,0,0
2020-02-10,21.69,21.65,21.97,21.51,620700.0,0.0023
2020-02-11,25.74,22.55,25.87,22.52,4490000.0,0.1867
2020-02-12,28.64,25.46,28.76,25.27,3830000.0,0.1127
2020-02-13,25.73,26.91,27.15,25.2,2820000.0,-0.1016
2020-02-14,25.5,25.82,26.7,25.45,2160000.0,-0.0089
2020-02-15,0,0,0,0,0,0
2020-02-16,0,0,0,0,0,0
2020-02-17,0,0,0,0,0,0
2020-02-18,25.66,25.71,26.15,25.44,1090000.0,0.0063
2020-02-19,28.22,26.31,28.29,26.25,1820000.0,0.0998
2020-02-20,28.24,28.59,28.84,26.88,1850000.0,0.0007000000000000001
2020-02-21,27.21,27.8,27.95,27.09,1310000.0,-0.0365
2020-02-22,0,0,0,0,0,0
2020-02-23,0,0,0,0,0,0
2020-02-24,26.55,24.58,26.95,24.58,1900000.0,-0.024300000000000002
2020-02-25,25.83,26.57,27.05,25.66,1130000.0,-0.0271
2020-02-26,25.42,25.3,26.29,25.16,830130.0,-0.0159
2020-02-27,23.59,25.09,25.16,23.14,1850000.0,-0.07200000000000001
2020-02-28,22.84,22.45,23.7,22.21,1250000.0,-0.0318
2020-02-29,0,0,0,0,0,0
2020-03-01,0,0,0,0,0,0
2020-03-02,22.89,23.52,23.73,21.84,1600000.0,0.0022
2020-03-03,21.9,23.59,24.43,21.75,2049999.9999999998,-0.0433
2020-03-04,22.6,22.8,22.8,21.1,2300000.0,0.032
2020-03-05,23.0,21.99,23.64,21.88,1490000.0,0.0177
2020-03-06,22.19,22.7,23.16,21.76,1590000.0,-0.0352
2020-03-07,0,0,0,0,0,0
2020-03-08,0,0,0,0,0,0
2020-03-09,18.35,20.12,20.38,18.34,2480000.0,-0.17309999999999998
2020-03-10,19.25,19.94,20.1,18.55,1960000.0,0.049
2020-03-11,19.0,19.11,19.89,18.61,1830000.0,-0.013000000000000001
2020-03-12,17.81,17.77,19.33,17.48,2610000.0,-0.0626
2020-03-13,17.41,18.59,18.78,14.5,5650000.0,-0.0225
2020-03-14,0,0,0,0,0,0
2020-03-15,0,0,0,0,0,0
2020-03-16,12.36,15.58,15.58,11.92,3840000.0,-0.2901
2020-03-17,13.55,12.81,13.74,12.66,2200000.0,0.09630000000000001
2020-03-18,12.51,12.77,15.08,11.44,2950000.0,-0.0768
2020-03-19,13.02,12.3,14.03,11.81,1740000.0,0.0408
2020-03-20,13.32,13.81,14.09,12.61,1930000.0,0.023
2020-03-21,0,0,0,0,0,0
2020-03-22,0,0,0,0,0,0
2020-03-23,13.92,13.24,14.13,12.64,1490000.0,0.045
2020-03-24,16.75,15.02,16.94,14.98,2200000.0,0.20329999999999998
2020-03-25,16.48,16.81,17.72,15.75,1330000.0,-0.0161
2020-03-26,17.29,16.68,17.95,16.68,1060000.0,0.0492
2020-03-27,14.85,16.5,16.5,14.81,1960000.0,-0.1411
2020-03-28,0,0,0,0,0,0
2020-03-29,0,0,0,0,0,0
2020-03-30,14.93,15.22,15.41,14.53,1040000.0,0.0054
2020-03-31,14.85,15.26,15.35,14.61,1200000.0,-0.0054
2020-04-01,13.6,14.4,14.58,13.5,1040000.0,-0.0842
2020-04-02,14.18,14.0,14.49,13.5,746240.0,0.0426
2020-04-03,14.07,14.12,14.53,13.66,536070.0,-0.0078000000000000005
2020-04-04,0,0,0,0,0,0
2020-04-05,0,0,0,0,0,0
2020-04-06,14.9,14.7,15.91,14.66,1270000.0,0.059000000000000004
2020-04-07,15.23,16.33,16.47,15.21,1160000.0,0.022099999999999998
2020-04-08,15.7,15.5,15.82,15.23,927930.0,0.030899999999999997
2020-04-09,15.93,15.95,16.4,15.47,927000.0,0.0146
2020-04-10,0,0,0,0,0,0
2020-04-11,0,0,0,0,0,0
2020-04-12,0,0,0,0,0,0
2020-04-13,16.57,16.15,16.57,15.68,657700.0,0.04019999999999999
2020-04-14,17.08,17.29,17.72,16.8,869250.0,0.0308
2020-04-15,16.41,16.49,16.67,15.89,1970000.0,-0.0392
2020-04-16,16.18,16.55,16.72,15.84,690140.0,-0.013999999999999999
2020-04-17,16.57,16.52,16.85,16.15,613160.0,0.0241
2020-04-18,0,0,0,0,0,0
2020-04-19,0,0,0,0,0,0
2020-04-20,15.91,16.18,16.45,15.82,716360.0,-0.0398
2020-04-21,14.8,15.5,15.6,14.62,1450000.0,-0.0698
2020-04-22,15.47,15.3,15.53,14.85,661400.0,0.0453
2020-04-23,15.77,15.35,16.18,15.3,865790.0,0.0194
2020-04-24,15.19,15.87,16.06,15.02,751550.0,-0.0368
2020-04-25,0,0,0,0,0,0
2020-04-26,0,0,0,0,0,0
2020-04-27,15.68,15.58,15.76,15.35,790530.0,0.0323
2020-04-28,15.22,15.93,16.05,15.11,1030000.0,-0.029300000000000003
2020-04-29,16.24,15.5,16.34,15.3,950180.0,0.067
2020-04-30,15.82,16.1,16.26,15.46,815990.0,-0.0259
2020-05-01,14.8,15.22,15.56,14.47,966300.0,-0.0645
2020-05-02,0,0,0,0,0,0
2020-05-03,0,0,0,0,0,0
2020-05-04,15.36,14.81,15.42,14.62,556640.0,0.0378
2020-05-05,15.03,15.49,15.75,15.01,619660.0,-0.0215
2020-05-06,15.62,15.3,15.75,15.07,613590.0,0.0393
2020-05-07,15.92,15.64,16.12,15.43,536280.0,0.0192
2020-05-08,15.82,16.15,16.32,15.72,474520.0,-0.0063
2020-05-09,0,0,0,0,0,0
2020-05-10,0,0,0,0,0,0
2020-05-11,15.81,15.76,16.1,15.45,436230.0,-0.0006
2020-05-12,15.13,15.91,16.05,15.06,695860.0,-0.043
2020-05-13,14.62,15.3,15.3,14.27,816060.0,-0.0337
2020-05-14,14.75,14.18,14.75,13.69,849560.0,0.0089
2020-05-15,14.53,14.67,14.67,14.06,559790.0,-0.0149
2020-05-16,0,0,0,0,0,0
2020-05-17,0,0,0,0,0,0
2020-05-18,15.6,15.01,15.94,15.01,951180.0,0.0736
2020-05-19,17.1,15.78,17.35,15.78,1530000.0,0.0962
2020-05-20,16.77,17.55,18.24,16.6,1130000.0,-0.019299999999999998
2020-05-21,15.89,16.94,17.27,15.81,815430.0,-0.0525
2020-05-22,15.05,15.83,15.84,14.98,1680000.0,-0.0529
2020-05-23,0,0,0,0,0,0
2020-05-24,0,0,0,0,0,0
2020-05-25,0,0,0,0,0,0
2020-05-26,15.84,15.77,16.25,15.49,1030000.0,0.0525
2020-05-27,15.78,16.01,16.1,15.12,1350000.0,-0.0038
2020-05-28,15.22,15.69,15.91,15.15,511580.0,-0.0355
2020-05-29,15.81,15.25,16.14,15.12,1190000.0,0.0388
2020-05-30,0,0,0,0,0,0
2020-05-31,0,0,0,0,0,0
2020-06-01,15.6,15.85,16.19,15.27,1130000.0,-0.013300000000000001
2020-06-02,15.58,15.86,16.1,15.55,810040.0,-0.0013
2020-06-03,16.86,15.98,16.94,15.8,1280000.0,0.08220000000000001
2020-06-04,17.42,18.38,18.94,17.12,2930000.0,0.0332
2020-06-05,18.05,18.34,18.9,17.98,1530000.0,0.0362
2020-06-06,0,0,0,0,0,0
2020-06-07,0,0,0,0,0,0
2020-06-08,19.13,18.68,19.25,18.22,1370000.0,0.059800000000000006
2020-06-09,17.97,18.66,18.8,17.66,1610000.0,-0.060599999999999994
2020-06-10,18.19,18.42,18.5,17.84,1210000.0,0.012199999999999999
2020-06-11,16.96,17.45,17.68,16.85,1170000.0,-0.0676
2020-06-12,17.85,17.48,17.99,17.06,990690.0,0.0525
2020-06-13,0,0,0,0,0,0
2020-06-14,0,0,0,0,0,0
2020-06-15,16.27,16.55,16.9,15.81,2650000.0,-0.0885
2020-06-16,16.28,17.01,17.1,16.2,1230000.0,0.0006
2020-06-17,15.87,16.32,16.42,15.73,1150000.0,-0.0252
2020-06-18,15.65,15.72,16.24,15.57,1130000.0,-0.0139
2020-06-19,16.04,15.8,16.4,15.64,1280000.0,0.024900000000000002
2020-06-20,0,0,0,0,0,0
2020-06-21,0,0,0,0,0,0
2020-06-22,15.67,16.0,16.03,15.28,1090000.0,-0.0231
2020-06-23,16.9,15.89,16.99,15.89,1760000.0,0.0785
2020-06-24,17.41,16.53,17.49,16.25,1500000.0,0.0302
2020-06-25,17.68,16.92,17.69,16.92,1350000.0,0.0155
2020-06-26,16.98,17.44,17.56,16.89,817910.0,-0.039599999999999996
2020-06-27,0,0,0,0,0,0
2020-06-28,0,0,0,0,0,0
2020-06-29,17.9,17.22,18.29,17.21,1520000.0,0.0542
2020-06-30,17.71,17.96,18.04,17.59,562610.0,-0.0106
2020-07-01,18.8,17.8,18.87,17.8,1550000.0,0.061500000000000006
2020-07-02,19.14,18.8,19.38,18.53,1420000.0,0.0181
2020-07-03,0,0,0,0,0,0
2020-07-04,0,0,0,0,0,0
2020-07-05,0,0,0,0,0,0
2020-07-06,21.47,19.57,21.53,19.57,3010000.0,0.1217
2020-07-07,21.36,20.85,21.96,20.65,1760000.0,-0.0051
2020-07-08,22.9,21.55,23.0,21.5,2720000.0,0.0721
2020-07-09,21.94,23.04,23.05,21.31,1790000.0,-0.04190000000000001
2020-07-10,21.0,21.64,21.7,20.53,1290000.0,-0.042800000000000005
2020-07-11,0,0,0,0,0,0
2020-07-12,0,0,0,0,0,0
2020-07-13,20.72,21.61,21.95,20.7,1230000.0,-0.013300000000000001
2020-07-14,20.9,20.27,20.98,19.82,1210000.0,0.0087
2020-07-15,21.66,21.41,21.91,20.97,944630.0,0.0364
2020-07-16,19.86,20.68,20.84,19.63,1600000.0,-0.08310000000000001
2020-07-17,20.53,20.11,20.68,19.94,1180000.0,0.0337
2020-07-18,0,0,0,0,0,0
2020-07-19,0,0,0,0,0,0
2020-07-20,22.25,20.8,22.34,20.66,2190000.0,0.08380000000000001
2020-07-21,20.33,22.28,22.35,20.26,2210000.0,-0.0863
2020-07-22,19.98,20.52,20.89,19.51,2290000.0,-0.0172
2020-07-23,20.36,20.0,20.97,19.98,2250000.0,0.019
2020-07-24,19.1,19.81,20.01,19.03,1910000.0,-0.061900000000000004
2020-07-25,0,0,0,0,0,0
2020-07-26,0,0,0,0,0,0
2020-07-27,20.29,19.62,20.36,19.5,1180000.0,0.0623
2020-07-28,19.28,20.17,20.43,19.26,1040000.0,-0.049800000000000004
2020-07-29,19.51,19.55,19.88,19.31,601420.0,0.011899999999999999
2020-07-30,19.43,19.3,19.43,18.58,1250000.0,-0.0040999999999999995
2020-07-31,19.15,19.34,19.73,18.82,964020.0,-0.0144
2020-08-01,0,0,0,0,0,0
2020-08-02,0,0,0,0,0,0
2020-08-03,19.95,19.35,20.11,19.13,1190000.0,0.0418
2020-08-04,21.3,20.29,21.46,20.06,1590000.0,0.0677
2020-08-05,21.27,21.4,21.4,20.31,984340.0,-0.0014000000000000002
2020-08-06,20.95,20.93,21.05,20.58,769210.0,-0.015
2020-08-07,21.88,20.72,22.75,20.72,1980000.0,0.0444
2020-08-08,0,0,0,0,0,0
2020-08-09,0,0,0,0,0,0
2020-08-10,21.07,21.91,22.21,21.04,1110000.0,-0.037000000000000005
2020-08-11,20.41,21.05,21.15,19.76,1310000.0,-0.0313
2020-08-12,21.49,20.61,21.67,20.46,946450.0,0.0529
2020-08-13,22.0,21.5,22.07,21.49,1150000.0,0.023700000000000002
2020-08-14,21.35,21.87,22.02,21.09,1150000.0,-0.029500000000000002
2020-08-15,0,0,0,0,0,0
2020-08-16,0,0,0,0,0,0
2020-08-17,21.62,21.38,22.16,21.38,907600.0,0.0126
2020-08-18,22.9,21.7,22.9,21.67,1630000.0,0.0592
2020-08-19,22.58,22.92,23.59,22.23,1560000.0,-0.013999999999999999
2020-08-20,21.36,22.18,22.2,21.33,855160.0,-0.054000000000000006
2020-08-21,21.52,21.45,22.19,21.25,1080000.0,0.0075
2020-08-22,0,0,0,0,0,0
2020-08-23,0,0,0,0,0,0
2020-08-24,22.22,21.79,22.42,21.52,701530.0,0.0325
2020-08-25,22.32,22.15,22.41,21.58,670140.0,0.0045000000000000005
2020-08-26,21.91,22.57,22.66,21.82,876190.0,-0.0184
2020-08-27,21.62,22.18,22.47,21.25,1290000.0,-0.0132
2020-08-28,23.25,22.0,23.28,21.78,1690000.0,0.0754
2020-08-29,0,0,0,0,0,0
2020-08-30,0,0,0,0,0,0
2020-08-31,22.84,23.2,23.91,22.44,1320000.0,-0.0176
2020-09-01,23.16,22.98,23.25,22.58,646440.0,0.013999999999999999
2020-09-02,22.92,23.24,23.6,22.17,654490.0,-0.0104
2020-09-03,20.41,22.42,22.45,20.32,1840000.0,-0.10949999999999999
2020-09-04,20.11,21.01,21.19,19.1,1550000.0,-0.0147
2020-09-05,0,0,0,0,0,0
2020-09-06,0,0,0,0,0,0
2020-09-07,0,0,0,0,0,0
2020-09-08,20.06,19.52,20.57,18.95,1240000.0,-0.0025
2020-09-09,20.75,20.39,20.82,20.15,481280.0,0.0344
2020-09-10,20.48,20.48,20.86,20.39,673300.0,-0.013000000000000001
2020-09-11,21.14,21.26,22.44,20.97,1700000.0,0.0322
2020-09-12,0,0,0,0,0,0
2020-09-13,0,0,0,0,0,0
2020-09-14,22.81,21.55,22.86,21.32,1210000.0,0.079
2020-09-15,23.35,22.59,23.56,22.46,1200000.0,0.023700000000000002
2020-09-16,23.7,23.3,23.95,22.56,1060000.0,0.015
2020-09-17,23.43,23.22,23.95,23.0,942580.0,-0.011399999999999999
2020-09-18,24.5,23.7,25.07,23.49,1850000.0,0.045700000000000005
2020-09-19,0,0,0,0,0,0
2020-09-20,0,0,0,0,0,0
2020-09-21,27.45,24.23,27.84,23.84,11600000.0,0.1204
2020-09-22,27.66,26.61,27.77,26.17,6170000.0,0.0077
2020-09-23,33.46,28.3,33.73,28.3,13260000.0,0.2097
2020-09-24,32.83,32.31,33.6,31.26,4840000.0,-0.018799999999999997
2020-09-25,35.59,32.5,35.67,32.45,4720000.0,0.08410000000000001
2020-09-26,0,0,0,0,0,0
2020-09-27,0,0,0,0,0,0
2020-09-28,37.77,36.28,37.79,35.16,2660000.0,0.0613
2020-09-29,39.25,37.84,39.39,36.84,4580000.0,0.0392
2020-09-30,39.76,39.27,41.12,38.68,4070000.0000000005,0.013000000000000001
2020-10-01,42.74,40.6,43.27,39.61,4190000.0000000005,0.07490000000000001
2020-10-02,44.13,41.52,44.98,41.1,4910000.0,0.0325
2020-10-03,0,0,0,0,0,0
2020-10-04,0,0,0,0,0,0
2020-10-05,48.32,45.25,48.51,43.71,6030000.0,0.0949
2020-10-06,47.77,47.62,48.63,44.27,8760000.0,-0.011399999999999999
2020-10-07,55.91,48.94,56.3,48.3,13540000.0,0.1704
2020-10-08,54.96,56.07,59.58,52.1,30580000.0,-0.017
2020-10-09,62.84,53.69,63.29,52.61,22810000.0,0.1434
2020-10-10,0,0,0,0,0,0
2020-10-11,0,0,0,0,0,0
2020-10-12,59.4,61.2,63.35,56.84,21010000.0,-0.0547
2020-10-13,62.65,57.96,65.69,57.81,19270000.0,0.0547
2020-10-14,68.03,64.02,68.77,61.06,13760000.0,0.0859
2020-10-15,66.87,65.79,69.43,62.7,13300000.0,-0.0171
2020-10-16,69.91,68.34,70.65,64.8,14840000.0,0.0455
2020-10-17,0,0,0,0,0,0
2020-10-18,0,0,0,0,0,0
2020-10-19,75.63,70.11,77.1,67.87,13670000.0,0.0818
2020-10-20,87.55,77.1,87.75,75.78,29340000.0,0.1576
2020-10-21,68.61,86.55,89.85,68.34,37300000.0,-0.2163
2020-10-22,69.37,68.66,71.35,61.58,30080000.0,0.0111
2020-10-23,64.39,72.31,73.6,60.56,23020000.0,-0.0718
2020-10-24,0,0,0,0,0,0
2020-10-25,0,0,0,0,0,0
2020-10-26,0,0,0,0,0,0
2020-10-26,64.92,62.03,66.73,62.01,8350000.0,0.008199999999999999
2020-10-27,59.46,64.64,65.7,58.23,7520000.0,-0.08410000000000001
2020-10-28,59.72,60.05,63.2,57.11,6210000.0,0.0044
2020-10-29,61.02,61.1,62.37,59.28,3490000.0,0.0218
2020-10-30,58.3,60.49,60.59,56.27,3040000.0,-0.0446
2020-10-30,58.3,60.49,60.59,56.27,3040000.0,-0.0446
2020-11-01,0,0,0,0,0,0
2020-11-02,0,0,0,0,0,0
2020-11-02,62.77,60.3,63.82,59.52,4620000.0,0.0767
2020-11-03,64.12,60.41,64.5,59.82,3580000.0,0.0215
2020-11-04,56.33,61.36,61.5,56.01,8850000.0,-0.1215
2020-11-05,72.35,60.51,73.03,60.51,11600000.0,0.2844
2020-11-06,65.33,75.23,80.8,63.09,14300000.0,-0.09699999999999999
2020-11-08,0,0,0,0,0,0
2020-11-09,0,0,0,0,0,0
2020-11-09,62.49,69.98,69.98,62.0,5330000.0,-0.0435
