2015-01-02,48.62,47.98,48.67,47.95,1230000.0,0.0191
2015-01-03,0,0,0,0,0,0
2015-01-04,0,0,0,0,0,0
2015-01-05,49.62,48.57,49.71,48.26,1820000.0,0.0206
2015-01-06,50.27,49.66,50.38,49.55,1940000.0,0.0131
2015-01-07,51.09,50.37,51.62,49.95,2810000.0,0.0163
2015-01-08,49.74,50.37,50.83,49.47,3730000.0,-0.0264
2015-01-09,50.33,49.18,50.43,49.18,2680000.0,0.011899999999999999
2015-01-10,0,0,0,0,0,0
2015-01-11,0,0,0,0,0,0
2015-01-12,51.03,50.2,51.08,50.13,2300000.0,0.0139
2015-01-13,51.13,51.04,51.52,50.77,2490000.0,0.002
2015-01-14,51.7,50.13,51.75,49.98,2710000.0,0.0111
2015-01-15,52.21,51.61,52.32,51.59,2880000.0,0.009899999999999999
2015-01-16,52.78,52.03,52.84,51.96,3080000.0,0.0109
2015-01-17,0,0,0,0,0,0
2015-01-18,0,0,0,0,0,0
2015-01-19,0,0,0,0,0,0
2015-01-20,52.74,52.76,53.12,52.52,2820000.0,-0.0008
2015-01-21,52.75,52.6,52.96,52.27,2120000.0,0.0002
2015-01-22,53.19,52.86,53.23,52.77,2380000.0,0.0083
2015-01-23,53.54,53.15,53.89,53.12,2370000.0,0.0066
2015-01-24,0,0,0,0,0,0
2015-01-25,0,0,0,0,0,0
2015-01-26,54.72,53.76,54.83,53.68,3580000.0,0.022000000000000002
2015-01-27,55.05,54.57,55.12,54.37,2850000.0,0.006
2015-01-28,55.1,55.11,55.54,54.9,2650000.0,0.0009
2015-01-29,55.14,54.86,55.34,54.07,3510000.0,0.0007000000000000001
2015-01-30,54.31,55.07,55.25,54.03,9970000.0,-0.0151
2015-01-31,0,0,0,0,0,0
2015-02-01,0,0,0,0,0,0
2015-02-02,53.54,54.2,54.27,52.43,3220000.0,-0.014199999999999999
2015-02-03,53.3,53.25,53.36,52.58,2370000.0,-0.0045000000000000005
2015-02-04,52.82,53.06,53.13,52.28,2480000.0,-0.009000000000000001
2015-02-05,53.35,52.85,53.4,52.71,1390000.0,0.01
2015-02-06,50.84,53.07,53.07,50.47,3580000.0,-0.047
2015-02-07,0,0,0,0,0,0
2015-02-08,0,0,0,0,0,0
2015-02-09,51.16,50.71,51.33,50.36,2320000.0,0.0063
2015-02-10,51.29,51.12,51.62,50.82,1870000.0,0.0025
2015-02-11,51.35,51.45,51.84,50.87,1670000.0,0.0012
2015-02-12,51.69,51.35,52.0,50.84,1830000.0,0.0066
2015-02-13,52.01,51.55,52.06,51.02,1950000.0,0.0062
2015-02-14,0,0,0,0,0,0
2015-02-15,0,0,0,0,0,0
2015-02-16,0,0,0,0,0,0
2015-02-17,51.78,52.0,52.73,51.58,2670000.0,-0.0044
2015-02-18,52.65,51.78,52.88,51.23,1970000.0,0.0168
2015-02-19,51.39,52.39,52.75,51.25,1800000.0,-0.0239
2015-02-20,51.97,51.37,52.14,51.11,2040000.0,0.0113
2015-02-21,0,0,0,0,0,0
2015-02-22,0,0,0,0,0,0
2015-02-23,52.42,52.1,52.54,51.74,1840000.0,0.0087
2015-02-24,50.87,52.12,52.14,50.76,2750000.0,-0.0296
2015-02-25,51.1,50.87,51.83,50.73,2290000.0,0.0045000000000000005
2015-02-26,49.81,50.91,51.13,49.39,2690000.0,-0.0252
2015-02-27,50.06,49.77,50.31,49.26,2350000.0,0.005
2015-02-28,0,0,0,0,0,0
2015-03-01,0,0,0,0,0,0
2015-03-02,50.65,50.22,51.28,50.14,1690000.0,0.0118
2015-03-03,50.55,50.35,50.76,50.04,1160000.0,-0.002
2015-03-04,50.34,50.43,50.83,50.29,1070000.0,-0.0042
2015-03-05,50.8,50.53,51.18,50.5,1240000.0,0.0091
2015-03-06,48.73,49.78,49.78,48.25,3350000.0,-0.0407
2015-03-07,0,0,0,0,0,0
2015-03-08,0,0,0,0,0,0
2015-03-09,49.23,49.09,49.47,48.82,1450000.0,0.0103
2015-03-10,49.27,49.27,49.57,49.09,1330000.0,0.0008
2015-03-11,49.53,49.47,49.73,49.22,1490000.0,0.0053
2015-03-12,50.14,49.96,50.91,49.78,1820000.0,0.0123
2015-03-13,50.05,50.15,50.35,49.67,1220000.0,-0.0018
2015-03-14,0,0,0,0,0,0
2015-03-15,0,0,0,0,0,0
2015-03-16,50.6,50.63,50.89,50.28,1470000.0,0.011000000000000001
2015-03-17,50.56,50.61,51.02,50.3,1980000.0,-0.0008
2015-03-18,52.01,50.62,52.07,50.25,1790000.0,0.0287
2015-03-19,52.24,51.85,52.64,51.54,1580000.0,0.0044
2015-03-20,53.65,52.44,53.72,52.29,2810000.0,0.027000000000000003
2015-03-21,0,0,0,0,0,0
2015-03-22,0,0,0,0,0,0
2015-03-23,53.46,53.55,54.08,53.31,1320000.0,-0.0034999999999999996
2015-03-24,52.58,53.33,53.38,52.52,1320000.0,-0.0165
2015-03-25,51.74,52.69,52.94,51.55,1230000.0,-0.016
2015-03-26,51.25,51.5,52.01,51.08,1380000.0,-0.0095
2015-03-27,51.06,51.35,51.53,50.75,1510000.0,-0.0037
2015-03-28,0,0,0,0,0,0
2015-03-29,0,0,0,0,0,0
2015-03-30,51.63,52.0,52.07,51.31,3720000.0,0.011200000000000002
2015-03-31,51.6,51.55,52.32,51.39,2029999.9999999998,-0.0006
2015-04-01,51.48,51.62,51.93,51.07,1690000.0,-0.0023
2015-04-02,52.05,51.4,52.22,51.4,1410000.0,0.0111
2015-04-03,0,0,0,0,0,0
2015-04-04,0,0,0,0,0,0
2015-04-05,0,0,0,0,0,0
2015-04-06,50.56,51.87,52.66,50.56,39930000.0,-0.0286
2015-04-07,50.65,50.82,51.44,50.62,5820000.0,0.0018
2015-04-08,50.56,50.82,51.02,50.38,2410000.0,-0.0018
2015-04-09,49.36,50.58,50.82,49.14,3270000.0,-0.023700000000000002
2015-04-10,49.51,49.8,50.16,49.37,1530000.0,0.003
2015-04-11,0,0,0,0,0,0
2015-04-12,0,0,0,0,0,0
2015-04-13,49.12,49.42,49.72,49.11,1450000.0,-0.0079
2015-04-14,49.94,49.3,50.12,49.3,2150000.0,0.0167
2015-04-15,49.35,49.87,50.03,49.32,1730000.0,-0.0118
2015-04-16,49.37,49.3,49.62,49.01,949870.0,0.0004
2015-04-17,49.26,49.53,49.78,48.9,1250000.0,-0.0022
2015-04-18,0,0,0,0,0,0
2015-04-19,0,0,0,0,0,0
2015-04-20,49.1,49.35,49.53,49.07,1340000.0,-0.0032
2015-04-21,49.36,49.12,49.67,49.12,1500000.0,0.0053
2015-04-22,49.52,49.34,49.85,49.3,1200000.0,0.0032
2015-04-23,49.39,49.41,49.61,49.2,962240.0,-0.0026
2015-04-24,49.37,49.44,49.73,49.26,885260.0,-0.0004
2015-04-25,0,0,0,0,0,0
2015-04-26,0,0,0,0,0,0
2015-04-27,49.23,49.32,49.56,48.93,1240000.0,-0.0028000000000000004
2015-04-28,49.03,49.02,49.27,48.81,1280000.0,-0.0040999999999999995
2015-04-29,47.82,48.51,48.9,47.4,2310000.0,-0.024700000000000003
2015-04-30,46.97,47.82,47.82,46.29,3140000.0,-0.0178
2015-05-01,47.0,46.88,47.54,46.81,1800000.0,0.0006
2015-05-02,0,0,0,0,0,0
2015-05-03,0,0,0,0,0,0
2015-05-04,47.17,47.27,47.71,47.0,1960000.0,0.0036
2015-05-05,46.07,47.02,47.09,45.95,2080000.0,-0.0233
2015-05-06,45.92,46.05,46.36,45.47,2700000.0,-0.0033
2015-05-07,46.51,46.0,46.84,45.81,2170000.0,0.0128
2015-05-08,47.35,47.04,47.86,46.98,1870000.0,0.0181
2015-05-09,0,0,0,0,0,0
2015-05-10,0,0,0,0,0,0
2015-05-11,46.53,47.2,47.7,46.38,2069999.9999999998,-0.0173
2015-05-12,46.88,46.29,46.97,45.9,1260000.0,0.0075
2015-05-13,46.27,47.28,47.54,46.17,1650000.0,-0.013000000000000001
2015-05-14,47.31,46.52,47.31,46.51,1400000.0,0.0225
2015-05-15,47.9,47.49,48.11,47.42,1470000.0,0.0125
2015-05-16,0,0,0,0,0,0
2015-05-17,0,0,0,0,0,0
2015-05-18,47.49,47.61,47.9,47.36,1530000.0,-0.0086
2015-05-19,47.31,47.29,47.67,47.23,1090000.0,-0.0038
2015-05-20,47.35,47.31,47.67,47.15,839830.0,0.0008
2015-05-21,46.98,47.42,47.51,46.75,1010000.0,-0.0078000000000000005
2015-05-22,46.96,46.78,47.2,46.67,828080.0,-0.0004
2015-05-23,0,0,0,0,0,0
2015-05-24,0,0,0,0,0,0
2015-05-25,0,0,0,0,0,0
2015-05-26,46.39,46.95,46.95,46.2,1850000.0,-0.0121
2015-05-27,46.44,46.37,46.58,46.1,1870000.0,0.0011
2015-05-28,46.04,46.25,46.35,45.87,1680000.0,-0.0086
2015-05-29,45.57,46.08,46.15,45.53,2930000.0,-0.0102
2015-05-30,0,0,0,0,0,0
2015-05-31,0,0,0,0,0,0
2015-06-01,45.91,45.71,46.09,45.54,1680000.0,0.0075
2015-06-02,45.8,45.83,45.92,45.4,1650000.0,-0.0024
2015-06-03,45.25,45.58,45.73,45.12,2310000.0,-0.012
2015-06-04,45.6,45.21,45.78,44.72,2880000.0,0.0077
2015-06-05,45.25,44.95,45.78,44.65,4110000.0000000005,-0.0077
2015-06-06,0,0,0,0,0,0
2015-06-07,0,0,0,0,0,0
2015-06-08,45.62,45.33,45.97,45.33,2290000.0,0.008199999999999999
2015-06-09,45.01,45.5,45.79,44.95,1530000.0,-0.0134
2015-06-10,45.16,45.16,45.57,44.67,1620000.0,0.0033
2015-06-11,45.59,45.52,45.84,45.35,1450000.0,0.0095
2015-06-12,45.34,45.52,45.68,45.26,1370000.0,-0.0055000000000000005
2015-06-13,0,0,0,0,0,0
2015-06-14,0,0,0,0,0,0
2015-06-15,45.07,45.39,45.52,45.05,1290000.0,-0.006
2015-06-16,45.31,45.19,45.4,45.03,1380000.0,0.0053
2015-06-17,45.92,45.38,46.01,45.1,1770000.0,0.013500000000000002
2015-06-18,46.64,46.05,47.05,46.05,1980000.0,0.015700000000000002
2015-06-19,46.07,46.56,46.61,46.07,3240000.0,-0.012199999999999999
2015-06-20,0,0,0,0,0,0
2015-06-21,0,0,0,0,0,0
2015-06-22,45.49,46.18,46.32,45.45,1700000.0,-0.0126
2015-06-23,45.11,45.52,45.52,44.92,1460000.0,-0.0084
2015-06-24,44.78,45.13,45.31,44.71,1190000.0,-0.0073
2015-06-25,44.42,44.78,45.05,44.23,2020000.0,-0.008
2015-06-26,44.94,44.43,45.04,44.3,1440000.0,0.011699999999999999
2015-06-27,0,0,0,0,0,0
2015-06-28,0,0,0,0,0,0
2015-06-29,44.37,44.76,45.24,44.34,1700000.0,-0.0127
2015-06-30,44.39,44.6,44.99,44.35,1920000.0,0.0005
2015-07-01,45.1,44.47,45.1,44.2,1970000.0,0.016
2015-07-02,45.39,45.5,46.19,45.26,1700000.0,0.0064
2015-07-03,0,0,0,0,0,0
2015-07-04,0,0,0,0,0,0
2015-07-05,0,0,0,0,0,0
2015-07-06,45.93,45.17,46.02,45.17,1890000.0,0.011899999999999999
2015-07-07,46.33,46.13,46.61,45.85,2410000.0,0.0087
2015-07-08,46.27,46.15,46.43,46.05,1620000.0,-0.0013
2015-07-09,45.95,46.5,46.68,45.81,1730000.0,-0.0069
2015-07-10,46.36,46.1,46.63,45.91,1680000.0,0.0089
2015-07-11,0,0,0,0,0,0
2015-07-12,0,0,0,0,0,0
2015-07-13,46.16,46.43,46.85,45.79,1720000.0,-0.0043
2015-07-14,46.45,46.33,46.5,46.01,1170000.0,0.0063
2015-07-15,46.71,46.29,46.76,46.24,1170000.0,0.005600000000000001
2015-07-16,47.2,46.85,47.22,46.63,1280000.0,0.0105
2015-07-17,46.99,47.2,47.31,46.83,1230000.0,-0.0044
2015-07-18,0,0,0,0,0,0
2015-07-19,0,0,0,0,0,0
2015-07-20,47.19,46.86,47.19,46.66,945930.0,0.0043
2015-07-21,47.0,47.13,47.4,47.0,1540000.0,-0.004
2015-07-22,47.27,47.06,47.4,47.06,1060000.0,0.005699999999999999
2015-07-23,46.78,47.2,47.25,46.48,1410000.0,-0.0104
2015-07-24,47.08,46.7,47.27,46.67,1450000.0,0.0064
2015-07-25,0,0,0,0,0,0
2015-07-26,0,0,0,0,0,0
2015-07-27,47.22,46.99,47.5,46.99,1570000.0,0.003
2015-07-28,47.42,47.28,47.68,47.07,1690000.0,0.0042
2015-07-29,47.83,47.4,47.94,47.1,1680000.0,0.0086
2015-07-30,47.61,47.5,47.99,47.21,1620000.0,-0.0046
2015-07-31,48.29,47.9,48.46,47.85,3070000.0,0.0143
2015-08-01,0,0,0,0,0,0
2015-08-02,0,0,0,0,0,0
2015-08-03,48.78,48.28,48.83,48.15,1580000.0,0.0101
2015-08-04,48.14,48.5,48.88,48.04,1530000.0,-0.0131
2015-08-05,47.38,48.04,48.22,47.05,1870000.0,-0.0158
2015-08-06,47.53,47.32,47.65,46.95,1810000.0,0.0032
2015-08-07,47.46,47.5,47.56,46.97,1860000.0,-0.0015
2015-08-08,0,0,0,0,0,0
2015-08-09,0,0,0,0,0,0
2015-08-10,47.36,47.63,47.64,47.16,1170000.0,-0.0021
2015-08-11,47.45,47.2,47.83,47.14,1360000.0,0.0019
2015-08-12,47.62,47.38,47.67,47.15,1770000.0,0.0036
2015-08-13,47.54,47.68,47.77,47.1,1640000.0,-0.0017000000000000001
2015-08-14,47.84,47.56,47.85,47.27,1190000.0,0.0063
2015-08-15,0,0,0,0,0,0
2015-08-16,0,0,0,0,0,0
2015-08-17,48.02,47.61,48.09,47.52,1270000.0,0.0038
2015-08-18,48.46,47.89,48.46,47.85,1230000.0,0.0092
2015-08-19,48.05,48.19,48.3,47.65,1450000.0,-0.0085
2015-08-20,48.1,47.82,48.65,47.7,1560000.0,0.001
2015-08-21,47.62,48.14,48.34,47.61,2210000.0,-0.01
2015-08-22,0,0,0,0,0,0
2015-08-23,0,0,0,0,0,0
2015-08-24,45.82,46.46,47.18,45.6,3710000.0,-0.0378
2015-08-25,44.47,46.51,46.9,44.45,2890000.0,-0.029500000000000002
2015-08-26,45.47,45.2,45.54,44.47,2470000.0,0.0225
2015-08-27,46.36,46.03,46.71,45.53,1880000.0,0.0196
2015-08-28,45.94,46.06,46.22,45.61,1640000.0,-0.0091
2015-08-29,0,0,0,0,0,0
2015-08-30,0,0,0,0,0,0
2015-08-31,44.69,45.98,46.0,44.67,2130000.0,-0.027200000000000002
2015-09-01,43.94,44.29,44.56,43.63,2280000.0,-0.0168
2015-09-02,44.23,44.43,44.52,43.82,1800000.0,0.0066
2015-09-03,44.17,44.43,44.5,44.01,1310000.0,-0.0014000000000000002
2015-09-04,43.38,43.86,43.9,43.15,1850000.0,-0.0179
2015-09-05,0,0,0,0,0,0
2015-09-06,0,0,0,0,0,0
2015-09-07,0,0,0,0,0,0
2015-09-08,44.31,44.44,44.44,43.8,1940000.0,0.021400000000000002
2015-09-09,43.97,44.69,44.74,43.88,2590000.0,-0.0077
2015-09-10,44.2,44.0,44.62,43.92,1460000.0,0.0052
2015-09-11,45.08,44.16,45.09,44.09,1380000.0,0.0199
2015-09-12,0,0,0,0,0,0
2015-09-13,0,0,0,0,0,0
2015-09-14,45.35,45.18,45.45,45.02,1410000.0,0.006
2015-09-15,45.8,45.49,45.91,45.08,1440000.0,0.009899999999999999
2015-09-16,46.28,45.69,46.4,45.6,1230000.0,0.0105
2015-09-17,46.89,46.3,47.72,46.01,2120000.0,0.0132
2015-09-18,47.49,46.37,48.3,46.37,3630000.0,0.0128
2015-09-19,0,0,0,0,0,0
2015-09-20,0,0,0,0,0,0
2015-09-21,47.67,47.64,48.09,47.53,1710000.0,0.0038
2015-09-22,47.14,47.4,47.75,46.95,1920000.0,-0.0111
2015-09-23,47.33,47.2,47.62,47.03,1230000.0,0.004
2015-09-24,46.97,47.28,47.42,46.69,1420000.0,-0.0076
2015-09-25,47.06,47.09,47.39,46.84,1580000.0,0.0019
2015-09-26,0,0,0,0,0,0
2015-09-27,0,0,0,0,0,0
2015-09-28,46.64,46.94,47.2,46.18,1920000.0,-0.0089
2015-09-29,47.11,46.41,47.15,46.37,1490000.0,0.0101
2015-09-30,47.39,47.33,47.83,46.91,2150000.0,0.0059
2015-10-01,47.35,47.62,47.62,46.97,1430000.0,-0.0008
2015-10-02,46.0,45.75,46.29,45.65,11940000.0,-0.0285
2015-10-03,0,0,0,0,0,0
2015-10-04,0,0,0,0,0,0
2015-10-05,47.11,46.1,47.11,46.08,4670000.0,0.0241
2015-10-06,46.99,47.04,47.16,46.84,2029999.9999999998,-0.0025
2015-10-07,47.43,47.22,47.43,46.83,2530000.0,0.009399999999999999
2015-10-08,47.65,47.45,47.77,47.13,2330000.0,0.0046
2015-10-09,47.77,47.68,47.8,47.32,1350000.0,0.0025
2015-10-10,0,0,0,0,0,0
2015-10-11,0,0,0,0,0,0
2015-10-12,48.16,47.77,48.68,47.53,2810000.0,0.008199999999999999
2015-10-13,48.08,48.0,48.37,47.88,1310000.0,-0.0017000000000000001
2015-10-14,47.68,48.11,48.31,47.53,1610000.0,-0.0083
2015-10-15,48.51,47.82,48.55,47.76,1440000.0,0.0174
2015-10-16,48.61,48.66,48.91,48.56,3770000.0,0.0021
2015-10-17,0,0,0,0,0,0
2015-10-18,0,0,0,0,0,0
2015-10-19,48.88,48.6,48.94,48.52,1360000.0,0.005600000000000001
2015-10-20,48.96,48.78,49.03,48.61,1510000.0,0.0016
2015-10-21,48.88,49.17,49.26,48.82,1320000.0,-0.0016
2015-10-22,50.19,49.37,50.5,49.3,2540000.0,0.0268
2015-10-23,49.9,50.1,50.4,49.5,1660000.0,-0.0058
2015-10-24,0,0,0,0,0,0
2015-10-25,0,0,0,0,0,0
2015-10-26,50.25,49.97,50.26,49.68,1570000.0,0.006999999999999999
2015-10-27,50.31,50.12,50.45,49.81,1940000.0,0.0012
2015-10-28,50.6,50.1,50.98,49.75,2910000.0,0.0058
2015-10-29,49.68,49.09,50.0,49.05,3170000.0,-0.0182
2015-10-30,49.46,49.66,49.99,49.41,3960000.0,-0.0044
2015-10-31,0,0,0,0,0,0
2015-11-01,0,0,0,0,0,0
2015-11-02,50.59,49.4,50.6,49.27,2280000.0,0.022799999999999997
2015-11-03,50.14,50.4,50.4,49.81,1610000.0,-0.0089
2015-11-04,49.45,50.0,50.19,49.24,1880000.0,-0.0138
2015-11-05,50.0,49.41,50.05,49.12,1820000.0,0.0111
2015-11-06,47.47,49.06,49.08,47.14,3900000.0,-0.0506
2015-11-07,0,0,0,0,0,0
2015-11-08,0,0,0,0,0,0
2015-11-09,46.39,47.41,47.41,45.98,2680000.0,-0.022799999999999997
2015-11-10,46.94,46.46,47.07,46.39,2320000.0,0.011899999999999999
2015-11-11,47.44,47.03,47.7,46.81,1660000.0,0.010700000000000001
2015-11-12,47.44,47.36,47.8,47.17,2009999.9999999998,0.0
2015-11-13,47.44,47.5,47.85,47.02,2190000.0,0.0
2015-11-14,0,0,0,0,0,0
2015-11-15,0,0,0,0,0,0
2015-11-16,48.19,47.43,48.19,47.25,2160000.0,0.0158
2015-11-17,48.44,48.04,48.66,47.8,2290000.0,0.0052
2015-11-18,49.22,48.48,49.24,48.43,2430000.0,0.0161
2015-11-19,49.37,49.45,49.46,49.11,1890000.0,0.003
2015-11-20,49.67,49.41,50.04,49.37,3170000.0,0.0060999999999999995
2015-11-21,0,0,0,0,0,0
2015-11-22,0,0,0,0,0,0
2015-11-23,49.72,49.82,50.15,49.55,1520000.0,0.001
2015-11-24,49.45,49.51,49.58,48.95,1560000.0,-0.0054
2015-11-25,49.61,49.45,49.7,49.35,1570000.0,0.0032
2015-11-26,0,0,0,0,0,0
2015-11-27,50.03,49.39,50.06,49.38,1020000.0,0.0085
2015-11-28,0,0,0,0,0,0
2015-11-29,0,0,0,0,0,0
2015-11-30,49.62,50.13,50.49,49.42,4730000.0,-0.008199999999999999
2015-12-01,50.62,49.99,50.68,49.79,2300000.0,0.0202
2015-12-02,49.61,50.19,50.47,49.54,2100000.0,-0.02
2015-12-03,48.78,49.42,49.64,48.62,2540000.0,-0.0167
2015-12-04,50.01,49.07,50.08,49.0,2049999.9999999998,0.0252
2015-12-05,0,0,0,0,0,0
2015-12-06,0,0,0,0,0,0
2015-12-07,50.27,49.99,50.46,49.81,2009999.9999999998,0.0052
2015-12-08,50.14,50.19,50.49,50.01,2860000.0,-0.0026
2015-12-09,49.62,49.74,50.11,49.34,1670000.0,-0.0104
2015-12-10,48.94,49.57,49.92,48.92,1930000.0,-0.0137
2015-12-11,48.65,48.63,49.02,48.37,2330000.0,-0.0059
2015-12-12,0,0,0,0,0,0
2015-12-13,0,0,0,0,0,0
2015-12-14,49.34,48.57,49.38,48.51,2069999.9999999998,0.014199999999999999
2015-12-15,49.94,49.78,50.38,49.63,2210000.0,0.012199999999999999
2015-12-16,51.23,50.2,51.26,50.1,2310000.0,0.0258
2015-12-17,51.0,51.21,51.28,50.85,2450000.0,-0.0045000000000000005
2015-12-18,51.08,50.91,51.81,50.75,5280000.0,0.0016
2015-12-19,0,0,0,0,0,0
2015-12-20,0,0,0,0,0,0
2015-12-21,51.08,51.58,51.58,50.75,1520000.0,0.0
2015-12-22,51.18,51.32,51.78,51.16,1360000.0,0.002
2015-12-23,51.51,51.25,51.55,51.17,1780000.0,0.0064
2015-12-24,51.3,51.43,51.51,51.12,662570.0,-0.0040999999999999995
2015-12-25,0,0,0,0,0,0
2015-12-26,0,0,0,0,0,0
2015-12-27,0,0,0,0,0,0
2015-12-28,51.75,51.26,51.76,51.08,1090000.0,0.0088
2015-12-29,52.18,51.92,52.25,51.73,1520000.0,0.0083
2015-12-30,51.92,52.08,52.41,51.85,1290000.0,-0.005
2015-12-31,51.63,52.0,52.15,51.54,1240000.0,-0.005600000000000001
2016-01-01,0,0,0,0,0,0
2016-01-02,0,0,0,0,0,0
2016-01-03,0,0,0,0,0,0
2016-01-04,51.18,51.14,51.42,50.47,2029999.9999999998,-0.0087
2016-01-05,52.29,51.39,52.43,51.21,1940000.0,0.0217
2016-01-06,52.6,51.86,52.6,51.86,1770000.0,0.0059
2016-01-07,51.69,51.68,52.49,50.64,2150000.0,-0.0173
2016-01-08,51.17,51.76,52.13,51.1,1580000.0,-0.0101
2016-01-09,0,0,0,0,0,0
2016-01-10,0,0,0,0,0,0
2016-01-11,52.27,51.39,52.54,51.3,2260000.0,0.0215
2016-01-12,52.43,52.52,52.59,51.76,2790000.0,0.0031
2016-01-13,51.84,52.45,53.16,51.7,2610000.0,-0.0113
2016-01-14,52.25,51.98,52.78,51.65,2710000.0,0.0079
2016-01-15,52.19,51.68,52.29,51.09,3410000.0,-0.0011
2016-01-16,0,0,0,0,0,0
2016-01-17,0,0,0,0,0,0
2016-01-18,0,0,0,0,0,0
2016-01-19,53.01,52.51,53.28,52.3,1990000.0,0.015700000000000002
2016-01-20,51.87,52.71,52.84,50.96,2870000.0,-0.0215
2016-01-21,52.52,52.29,53.3,51.72,1900000.0,0.0125
2016-01-22,54.04,52.99,54.2,52.88,1820000.0,0.028900000000000002
2016-01-23,0,0,0,0,0,0
2016-01-24,0,0,0,0,0,0
2016-01-25,53.89,54.12,54.72,53.61,2040000.0,-0.0028000000000000004
2016-01-26,55.2,54.05,55.36,54.05,2640000.0,0.024300000000000002
2016-01-27,55.08,54.99,55.74,54.43,2400000.0,-0.0022
2016-01-28,54.87,54.85,55.52,54.62,3330000.0,-0.0038
2016-01-29,55.79,55.3,55.88,55.01,4810000.0,0.0168
2016-01-30,0,0,0,0,0,0
2016-01-31,0,0,0,0,0,0
2016-02-01,56.65,55.56,57.2,55.19,3280000.0,0.0154
2016-02-02,57.22,56.73,57.42,56.32,2180000.0,0.0101
2016-02-03,57.35,57.41,58.18,57.14,3070000.0,0.0023
2016-02-04,57.48,57.21,57.9,56.86,2950000.0,0.0023
2016-02-05,55.89,57.06,57.24,55.51,3210000.0,-0.0277
2016-02-06,0,0,0,0,0,0
2016-02-07,0,0,0,0,0,0
2016-02-08,56.17,55.71,56.3,54.82,2650000.0,0.005
2016-02-09,56.36,56.0,56.75,55.63,2910000.0,0.0034000000000000002
2016-02-10,56.78,56.5,57.5,56.48,2440000.0,0.0075
2016-02-11,60.12,56.71,60.22,56.69,6350000.0,0.0588
2016-02-12,60.48,59.9,61.26,59.65,5540000.0,0.006
2016-02-13,0,0,0,0,0,0
2016-02-14,0,0,0,0,0,0
2016-02-15,0,0,0,0,0,0
2016-02-16,59.82,60.33,60.41,58.76,3680000.0,-0.0109
2016-02-17,59.81,60.0,60.57,59.36,2850000.0,-0.0002
2016-02-18,60.45,59.8,60.71,59.52,2210000.0,0.010700000000000001
2016-02-19,60.22,60.26,61.34,60.05,2990000.0,-0.0038
2016-02-20,0,0,0,0,0,0
2016-02-21,0,0,0,0,0,0
2016-02-22,59.72,60.56,60.69,59.47,2420000.0,-0.0083
2016-02-23,59.71,59.78,60.08,59.11,2120000.0,-0.0002
2016-02-24,59.53,59.53,60.26,59.27,1580000.0,-0.003
2016-02-25,60.12,59.76,60.63,59.66,1940000.0,0.009899999999999999
2016-02-26,58.63,59.86,59.86,58.51,2490000.0,-0.0248
2016-02-27,0,0,0,0,0,0
2016-02-28,0,0,0,0,0,0
2016-02-29,58.54,58.51,59.22,58.15,3740000.0,-0.0015
2016-03-01,58.83,58.92,59.33,58.25,2150000.0,0.005
2016-03-02,59.04,58.47,59.1,58.16,1670000.0,0.0036
2016-03-03,59.02,59.14,59.34,58.29,1550000.0,-0.0003
2016-03-04,58.16,58.98,58.98,57.81,1880000.0,-0.0146
2016-03-05,0,0,0,0,0,0
2016-03-06,0,0,0,0,0,0
2016-03-07,57.75,58.1,58.16,57.48,2240000.0,-0.006999999999999999
2016-03-08,58.64,57.75,59.05,57.5,2210000.0,0.0154
2016-03-09,58.93,58.51,59.57,58.38,1570000.0,0.0049
2016-03-10,59.25,59.26,59.52,58.72,1890000.0,0.0054
2016-03-11,59.63,59.78,59.89,59.06,1590000.0,0.0064
2016-03-12,0,0,0,0,0,0
2016-03-13,0,0,0,0,0,0
2016-03-14,59.75,59.36,59.81,59.27,1210000.0,0.002
2016-03-15,59.86,59.7,60.28,59.51,1550000.0,0.0018
2016-03-16,60.88,59.67,61.0,58.9,2089999.9999999998,0.017
2016-03-17,61.57,60.91,61.84,60.5,1820000.0,0.0113
2016-03-18,61.24,61.46,61.52,60.76,3020000.0,-0.0054
2016-03-19,0,0,0,0,0,0
2016-03-20,0,0,0,0,0,0
2016-03-21,60.77,60.95,60.99,60.17,1610000.0,-0.0077
2016-03-22,60.88,60.75,61.5,60.62,1090000.0,0.0018
2016-03-23,61.41,60.64,61.78,60.64,1350000.0,0.0087
2016-03-24,61.46,61.45,61.7,61.24,1280000.0,0.0008
2016-03-25,0,0,0,0,0,0
2016-03-26,0,0,0,0,0,0
2016-03-27,0,0,0,0,0,0
2016-03-28,62.11,61.51,62.25,61.44,1290000.0,0.0106
2016-03-29,62.87,62.21,62.89,61.93,1750000.0,0.012199999999999999
2016-03-30,62.21,62.78,62.84,61.87,1550000.0,-0.0105
2016-03-31,62.51,62.32,62.74,62.17,2230000.0,0.0048
2016-04-01,62.25,62.18,62.44,61.86,2040000.0,-0.0042
2016-04-02,0,0,0,0,0,0
2016-04-03,0,0,0,0,0,0
2016-04-04,62.16,62.26,62.8,61.66,1770000.0,-0.0014000000000000002
2016-04-05,62.86,62.0,62.92,62.0,1720000.0,0.0113
2016-04-06,62.97,62.77,63.04,62.49,1660000.0,0.0017000000000000001
2016-04-07,62.65,62.77,63.21,62.53,1320000.0,-0.0051
2016-04-08,63.0,62.65,63.27,62.51,893900.0,0.005600000000000001
2016-04-09,0,0,0,0,0,0
2016-04-10,0,0,0,0,0,0
2016-04-11,63.0,62.96,63.49,62.9,1150000.0,0.0
2016-04-12,63.74,63.12,63.92,63.07,2140000.0,0.011699999999999999
2016-04-13,63.08,63.89,63.89,62.29,1560000.0,-0.0104
2016-04-14,62.67,62.77,62.96,62.38,1130000.0,-0.006500000000000001
2016-04-15,63.01,62.67,63.08,62.4,1150000.0,0.0054
2016-04-16,0,0,0,0,0,0
2016-04-17,0,0,0,0,0,0
2016-04-18,63.15,63.03,63.24,62.47,977920.0,0.0022
2016-04-19,63.29,63.15,63.54,62.83,1150000.0,0.0022
2016-04-20,61.56,63.34,63.5,61.48,1480000.0,-0.0273
2016-04-21,59.03,61.4,61.49,58.86,3520000.0,-0.041100000000000005
2016-04-22,59.37,59.31,60.03,59.04,1650000.0,0.0058
2016-04-23,0,0,0,0,0,0
2016-04-24,0,0,0,0,0,0
2016-04-25,60.32,59.37,60.32,59.15,1420000.0,0.016
2016-04-26,59.6,60.34,60.68,59.29,2100000.0,-0.011899999999999999
2016-04-27,59.45,59.93,59.93,58.44,2120000.0,-0.0025
2016-04-28,59.47,58.88,59.54,58.83,1510000.0,0.0003
2016-04-29,59.2,59.2,59.4,58.69,2300000.0,-0.0045000000000000005
2016-04-30,0,0,0,0,0,0
2016-05-01,0,0,0,0,0,0
2016-05-02,59.81,59.39,60.4,59.3,1380000.0,0.0103
2016-05-03,60.71,59.81,60.74,59.73,1600000.0,0.015
2016-05-04,62.38,60.43,62.95,60.35,2570000.0,0.0275
2016-05-05,62.41,62.05,63.1,62.01,1930000.0,0.0005
2016-05-06,63.58,62.46,63.58,62.14,1540000.0,0.0187
2016-05-07,0,0,0,0,0,0
2016-05-08,0,0,0,0,0,0
2016-05-09,64.04,63.75,64.1,63.16,1450000.0,0.0072
2016-05-10,64.22,64.17,64.35,63.76,1260000.0,0.0028000000000000004
2016-05-11,63.27,64.06,64.19,62.31,1740000.0,-0.0148
2016-05-12,64.14,63.3,64.55,62.79,1600000.0,0.0138
2016-05-13,63.62,63.9,64.0,63.03,1060000.0,-0.008100000000000001
2016-05-14,0,0,0,0,0,0
2016-05-15,0,0,0,0,0,0
2016-05-16,63.91,63.61,64.11,63.23,1180000.0,0.0046
2016-05-17,62.5,63.67,63.67,62.25,2069999.9999999998,-0.022099999999999998
2016-05-18,60.87,62.29,62.5,60.16,2590000.0,-0.026099999999999998
2016-05-19,59.05,58.85,59.16,58.5,6160000.0,-0.029900000000000003
2016-05-20,59.19,59.33,59.33,58.32,3350000.0,0.0024
2016-05-21,0,0,0,0,0,0
2016-05-22,0,0,0,0,0,0
2016-05-23,59.05,59.25,59.44,58.76,2300000.0,-0.0024
2016-05-24,59.43,59.35,59.63,59.18,2350000.0,0.0064
2016-05-25,59.38,59.45,59.48,58.3,1900000.0,-0.0008
2016-05-26,59.9,59.4,59.94,59.2,1630000.0,0.0088
2016-05-27,59.9,59.9,60.28,59.56,2029999.9999999998,0.0
2016-05-28,0,0,0,0,0,0
2016-05-29,0,0,0,0,0,0
2016-05-30,0,0,0,0,0,0
2016-05-31,60.09,59.95,60.28,59.08,3810000.0,0.0032
2016-06-01,60.85,59.94,60.91,59.92,2040000.0,0.0126
2016-06-02,61.55,60.63,61.59,60.58,1680000.0,0.0115
2016-06-03,63.05,62.04,63.28,62.0,2580000.0,0.024399999999999998
2016-06-04,0,0,0,0,0,0
2016-06-05,0,0,0,0,0,0
2016-06-06,62.57,62.99,63.28,62.27,1530000.0,-0.0076
2016-06-07,63.19,62.92,63.29,62.75,1670000.0,0.009899999999999999
2016-06-08,63.51,63.14,63.54,62.93,1140000.0,0.0051
2016-06-09,63.98,63.51,64.01,63.37,1400000.0,0.0074
2016-06-10,64.3,63.71,64.59,63.69,1520000.0,0.005
2016-06-11,0,0,0,0,0,0
2016-06-12,0,0,0,0,0,0
2016-06-13,64.12,64.49,64.94,64.02,1630000.0,-0.0028000000000000004
2016-06-14,64.34,64.19,64.62,63.8,1840000.0,0.0034000000000000002
2016-06-15,64.4,64.31,64.61,63.75,1300000.0,0.0009
2016-06-16,65.07,64.66,65.09,64.36,1350000.0,0.0104
2016-06-17,64.12,64.87,64.96,63.31,3600000.0,-0.0146
2016-06-18,0,0,0,0,0,0
2016-06-19,0,0,0,0,0,0
2016-06-20,63.75,64.3,64.42,63.43,1810000.0,-0.0058
2016-06-21,64.33,63.85,64.47,63.81,1090000.0,0.0091
2016-06-22,64.36,64.33,64.46,63.98,1080000.0,0.0005
2016-06-23,64.5,63.92,64.5,63.88,853670.0,0.0022
2016-06-24,65.75,63.67,66.53,63.67,3210000.0,0.0194
2016-06-25,0,0,0,0,0,0
2016-06-26,0,0,0,0,0,0
2016-06-27,66.97,65.56,67.13,65.56,2790000.0,0.018600000000000002
2016-06-28,68.2,67.26,68.2,66.57,1790000.0,0.0184
2016-06-29,68.46,68.39,68.86,67.9,1790000.0,0.0038
2016-06-30,69.36,68.51,69.36,68.03,2400000.0,0.0131
2016-07-01,69.64,69.5,70.08,69.06,1820000.0,0.004
2016-07-02,0,0,0,0,0,0
2016-07-03,0,0,0,0,0,0
2016-07-04,0,0,0,0,0,0
2016-07-05,71.47,70.08,71.5,69.69,2400000.0,0.0263
2016-07-06,71.21,71.29,71.92,70.76,1810000.0,-0.0036
2016-07-07,69.14,71.1,71.1,68.68,3700000.0,-0.0291
2016-07-08,69.91,69.39,69.96,68.25,1960000.0,0.0111
2016-07-09,0,0,0,0,0,0
2016-07-10,0,0,0,0,0,0
2016-07-11,70.52,69.92,70.67,69.24,1370000.0,0.0087
2016-07-12,70.07,70.45,70.52,69.41,2069999.9999999998,-0.0064
2016-07-13,70.8,70.38,70.91,70.1,1290000.0,0.0104
2016-07-14,70.34,70.41,70.43,69.55,1490000.0,-0.006500000000000001
2016-07-15,69.84,70.25,70.47,69.18,1630000.0,-0.0070999999999999995
2016-07-16,0,0,0,0,0,0
2016-07-17,0,0,0,0,0,0
2016-07-18,69.98,69.95,70.28,69.79,1020000.0,0.002
2016-07-19,70.29,70.07,70.29,69.67,1360000.0,0.0044
2016-07-20,69.8,70.31,70.39,69.57,1030000.0,-0.006999999999999999
2016-07-21,70.08,69.56,70.08,68.91,1190000.0,0.004
2016-07-22,70.41,69.99,70.84,69.9,1550000.0,0.004699999999999999
2016-07-23,0,0,0,0,0,0
2016-07-24,0,0,0,0,0,0
2016-07-25,70.32,70.57,70.75,69.8,1290000.0,-0.0013
2016-07-26,70.11,70.47,70.49,69.82,944990.0,-0.003
2016-07-27,69.59,70.15,70.17,69.02,1720000.0,-0.0074
2016-07-28,70.68,69.51,71.01,69.34,1690000.0,0.015700000000000002
2016-07-29,71.47,70.85,71.96,70.85,3930000.0,0.011200000000000002
2016-07-30,0,0,0,0,0,0
2016-07-31,0,0,0,0,0,0
2016-08-01,72.14,71.49,72.3,71.47,1640000.0,0.009399999999999999
2016-08-02,70.01,71.74,71.94,69.79,2089999.9999999998,-0.029500000000000002
2016-08-03,69.18,69.93,70.01,68.72,2320000.0,-0.011899999999999999
2016-08-04,69.54,69.34,70.16,69.3,1170000.0,0.0052
2016-08-05,68.56,69.54,69.54,68.25,1390000.0,-0.0141
2016-08-06,0,0,0,0,0,0
2016-08-07,0,0,0,0,0,0
2016-08-08,68.44,68.46,68.85,67.75,1060000.0,-0.0018
2016-08-09,68.93,68.52,69.1,67.87,969830.0,0.0072
2016-08-10,69.21,69.03,69.47,68.98,1120000.0,0.0040999999999999995
2016-08-11,68.18,69.21,69.22,67.83,1110000.0,-0.0149
2016-08-12,68.64,68.47,69.4,68.25,1130000.0,0.0067
2016-08-13,0,0,0,0,0,0
2016-08-14,0,0,0,0,0,0
2016-08-15,67.99,68.77,68.79,67.93,947780.0,-0.0095
2016-08-16,66.94,67.7,67.7,66.38,2029999.9999999998,-0.0154
2016-08-17,67.61,67.09,67.62,66.26,1720000.0,0.01
2016-08-18,67.81,67.7,68.03,67.46,910270.0,0.003
2016-08-19,66.8,67.69,68.0,66.52,1380000.0,-0.0149
2016-08-20,0,0,0,0,0,0
2016-08-21,0,0,0,0,0,0
2016-08-22,67.46,66.97,67.7,66.85,966310.0,0.009899999999999999
2016-08-23,67.29,67.6,67.85,67.26,697620.0,-0.0025
2016-08-24,66.68,67.35,67.43,66.15,1070000.0,-0.0091
2016-08-25,66.67,66.8,67.4,66.44,1570000.0,-0.0002
2016-08-26,65.73,66.92,67.31,65.39,1280000.0,-0.0141
2016-08-27,0,0,0,0,0,0
2016-08-28,0,0,0,0,0,0
2016-08-29,66.38,66.0,66.79,66.0,1140000.0,0.009899999999999999
2016-08-30,65.44,66.06,66.24,65.01,1270000.0,-0.014199999999999999
2016-08-31,65.73,65.39,65.86,64.95,2780000.0,0.0044
2016-09-01,65.74,65.6,66.1,65.31,1450000.0,0.0002
2016-09-02,66.27,66.0,67.75,65.98,1190000.0,0.008100000000000001
2016-09-03,0,0,0,0,0,0
2016-09-04,0,0,0,0,0,0
2016-09-05,0,0,0,0,0,0
2016-09-06,67.18,66.5,67.18,65.92,1300000.0,0.0137
2016-09-07,67.99,67.25,68.08,67.18,1450000.0,0.0121
2016-09-08,67.42,67.53,67.87,67.13,2730000.0,-0.0084
2016-09-09,64.26,66.58,66.58,64.25,2220000.0,-0.046900000000000004
2016-09-10,0,0,0,0,0,0
2016-09-11,0,0,0,0,0,0
2016-09-12,65.54,64.13,65.99,64.01,2020000.0,0.0199
2016-09-13,63.54,65.05,65.25,63.33,2020000.0,-0.0305
2016-09-14,63.99,63.85,64.55,63.69,1350000.0,0.0070999999999999995
2016-09-15,64.33,63.95,64.45,63.75,1320000.0,0.0053
2016-09-16,64.47,64.2,64.63,63.9,2470000.0,0.0022
2016-09-17,0,0,0,0,0,0
2016-09-18,0,0,0,0,0,0
2016-09-19,65.22,64.5,65.26,64.5,1370000.0,0.0116
2016-09-20,65.59,65.53,65.9,65.36,1190000.0,0.005699999999999999
2016-09-21,66.76,65.64,66.89,65.02,1460000.0,0.0178
2016-09-22,67.88,67.27,68.25,67.27,1510000.0,0.0168
2016-09-23,68.05,67.6,68.27,66.97,1080000.0,0.0025
2016-09-24,0,0,0,0,0,0
2016-09-25,0,0,0,0,0,0
2016-09-26,68.68,67.82,68.98,67.56,1580000.0,0.009300000000000001
2016-09-27,68.18,68.98,69.14,67.98,1220000.0,-0.0073
2016-09-28,68.82,68.25,68.89,67.92,1100000.0,0.009399999999999999
2016-09-29,67.6,68.3,68.34,67.12,1250000.0,-0.0177
2016-09-30,66.93,68.06,68.34,66.92,1470000.0,-0.009899999999999999
2016-10-01,0,0,0,0,0,0
2016-10-02,0,0,0,0,0,0
2016-10-03,65.38,66.68,66.75,65.32,1560000.0,-0.0232
2016-10-04,63.69,65.33,65.37,63.21,1830000.0,-0.0258
2016-10-05,61.92,63.88,63.95,61.86,2060000.0,-0.0278
2016-10-06,61.59,61.74,62.16,60.56,2080000.0,-0.0053
2016-10-07,61.46,61.98,62.71,61.02,1450000.0,-0.0021
2016-10-08,0,0,0,0,0,0
2016-10-09,0,0,0,0,0,0
2016-10-10,62.11,61.65,62.39,61.64,975150.0,0.0106
2016-10-11,60.81,61.89,62.0,60.7,1710000.0,-0.0209
2016-10-12,61.67,60.97,61.92,60.88,1250000.0,0.0141
2016-10-13,62.71,61.46,63.21,61.19,1870000.0,0.0169
2016-10-14,62.04,62.52,62.95,61.74,893870.0,-0.010700000000000001
2016-10-15,0,0,0,0,0,0
2016-10-16,0,0,0,0,0,0
2016-10-17,62.65,62.2,62.98,62.07,1180000.0,0.0098
2016-10-18,62.66,63.01,63.18,62.32,1230000.0,0.0002
2016-10-19,62.54,62.74,62.76,62.15,1120000.0,-0.0019
2016-10-20,62.45,62.65,62.79,61.94,947100.0,-0.0014000000000000002
2016-10-21,61.9,62.08,62.46,61.56,1010000.0,-0.0088
2016-10-22,0,0,0,0,0,0
2016-10-23,0,0,0,0,0,0
2016-10-24,62.3,62.26,62.89,61.53,1300000.0,0.006500000000000001
2016-10-25,62.3,62.09,62.65,61.69,980510.0,0.0
2016-10-26,61.31,62.04,62.1,60.76,1080000.0,-0.0159
2016-10-27,59.11,61.24,61.3,58.86,2100000.0,-0.0359
2016-10-28,58.53,58.7,59.39,58.4,1800000.0,-0.0098
2016-10-29,0,0,0,0,0,0
2016-10-30,0,0,0,0,0,0
2016-10-31,59.24,58.73,59.26,57.08,2960000.0,0.0121
2016-11-01,57.74,59.07,59.07,57.28,2570000.0,-0.0253
2016-11-02,56.71,57.79,57.86,56.69,1920000.0,-0.0178
2016-11-03,56.55,56.66,56.88,56.25,1590000.0,-0.0028000000000000004
2016-11-04,57.38,56.79,57.79,56.27,1890000.0,0.0147
2016-11-05,0,0,0,0,0,0
2016-11-06,0,0,0,0,0,0
2016-11-07,58.45,58.02,58.54,57.62,1640000.0,0.018600000000000002
2016-11-08,58.94,58.51,59.14,58.3,1510000.0,0.0084
2016-11-09,55.62,58.35,58.35,55.35,3620000.0,-0.056299999999999996
2016-11-10,54.28,55.62,55.62,52.72,4740000.0,-0.0241
2016-11-11,54.39,54.39,55.57,54.17,2300000.0,0.002
2016-11-12,0,0,0,0,0,0
2016-11-13,0,0,0,0,0,0
2016-11-14,55.62,54.18,55.83,53.32,2320000.0,0.0226
2016-11-15,55.67,55.78,56.91,55.13,1980000.0,0.0009
2016-11-16,56.15,56.06,56.27,55.32,1570000.0,0.0086
2016-11-17,54.87,56.15,56.45,54.81,1700000.0,-0.022799999999999997
2016-11-18,55.15,54.91,55.4,54.66,3060000.0,0.0051
2016-11-19,0,0,0,0,0,0
2016-11-20,0,0,0,0,0,0
2016-11-21,55.09,55.25,55.86,54.93,1520000.0,-0.0011
2016-11-22,56.6,55.43,56.7,55.05,1680000.0,0.0274
2016-11-23,56.12,56.01,56.6,55.68,1270000.0,-0.0085
2016-11-24,0,0,0,0,0,0
2016-11-25,56.57,56.33,57.12,56.25,709370.0,0.008
2016-11-26,0,0,0,0,0,0
2016-11-27,0,0,0,0,0,0
2016-11-28,56.35,56.48,57.27,56.03,1670000.0,-0.0039000000000000003
2016-11-29,56.74,56.15,57.25,56.15,1410000.0,0.0069
2016-11-30,55.44,55.94,56.08,55.0,2690000.0,-0.0229
2016-12-01,53.49,55.01,55.19,53.31,2700000.0,-0.0352
2016-12-02,54.73,53.7,55.9,53.7,2990000.0,0.0232
2016-12-03,0,0,0,0,0,0
2016-12-04,0,0,0,0,0,0
2016-12-05,54.73,54.87,54.87,53.57,2250000.0,0.0
2016-12-06,54.59,54.75,55.28,54.42,1830000.0,-0.0026
2016-12-07,55.45,54.72,55.81,54.72,2220000.0,0.0158
2016-12-08,55.33,55.1,55.49,54.44,2040000.0,-0.0022
2016-12-09,55.61,55.4,55.88,55.31,1160000.0,0.0051
2016-12-10,0,0,0,0,0,0
2016-12-11,0,0,0,0,0,0
2016-12-12,56.18,55.5,56.33,55.47,1380000.0,0.0102
2016-12-13,56.11,56.63,56.83,55.78,1630000.0,-0.0012
2016-12-14,54.65,56.44,56.52,54.39,2360000.0,-0.026000000000000002
2016-12-15,54.04,54.68,54.8,53.83,2150000.0,-0.011200000000000002
2016-12-16,55.47,54.45,55.69,54.45,3160000.0,0.0265
2016-12-17,0,0,0,0,0,0
2016-12-18,0,0,0,0,0,0
2016-12-19,57.33,55.98,57.52,55.9,2250000.0,0.0335
2016-12-20,56.76,57.42,57.58,56.28,1680000.0,-0.009899999999999999
2016-12-21,56.24,56.88,57.42,56.24,1480000.0,-0.0092
2016-12-22,56.33,56.19,56.38,55.65,1090000.0,0.0016
2016-12-23,56.41,56.51,56.64,55.92,1380000.0,0.0014000000000000002
2016-12-24,0,0,0,0,0,0
2016-12-25,0,0,0,0,0,0
2016-12-26,0,0,0,0,0,0
2016-12-27,56.43,56.44,56.7,56.1,1020000.0,0.0004
2016-12-28,56.09,56.52,56.61,55.7,1780000.0,-0.006
2016-12-29,56.63,55.95,56.94,55.6,1240000.0,0.0096
2016-12-30,57.48,56.66,57.81,56.49,2020000.0,0.015
2016-12-31,0,0,0,0,0,0
2017-01-01,0,0,0,0,0,0
2017-01-02,0,0,0,0,0,0
2017-01-03,57.49,57.74,57.77,56.91,1970000.0,0.0002
2017-01-04,58.35,57.65,58.45,57.4,1810000.0,0.015
2017-01-05,59.92,58.16,60.32,57.8,2280000.0,0.0269
2017-01-06,59.84,59.64,60.31,59.19,1860000.0,-0.0013
2017-01-07,0,0,0,0,0,0
2017-01-08,0,0,0,0,0,0
2017-01-09,59.4,59.3,59.96,59.19,1940000.0,-0.0074
2017-01-10,58.69,59.39,59.66,58.6,1750000.0,-0.012
2017-01-11,58.53,58.59,59.32,58.49,1580000.0,-0.0027
2017-01-12,59.57,58.49,59.68,58.26,1410000.0,0.0178
2017-01-13,59.07,59.55,59.55,58.75,1050000.0,-0.0084
2017-01-14,0,0,0,0,0,0
2017-01-15,0,0,0,0,0,0
2017-01-16,0,0,0,0,0,0
2017-01-17,60.13,59.18,60.32,59.17,1470000.0,0.0179
2017-01-18,59.78,60.13,60.31,59.63,1910000.0,-0.0058
2017-01-19,59.18,59.56,59.67,58.91,1440000.0,-0.01
2017-01-20,59.69,59.26,59.81,59.2,1560000.0,0.0086
2017-01-21,0,0,0,0,0,0
2017-01-22,0,0,0,0,0,0
2017-01-23,60.26,59.75,60.59,59.64,1790000.0,0.0095
2017-01-24,59.78,60.11,60.34,59.55,1590000.0,-0.008
2017-01-25,59.62,59.9,60.09,59.2,1640000.0,-0.0027
2017-01-26,59.81,59.56,60.03,59.46,1790000.0,0.0032
2017-01-27,59.44,59.95,60.04,59.14,1930000.0,-0.0062
2017-01-28,0,0,0,0,0,0
2017-01-29,0,0,0,0,0,0
2017-01-30,59.29,59.17,59.66,58.86,2200000.0,-0.0025
2017-01-31,59.63,59.38,59.99,59.09,4800000.0,0.005699999999999999
2017-02-01,58.31,59.43,59.73,58.05,5650000.0,-0.022099999999999998
2017-02-02,59.42,58.31,59.56,58.26,1630000.0,0.019
2017-02-03,59.82,59.88,60.4,59.46,1770000.0,0.0067
2017-02-04,0,0,0,0,0,0
2017-02-05,0,0,0,0,0,0
2017-02-06,59.82,59.91,60.09,59.49,1270000.0,0.0
2017-02-07,60.15,59.82,60.5,59.82,1690000.0,0.0055000000000000005
2017-02-08,60.5,60.06,60.92,59.97,1360000.0,0.0058
2017-02-09,60.58,60.5,60.95,60.27,891120.0,0.0013
2017-02-10,61.28,60.4,61.51,60.29,1090000.0,0.0116
2017-02-11,0,0,0,0,0,0
2017-02-12,0,0,0,0,0,0
2017-02-13,61.62,61.15,61.77,61.0,1170000.0,0.0055000000000000005
2017-02-14,60.78,61.44,61.59,60.23,1600000.0,-0.013600000000000001
2017-02-15,60.32,60.49,60.55,59.71,1440000.0,-0.0076
2017-02-16,60.58,60.4,60.86,60.32,1630000.0,0.0043
2017-02-17,60.8,60.61,61.24,60.43,1190000.0,0.0036
2017-02-18,0,0,0,0,0,0
2017-02-19,0,0,0,0,0,0
2017-02-20,0,0,0,0,0,0
2017-02-21,61.52,60.85,61.73,60.6,1260000.0,0.0118
2017-02-22,61.14,61.58,61.83,60.83,1130000.0,-0.0062
2017-02-23,62.86,61.72,62.93,61.23,1290000.0,0.0281
2017-02-24,63.19,62.85,63.19,62.44,1660000.0,0.0052
2017-02-25,0,0,0,0,0,0
2017-02-26,0,0,0,0,0,0
2017-02-27,63.14,63.01,63.6,62.48,1850000.0,-0.0008
2017-02-28,61.28,61.31,61.73,61.24,9910000.0,-0.029500000000000002
2017-03-01,60.6,61.06,61.2,60.33,3430000.0,-0.0111
2017-03-02,60.56,60.56,61.27,60.42,2900000.0,-0.0007000000000000001
2017-03-03,60.34,60.6,60.78,59.25,2930000.0,-0.0036
2017-03-04,0,0,0,0,0,0
2017-03-05,0,0,0,0,0,0
2017-03-06,59.67,60.14,60.14,58.93,2480000.0,-0.0111
2017-03-07,59.84,59.47,59.89,59.32,1420000.0,0.0028000000000000004
2017-03-08,57.7,59.22,59.39,57.62,2530000.0,-0.0358
2017-03-09,57.15,57.71,58.47,56.95,1940000.0,-0.0095
2017-03-10,57.39,57.49,58.26,57.1,1630000.0,0.0042
2017-03-11,0,0,0,0,0,0
2017-03-12,0,0,0,0,0,0
2017-03-13,57.82,57.44,58.23,57.4,1800000.0,0.0075
2017-03-14,57.74,57.67,57.98,57.38,1700000.0,-0.0014000000000000002
2017-03-15,59.23,58.14,59.69,58.09,2300000.0,0.0258
2017-03-16,59.06,59.23,59.63,58.97,1660000.0,-0.0029
2017-03-17,59.86,59.26,59.95,58.98,4590000.0,0.013500000000000002
2017-03-18,0,0,0,0,0,0
2017-03-19,0,0,0,0,0,0
2017-03-20,59.46,59.85,60.06,59.43,1120000.0,-0.0067
2017-03-21,60.04,59.73,60.36,59.5,1910000.0,0.0098
2017-03-22,59.94,60.38,60.43,59.31,1500000.0,-0.0017000000000000001
2017-03-23,59.68,59.61,60.41,59.53,1860000.0,-0.0043
2017-03-24,59.46,59.68,60.08,59.2,1900000.0,-0.0037
2017-03-25,0,0,0,0,0,0
2017-03-26,0,0,0,0,0,0
2017-03-27,59.07,59.43,60.4,58.85,2000000.0,-0.0066
2017-03-28,58.89,59.03,59.17,58.13,2280000.0,-0.003
2017-03-29,59.07,58.9,59.23,58.59,1540000.0,0.0031
2017-03-30,58.93,58.81,59.03,58.17,1280000.0,-0.0024
2017-03-31,59.53,58.86,59.63,58.86,2069999.9999999998,0.0102
2017-04-01,0,0,0,0,0,0
2017-04-02,0,0,0,0,0,0
2017-04-03,59.71,59.3,59.77,58.95,1560000.0,0.003
2017-04-04,59.72,59.7,60.17,59.46,1350000.0,0.0002
2017-04-05,59.75,59.8,59.97,59.46,988180.0,0.0005
2017-04-06,60.17,59.67,60.41,59.39,1350000.0,0.006999999999999999
2017-04-07,60.26,60.21,60.74,60.21,1280000.0,0.0015
2017-04-08,0,0,0,0,0,0
2017-04-09,0,0,0,0,0,0
2017-04-10,60.75,60.24,60.83,59.99,885380.0,0.008100000000000001
2017-04-11,61.41,60.84,61.65,60.66,1790000.0,0.0109
2017-04-12,61.38,61.02,61.59,61.0,1080000.0,-0.0005
2017-04-13,61.45,61.25,61.71,61.21,1120000.0,0.0011
2017-04-14,0,0,0,0,0,0
2017-04-15,0,0,0,0,0,0
2017-04-16,0,0,0,0,0,0
2017-04-17,61.81,61.73,61.91,61.48,1350000.0,0.0059
2017-04-18,62.06,61.69,62.14,61.64,1440000.0,0.004
2017-04-19,61.98,62.03,62.31,61.8,1200000.0,-0.0013
2017-04-20,62.07,61.86,62.09,61.54,1330000.0,0.0015
2017-04-21,61.75,61.94,62.1,61.71,1180000.0,-0.0052
2017-04-22,0,0,0,0,0,0
2017-04-23,0,0,0,0,0,0
2017-04-24,60.08,61.84,62.0,59.76,2850000.0,-0.027000000000000003
2017-04-25,59.83,60.2,60.2,59.6,1860000.0,-0.0042
2017-04-26,59.21,59.87,59.94,58.84,1820000.0,-0.0104
2017-04-27,59.45,59.14,59.73,58.95,1440000.0,0.0040999999999999995
2017-04-28,58.35,59.36,59.36,58.29,1490000.0,-0.018500000000000003
2017-04-29,0,0,0,0,0,0
2017-04-30,0,0,0,0,0,0
2017-05-01,58.82,58.5,59.15,58.07,1500000.0,0.008100000000000001
2017-05-02,59.04,58.94,59.39,58.84,1560000.0,0.0037
2017-05-03,57.83,59.16,59.22,57.6,1810000.0,-0.020499999999999997
2017-05-04,55.78,57.54,57.54,54.92,5060000.0,-0.0354
2017-05-05,56.62,56.01,56.72,55.8,2060000.0,0.0151
2017-05-06,0,0,0,0,0,0
2017-05-07,0,0,0,0,0,0
2017-05-08,55.68,56.84,57.07,55.53,2410000.0,-0.0166
2017-05-09,54.96,55.75,55.91,54.51,2430000.0,-0.0129
2017-05-10,55.58,55.1,56.14,54.97,2780000.0,0.0113
2017-05-11,54.44,55.28,55.32,54.09,2560000.0,-0.020499999999999997
2017-05-12,54.73,54.53,54.96,54.47,1700000.0,0.0053
2017-05-13,0,0,0,0,0,0
2017-05-14,0,0,0,0,0,0
2017-05-15,54.3,54.75,55.44,54.27,2100000.0,-0.0079
2017-05-16,53.21,54.33,54.62,52.85,3000000.0,-0.020099999999999996
2017-05-17,53.76,53.33,54.02,53.0,2390000.0,0.0103
2017-05-18,53.82,53.71,54.06,53.3,2140000.0,0.0011
2017-05-19,54.2,53.87,54.41,53.33,1870000.0,0.0070999999999999995
2017-05-20,0,0,0,0,0,0
2017-05-21,0,0,0,0,0,0
2017-05-22,54.13,54.27,54.92,54.07,1660000.0,-0.0013
2017-05-23,54.14,54.14,54.55,53.95,1500000.0,0.0002
2017-05-24,54.66,54.23,54.85,54.17,1390000.0,0.0096
2017-05-25,55.15,54.75,55.43,54.69,1580000.0,0.009000000000000001
2017-05-26,55.18,55.16,55.7,54.99,2049999.9999999998,0.0005
2017-05-27,0,0,0,0,0,0
2017-05-28,0,0,0,0,0,0
2017-05-29,0,0,0,0,0,0
2017-05-30,55.0,55.09,55.52,54.95,1450000.0,-0.0033
2017-05-31,54.93,55.0,55.41,54.8,1650000.0,-0.0013
2017-06-01,55.54,54.91,55.7,54.53,1700000.0,0.0111
2017-06-02,56.58,55.95,56.75,55.95,2350000.0,0.0187
2017-06-03,0,0,0,0,0,0
2017-06-04,0,0,0,0,0,0
2017-06-05,55.37,56.37,56.44,55.2,1630000.0,-0.021400000000000002
2017-06-06,55.42,55.37,55.71,54.91,1570000.0,0.0009
2017-06-07,55.62,55.42,55.94,55.3,1620000.0,0.0036
2017-06-08,54.89,55.71,55.87,54.8,2009999.9999999998,-0.0131
2017-06-09,55.31,54.86,55.46,54.26,1730000.0,0.0077
2017-06-10,0,0,0,0,0,0
2017-06-11,0,0,0,0,0,0
2017-06-12,56.14,55.46,56.21,55.34,1380000.0,0.015
2017-06-13,56.28,56.02,56.43,55.8,1030000.0,0.0025
2017-06-14,56.95,56.82,57.1,56.49,1470000.0,0.011899999999999999
2017-06-15,56.91,56.62,57.24,56.47,1230000.0,-0.0007000000000000001
2017-06-16,56.67,57.08,57.12,56.24,2830000.0,-0.0042
2017-06-17,0,0,0,0,0,0
2017-06-18,0,0,0,0,0,0
2017-06-19,56.22,56.67,56.74,55.95,1800000.0,-0.0079
2017-06-20,56.17,56.18,56.37,55.9,2460000.0,-0.0009
2017-06-21,55.42,56.21,56.32,55.09,2210000.0,-0.0134
2017-06-22,54.82,55.3,55.41,54.66,2009999.9999999998,-0.0108
2017-06-23,55.28,54.83,55.35,54.75,2430000.0,0.0084
2017-06-24,0,0,0,0,0,0
2017-06-25,0,0,0,0,0,0
2017-06-26,56.48,55.61,57.29,55.61,2400000.0,0.0217
2017-06-27,55.99,56.38,56.46,55.75,1920000.0,-0.0087
2017-06-28,56.81,56.13,56.97,55.9,1530000.0,0.0146
2017-06-29,55.77,56.39,56.45,55.44,1630000.0,-0.0183
2017-06-30,55.18,55.93,56.17,54.95,1450000.0,-0.0106
2017-07-01,0,0,0,0,0,0
2017-07-02,0,0,0,0,0,0
2017-07-03,56.05,55.38,56.28,55.38,1030000.0,0.0158
2017-07-04,0,0,0,0,0,0
2017-07-05,55.21,56.01,56.2,54.96,1590000.0,-0.015
2017-07-06,54.13,55.01,55.2,54.13,1600000.0,-0.0196
2017-07-07,54.69,54.28,54.71,53.94,1050000.0,0.0103
2017-07-08,0,0,0,0,0,0
2017-07-09,0,0,0,0,0,0
2017-07-10,53.6,54.72,54.75,53.59,1700000.0,-0.0199
2017-07-11,53.89,53.83,54.1,53.34,1180000.0,0.0054
2017-07-12,54.67,54.3,55.1,54.27,1370000.0,0.014499999999999999
2017-07-13,55.13,54.75,55.21,54.56,948530.0,0.0084
2017-07-14,56.25,55.39,56.37,55.39,1590000.0,0.0203
2017-07-15,0,0,0,0,0,0
2017-07-16,0,0,0,0,0,0
2017-07-17,56.48,56.2,56.69,56.1,1390000.0,0.0040999999999999995
2017-07-18,56.58,56.67,56.94,56.46,1160000.0,0.0018
2017-07-19,57.16,56.6,57.3,56.48,980820.0,0.0103
2017-07-20,57.32,57.24,57.83,57.04,1010000.0,0.0028000000000000004
2017-07-21,57.31,57.4,57.58,56.82,859260.0,-0.0002
2017-07-22,0,0,0,0,0,0
2017-07-23,0,0,0,0,0,0
2017-07-24,57.17,57.3,57.4,56.68,1380000.0,-0.0024
2017-07-25,57.43,57.03,57.49,56.65,1630000.0,0.0045000000000000005
2017-07-26,57.92,57.41,57.97,57.26,1550000.0,0.0085
2017-07-27,57.95,57.83,58.47,57.2,2029999.9999999998,0.0005
2017-07-28,57.2,57.89,58.19,57.11,1420000.0,-0.0129
2017-07-29,0,0,0,0,0,0
2017-07-30,0,0,0,0,0,0
2017-07-31,57.06,57.21,57.32,56.74,3400000.0,-0.0024
2017-08-01,57.74,57.18,57.91,56.97,1880000.0,0.011899999999999999
2017-08-02,57.1,57.58,57.58,56.73,1190000.0,-0.0111
2017-08-03,57.04,56.91,57.2,56.71,959520.0,-0.0011
2017-08-04,57.45,56.83,57.5,56.76,1690000.0,0.0072
2017-08-05,0,0,0,0,0,0
2017-08-06,0,0,0,0,0,0
2017-08-07,57.45,57.45,57.66,56.99,998210.0,0.0
2017-08-08,57.3,57.27,57.62,56.93,1200000.0,-0.0026
2017-08-09,57.48,57.29,57.83,56.9,1640000.0,0.0031
2017-08-10,57.02,57.48,57.57,57.02,965040.0,-0.008
2017-08-11,56.48,56.83,57.02,56.24,1270000.0,-0.0095
2017-08-12,0,0,0,0,0,0
2017-08-13,0,0,0,0,0,0
2017-08-14,57.32,56.74,57.6,56.43,1530000.0,0.0149
2017-08-15,56.97,57.05,57.16,56.36,2150000.0,-0.0060999999999999995
2017-08-16,57.61,57.07,57.98,57.02,2130000.0,0.011200000000000002
2017-08-17,57.19,57.62,57.77,57.17,1560000.0,-0.0073
2017-08-18,56.85,57.12,57.17,56.56,1440000.0,-0.0059
2017-08-19,0,0,0,0,0,0
2017-08-20,0,0,0,0,0,0
2017-08-21,57.88,56.94,58.04,56.8,1570000.0,0.0181
2017-08-22,57.38,57.8,57.96,57.18,1050000.0,-0.0086
2017-08-23,58.1,57.41,58.13,57.22,955090.0,0.0125
2017-08-24,57.5,58.19,58.45,57.47,1010000.0,-0.0103
2017-08-25,58.04,57.8,58.37,57.58,913350.0,0.009399999999999999
2017-08-26,0,0,0,0,0,0
2017-08-27,0,0,0,0,0,0
2017-08-28,57.21,58.02,58.07,57.09,1030000.0,-0.0143
2017-08-29,57.14,57.48,57.68,56.99,1090000.0,-0.0012
2017-08-30,56.92,56.89,57.02,56.57,1220000.0,-0.0039000000000000003
2017-08-31,57.56,57.1,57.82,57.01,2770000.0,0.011200000000000002
2017-09-01,57.86,57.52,58.29,57.42,1090000.0,0.0052
2017-09-02,0,0,0,0,0,0
2017-09-03,0,0,0,0,0,0
2017-09-04,0,0,0,0,0,0
2017-09-05,58.32,58.21,58.38,57.82,1860000.0,0.008
2017-09-06,58.18,58.36,59.31,58.14,2450000.0,-0.0024
2017-09-07,58.71,58.46,59.02,58.18,1150000.0,0.0091
2017-09-08,59.33,58.81,59.74,58.61,1270000.0,0.0106
2017-09-09,0,0,0,0,0,0
2017-09-10,0,0,0,0,0,0
2017-09-11,59.45,59.59,60.05,59.24,1190000.0,0.002
2017-09-12,58.92,59.33,59.92,58.78,1270000.0,-0.0089
2017-09-13,58.79,59.05,59.19,58.45,1330000.0,-0.0022
2017-09-14,59.4,58.81,59.4,58.57,2430000.0,0.0104
2017-09-15,59.9,59.58,59.92,58.92,2200000.0,0.0084
2017-09-16,0,0,0,0,0,0
2017-09-17,0,0,0,0,0,0
2017-09-18,59.56,59.82,59.99,59.28,1280000.0,-0.005699999999999999
2017-09-19,58.8,59.58,59.65,58.67,1650000.0,-0.0128
2017-09-20,58.34,58.94,59.15,57.8,2130000.0,-0.0078000000000000005
2017-09-21,57.91,58.4,58.66,57.91,1280000.0,-0.0074
2017-09-22,57.57,58.05,58.5,57.4,1100000.0,-0.0059
2017-09-23,0,0,0,0,0,0
2017-09-24,0,0,0,0,0,0
2017-09-25,57.93,57.69,58.13,57.25,4460000.0,0.0063
2017-09-26,58.34,57.93,58.61,57.72,1310000.0,0.0070999999999999995
2017-09-27,57.31,58.05,58.06,56.75,1570000.0,-0.0177
2017-09-28,57.82,57.27,57.86,57.11,1090000.0,0.0089
2017-09-29,57.19,57.5,57.6,56.85,2750000.0,-0.0109
2017-09-30,0,0,0,0,0,0
2017-10-01,0,0,0,0,0,0
2017-10-02,57.07,57.19,57.43,56.89,2170000.0,-0.0021
2017-10-03,57.05,57.1,57.35,56.83,1450000.0,-0.0004
2017-10-04,57.15,57.12,57.21,56.78,1300000.0,0.0018
2017-10-05,57.03,57.31,57.42,56.94,1820000.0,-0.0021
2017-10-06,56.48,56.82,56.82,55.91,2049999.9999999998,-0.0096
2017-10-07,0,0,0,0,0,0
2017-10-08,0,0,0,0,0,0
2017-10-09,56.53,56.54,56.72,56.37,984380.0,0.0009
2017-10-10,56.61,56.71,57.06,56.24,1530000.0,0.0014000000000000002
2017-10-11,56.67,56.6,56.99,56.55,1620000.0,0.0011
2017-10-12,56.75,56.65,56.93,56.45,1370000.0,0.0014000000000000002
2017-10-13,56.87,56.93,57.21,56.72,1410000.0,0.0021
2017-10-14,0,0,0,0,0,0
2017-10-15,0,0,0,0,0,0
2017-10-16,56.9,56.86,57.02,56.56,1250000.0,0.0005
2017-10-17,57.09,56.81,57.17,56.71,1260000.0,0.0033
2017-10-18,56.29,57.0,57.14,56.07,1690000.0,-0.013999999999999999
2017-10-19,56.21,56.48,56.61,56.03,1460000.0,-0.0014000000000000002
2017-10-20,55.54,56.3,56.3,55.44,1690000.0,-0.011899999999999999
2017-10-21,0,0,0,0,0,0
2017-10-22,0,0,0,0,0,0
2017-10-23,55.47,55.76,55.76,55.28,1160000.0,-0.0013
2017-10-24,54.96,55.44,55.57,54.78,1950000.0,-0.0092
2017-10-25,54.47,54.82,54.94,54.07,2490000.0,-0.0089
2017-10-26,53.44,54.73,54.98,53.35,3000000.0,-0.0189
2017-10-27,53.93,53.38,54.09,53.01,1810000.0,0.0092
2017-10-28,0,0,0,0,0,0
2017-10-29,0,0,0,0,0,0
2017-10-30,54.17,54.02,54.66,53.95,1710000.0,0.0045000000000000005
2017-10-31,53.67,54.0,54.1,53.2,2180000.0,-0.0092
2017-11-01,53.93,53.76,54.23,53.39,1250000.0,0.0048
2017-11-02,54.92,54.06,55.52,54.04,1960000.0,0.0184
2017-11-03,55.18,54.8,55.5,54.56,1550000.0,0.004699999999999999
2017-11-04,0,0,0,0,0,0
2017-11-05,0,0,0,0,0,0
2017-11-06,55.26,55.23,55.97,55.17,1560000.0,0.0014000000000000002
2017-11-07,56.22,55.25,56.47,55.25,1690000.0,0.0174
2017-11-08,56.17,56.3,56.84,56.02,1170000.0,-0.0009
2017-11-09,56.26,56.0,56.87,55.86,987830.0,0.0016
2017-11-10,56.27,56.03,56.7,55.85,1300000.0,0.0002
2017-11-11,0,0,0,0,0,0
2017-11-12,0,0,0,0,0,0
2017-11-13,56.67,56.5,56.79,56.35,1560000.0,0.0070999999999999995
2017-11-14,56.9,56.68,56.97,56.31,1500000.0,0.0040999999999999995
2017-11-15,56.47,56.77,57.23,56.47,1590000.0,-0.0076
2017-11-16,56.49,56.46,56.85,56.11,1210000.0,0.0004
2017-11-17,56.48,56.38,56.73,56.32,1080000.0,-0.0002
2017-11-18,0,0,0,0,0,0
2017-11-19,0,0,0,0,0,0
2017-11-20,56.12,56.49,56.63,56.02,1040000.0,-0.0064
2017-11-21,56.54,56.25,56.6,56.0,1300000.0,0.0075
2017-11-22,56.29,56.37,56.64,56.25,1220000.0,-0.0044
2017-11-23,0,0,0,0,0,0
2017-11-24,56.39,56.38,56.52,56.16,416510.0,0.0018
2017-11-25,0,0,0,0,0,0
2017-11-26,0,0,0,0,0,0
2017-11-27,56.22,56.4,56.54,56.11,1450000.0,-0.003
2017-11-28,55.88,56.19,56.22,55.78,1380000.0,-0.006
2017-11-29,55.47,55.74,55.9,55.19,2080000.0,-0.0073
2017-11-30,55.3,55.4,55.63,55.09,2000000.0,-0.0031
2017-12-01,55.55,55.47,55.84,55.08,2940000.0,0.0045000000000000005
2017-12-02,0,0,0,0,0,0
2017-12-03,0,0,0,0,0,0
2017-12-04,55.34,55.56,55.89,55.28,2510000.0,-0.0038
2017-12-05,55.22,55.39,55.67,55.15,1740000.0,-0.0022
2017-12-06,54.7,55.3,55.48,54.4,2300000.0,-0.009399999999999999
2017-12-07,54.83,54.65,55.15,54.61,1630000.0,0.0024
2017-12-08,55.58,54.93,55.58,54.93,1360000.0,0.0137
2017-12-09,0,0,0,0,0,0
2017-12-10,0,0,0,0,0,0
2017-12-11,55.42,55.61,55.81,55.33,2130000.0,-0.0029
2017-12-12,55.74,55.67,55.84,55.27,1500000.0,0.0058
2017-12-13,56.87,55.89,57.16,55.89,2420000.0,0.0203
2017-12-14,56.97,56.86,57.18,56.6,2049999.9999999998,0.0018
2017-12-15,57.4,57.22,57.57,57.07,5260000.0,0.0075
2017-12-16,0,0,0,0,0,0
2017-12-17,0,0,0,0,0,0
2017-12-18,57.8,57.5,58.23,57.5,1810000.0,0.006999999999999999
2017-12-19,56.35,57.62,57.76,56.27,1540000.0,-0.025099999999999997
2017-12-20,55.61,56.42,56.6,55.6,1550000.0,-0.0131
2017-12-21,55.25,55.89,55.91,55.16,1220000.0,-0.006500000000000001
2017-12-22,55.85,55.41,55.9,55.3,985430.0,0.0109
2017-12-23,0,0,0,0,0,0
2017-12-24,0,0,0,0,0,0
2017-12-25,0,0,0,0,0,0
2017-12-26,56.23,55.93,56.49,55.74,947550.0,0.0068000000000000005
2017-12-27,56.72,56.38,56.98,56.12,1260000.0,0.0087
2017-12-28,57.12,56.74,57.15,56.51,1310000.0,0.0070999999999999995
2017-12-29,57.02,56.93,57.17,56.69,1450000.0,-0.0018
2017-12-30,0,0,0,0,0,0
2017-12-31,0,0,0,0,0,0
2018-01-01,0,0,0,0,0,0
2018-01-02,56.62,57.02,57.06,56.42,1620000.0,-0.006999999999999999
2018-01-03,56.47,56.7,56.83,56.32,1540000.0,-0.0026
2018-01-04,55.25,56.28,56.33,55.25,1880000.0,-0.0216
2018-01-05,55.21,55.3,55.37,54.91,1430000.0,-0.0007000000000000001
2018-01-06,0,0,0,0,0,0
2018-01-07,0,0,0,0,0,0
2018-01-08,55.28,55.25,55.39,55.02,1100000.0,0.0013
2018-01-09,54.25,55.21,55.27,54.19,1920000.0,-0.018600000000000002
2018-01-10,53.06,54.0,54.04,52.8,3660000.0,-0.0219
2018-01-11,53.28,53.25,53.75,53.15,2240000.0,0.0040999999999999995
2018-01-12,52.72,53.2,53.22,52.63,2069999.9999999998,-0.0105
2018-01-13,0,0,0,0,0,0
2018-01-14,0,0,0,0,0,0
2018-01-15,0,0,0,0,0,0
2018-01-16,52.94,53.0,53.51,52.92,2000000.0,0.0042
2018-01-17,53.24,53.2,53.5,52.95,1670000.0,0.005699999999999999
2018-01-18,52.75,53.05,53.19,52.62,1920000.0,-0.0092
2018-01-19,53.14,52.88,53.15,52.6,1980000.0,0.0074
2018-01-20,0,0,0,0,0,0
2018-01-21,0,0,0,0,0,0
2018-01-22,53.86,53.17,53.9,53.17,1710000.0,0.013500000000000002
2018-01-23,54.53,53.95,54.56,53.95,1640000.0,0.0124
2018-01-24,54.01,54.42,54.58,53.86,1670000.0,-0.0095
2018-01-25,54.44,54.01,54.46,53.93,1640000.0,0.008
2018-01-26,54.21,54.5,54.53,53.98,1670000.0,-0.0042
2018-01-27,0,0,0,0,0,0
2018-01-28,0,0,0,0,0,0
2018-01-29,53.05,54.0,54.17,52.65,2120000.0,-0.021400000000000002
2018-01-30,52.46,52.95,53.0,52.28,2089999.9999999998,-0.0111
2018-01-31,53.19,52.33,53.45,52.21,3630000.0,0.0139
2018-02-01,51.59,53.09,53.21,51.41,3190000.0,-0.0301
2018-02-02,51.25,51.1,51.45,50.42,2510000.0,-0.0066
2018-02-03,0,0,0,0,0,0
2018-02-04,0,0,0,0,0,0
2018-02-05,50.1,50.89,51.78,50.05,3110000.0,-0.022400000000000003
2018-02-06,50.07,49.76,50.66,49.01,3820000.0,-0.0006
2018-02-07,48.92,50.1,50.95,48.89,5870000.0,-0.023
2018-02-08,47.56,48.84,49.33,47.54,4400000.0,-0.0278
2018-02-09,48.9,47.87,49.28,47.42,3230000.0,0.0282
2018-02-10,0,0,0,0,0,0
2018-02-11,0,0,0,0,0,0
2018-02-12,48.68,49.06,49.23,47.25,4290000.0,-0.0045000000000000005
2018-02-13,48.99,48.65,49.18,47.96,2850000.0,0.0064
2018-02-14,48.1,48.55,48.65,47.78,2730000.0,-0.0182
2018-02-15,49.28,48.27,49.37,48.14,3000000.0,0.0245
2018-02-16,49.96,49.33,50.03,49.31,2910000.0,0.0138
2018-02-17,0,0,0,0,0,0
2018-02-18,0,0,0,0,0,0
2018-02-19,0,0,0,0,0,0
2018-02-20,49.4,49.9,50.25,49.39,2980000.0,-0.011200000000000002
2018-02-21,48.39,49.28,49.57,48.34,3500000.0,-0.0204
2018-02-22,49.3,48.56,49.75,48.26,2940000.0,0.018799999999999997
2018-02-23,50.2,49.46,50.24,49.34,2380000.0,0.0183
2018-02-24,0,0,0,0,0,0
2018-02-25,0,0,0,0,0,0
2018-02-26,50.6,50.38,50.78,50.16,2820000.0,0.008
2018-02-27,49.37,50.68,50.84,49.35,3220000.0,-0.024300000000000002
2018-02-28,49.18,49.5,49.8,49.15,3400000.0,-0.0038
2018-03-01,49.61,49.17,49.85,48.84,2500000.0,0.0087
2018-03-02,49.73,49.45,49.78,49.15,2020000.0,0.0024
2018-03-03,0,0,0,0,0,0
2018-03-04,0,0,0,0,0,0
2018-03-05,50.31,49.58,50.64,49.58,1810000.0,0.011699999999999999
2018-03-06,50.54,50.15,50.57,49.91,1810000.0,0.0046
2018-03-07,50.85,50.4,50.9,50.13,1450000.0,0.0060999999999999995
2018-03-08,50.58,50.88,51.15,50.33,1590000.0,-0.0053
2018-03-09,50.87,50.59,50.87,50.1,1480000.0,0.005699999999999999
2018-03-10,0,0,0,0,0,0
2018-03-11,0,0,0,0,0,0
2018-03-12,51.25,50.9,51.38,50.7,1690000.0,0.0075
2018-03-13,51.45,51.45,52.01,51.33,1450000.0,0.0039000000000000003
2018-03-14,51.39,51.45,51.79,51.28,1710000.0,-0.0012
2018-03-15,51.14,51.55,51.65,50.91,1390000.0,-0.0049
2018-03-16,51.47,51.14,51.72,50.86,2640000.0,0.006500000000000001
2018-03-17,0,0,0,0,0,0
2018-03-18,0,0,0,0,0,0
2018-03-19,50.9,51.45,51.59,50.58,1740000.0,-0.0111
2018-03-20,50.48,50.95,51.28,50.21,1730000.0,-0.0083
2018-03-21,49.9,50.55,50.64,49.58,2310000.0,-0.0115
2018-03-22,49.87,49.82,50.69,49.82,1900000.0,-0.0006
2018-03-23,49.33,49.93,50.09,49.12,1990000.0,-0.0108
2018-03-24,0,0,0,0,0,0
2018-03-25,0,0,0,0,0,0
2018-03-26,49.95,49.66,49.99,49.35,1620000.0,0.0126
2018-03-27,50.32,49.97,50.94,49.43,1550000.0,0.0074
2018-03-28,51.76,50.68,52.1,50.56,2040000.0,0.0286
2018-03-29,51.73,51.99,52.14,51.45,2510000.0,-0.0006
2018-03-30,0,0,0,0,0,0
2018-03-31,0,0,0,0,0,0
2018-04-01,0,0,0,0,0,0
2018-04-02,51.17,51.62,51.94,50.86,2180000.0,-0.0108
2018-04-03,51.74,51.24,51.92,50.64,1910000.0,0.0111
2018-04-04,52.45,51.51,52.7,51.23,1660000.0,0.0137
2018-04-05,52.37,52.35,52.44,51.87,1160000.0,-0.0015
2018-04-06,52.08,52.5,53.18,51.99,1570000.0,-0.0055000000000000005
2018-04-07,0,0,0,0,0,0
2018-04-08,0,0,0,0,0,0
2018-04-09,51.89,52.09,52.46,51.72,1350000.0,-0.0036
2018-04-10,51.72,52.13,52.14,51.67,1380000.0,-0.0033
2018-04-11,51.83,51.72,52.32,51.65,922690.0,0.0021
2018-04-12,50.7,51.84,51.92,50.57,1350000.0,-0.0218
2018-04-13,50.81,50.72,50.86,50.38,1300000.0,0.0022
2018-04-14,0,0,0,0,0,0
2018-04-15,0,0,0,0,0,0
2018-04-16,51.08,50.94,51.23,50.51,1200000.0,0.0053
2018-04-17,51.61,51.14,51.89,50.86,1230000.0,0.0104
2018-04-18,51.43,51.65,51.92,51.4,1190000.0,-0.0034999999999999996
2018-04-19,50.17,51.17,51.23,50.05,1680000.0,-0.0245
2018-04-20,49.53,50.27,50.45,49.32,1970000.0,-0.0128
2018-04-21,0,0,0,0,0,0
2018-04-22,0,0,0,0,0,0
2018-04-23,49.13,49.53,49.61,48.85,1580000.0,-0.008100000000000001
2018-04-24,49.48,49.32,49.66,48.8,1910000.0,0.0070999999999999995
2018-04-25,49.61,49.37,49.63,49.01,1480000.0,0.0026
2018-04-26,50.39,49.81,50.68,49.62,1190000.0,0.015700000000000002
2018-04-27,51.45,50.34,51.81,50.34,1960000.0,0.021
2018-04-28,0,0,0,0,0,0
2018-04-29,0,0,0,0,0,0
2018-04-30,50.51,51.35,51.43,50.51,2930000.0,-0.0183
2018-05-01,51.18,50.5,51.32,50.24,1930000.0,0.013300000000000001
2018-05-02,50.81,50.96,51.11,50.25,1410000.0,-0.0072
2018-05-03,51.29,50.72,51.53,50.6,1330000.0,0.009399999999999999
2018-05-04,52.27,51.25,52.43,51.23,1850000.0,0.0191
2018-05-05,0,0,0,0,0,0
2018-05-06,0,0,0,0,0,0
2018-05-07,52.67,52.46,52.67,52.17,1730000.0,0.0077
2018-05-08,52.46,52.5,52.65,52.05,1680000.0,-0.004
2018-05-09,52.87,52.11,53.06,51.75,1950000.0,0.0078000000000000005
2018-05-10,53.52,53.12,53.7,53.0,1380000.0,0.0123
2018-05-11,52.99,53.6,53.87,52.88,1250000.0,-0.009899999999999999
2018-05-12,0,0,0,0,0,0
2018-05-13,0,0,0,0,0,0
2018-05-14,52.78,52.82,53.1,52.29,1440000.0,-0.004
2018-05-15,51.72,52.3,52.32,51.18,2520000.0,-0.020099999999999996
2018-05-16,51.9,51.91,52.25,51.75,1880000.0,0.0034999999999999996
2018-05-17,51.72,51.98,52.23,51.5,1210000.0,-0.0034999999999999996
2018-05-18,51.66,51.7,51.96,51.36,4010000.0,-0.0012
2018-05-19,0,0,0,0,0,0
2018-05-20,0,0,0,0,0,0
2018-05-21,52.31,51.92,52.56,51.39,1720000.0,0.0126
2018-05-22,52.28,52.18,52.43,52.11,1520000.0,-0.0006
2018-05-23,52.98,52.46,53.21,52.35,1640000.0,0.0134
2018-05-24,52.79,53.1,53.3,52.41,1370000.0,-0.0036
2018-05-25,52.84,52.83,53.12,52.64,953620.0,0.0009
2018-05-26,0,0,0,0,0,0
2018-05-27,0,0,0,0,0,0
2018-05-28,0,0,0,0,0,0
2018-05-29,53.32,52.84,53.43,52.6,1820000.0,0.0091
2018-05-30,53.73,53.1,54.02,52.72,1800000.0,0.0077
2018-05-31,53.3,53.37,53.48,52.95,2069999.9999999998,-0.008
2018-06-01,53.04,53.41,53.64,52.95,2069999.9999999998,-0.0049
2018-06-02,0,0,0,0,0,0
2018-06-03,0,0,0,0,0,0
2018-06-04,53.16,53.23,53.27,52.69,2069999.9999999998,0.0023
2018-06-05,53.0,53.29,53.53,52.98,1920000.0,-0.003
2018-06-06,53.27,53.0,53.28,52.73,1490000.0,0.0051
2018-06-07,53.35,53.26,53.66,53.09,1170000.0,0.0015
2018-06-08,53.27,53.4,53.6,53.22,1040000.0,-0.0015
2018-06-09,0,0,0,0,0,0
2018-06-10,0,0,0,0,0,0
2018-06-11,53.39,53.31,53.48,53.11,997220.0,0.0023
2018-06-12,53.97,53.34,54.11,53.3,2020000.0,0.0109
2018-06-13,52.4,54.1,54.1,52.37,2460000.0,-0.0291
2018-06-14,52.99,52.56,53.34,52.56,2000000.0,0.0113
2018-06-15,52.97,53.0,53.45,52.89,2930000.0,-0.0004
2018-06-16,0,0,0,0,0,0
2018-06-17,0,0,0,0,0,0
2018-06-18,52.9,52.95,53.2,52.67,1800000.0,-0.0013
2018-06-19,52.86,52.82,53.14,52.68,2150000.0,-0.0008
2018-06-20,53.49,52.97,53.55,52.77,2750000.0,0.011899999999999999
2018-06-21,53.52,53.49,53.79,53.33,1640000.0,0.0006
2018-06-22,53.78,53.55,53.94,53.35,2840000.0,0.0049
2018-06-23,0,0,0,0,0,0
2018-06-24,0,0,0,0,0,0
2018-06-25,54.24,53.88,54.45,53.65,3050000.0,0.0086
2018-06-26,54.35,54.25,54.89,54.03,3200000.0,0.002
2018-06-27,54.53,54.65,54.99,54.33,2430000.0,0.0033
2018-06-28,54.3,54.27,54.45,53.53,2900000.0,-0.0042
2018-06-29,53.79,53.88,54.34,53.44,2420000.0,-0.009399999999999999
2018-06-30,0,0,0,0,0,0
2018-07-01,0,0,0,0,0,0
2018-07-02,53.28,53.75,54.1,52.74,3230000.0,-0.0095
2018-07-03,54.15,53.33,54.34,53.03,1210000.0,0.0163
2018-07-04,0,0,0,0,0,0
2018-07-05,55.16,54.31,55.21,54.03,2060000.0,0.0187
2018-07-06,55.58,55.35,55.78,55.17,2080000.0,0.0076
2018-07-07,0,0,0,0,0,0
2018-07-08,0,0,0,0,0,0
2018-07-09,54.88,55.58,55.58,54.5,1500000.0,-0.0126
2018-07-10,55.47,55.27,55.63,54.96,1810000.0,0.0108
2018-07-11,55.14,55.46,55.73,55.1,1010000.0,-0.0059
2018-07-12,55.42,55.23,55.55,54.96,1250000.0,0.0051
2018-07-13,55.15,55.54,55.81,55.08,909880.0,-0.0049
2018-07-14,0,0,0,0,0,0
2018-07-15,0,0,0,0,0,0
2018-07-16,54.91,55.03,55.1,54.42,1470000.0,-0.0044
2018-07-17,54.72,54.96,55.07,54.59,1410000.0,-0.0034999999999999996
2018-07-18,54.97,54.72,55.02,54.48,1740000.0,0.0046
2018-07-19,55.81,54.97,55.92,54.76,1900000.0,0.015300000000000001
2018-07-20,55.49,55.7,55.84,55.24,1590000.0,-0.005699999999999999
2018-07-21,0,0,0,0,0,0
2018-07-22,0,0,0,0,0,0
2018-07-23,55.47,55.53,55.61,55.02,1760000.0,-0.0004
2018-07-24,54.95,55.35,55.37,54.9,1590000.0,-0.009399999999999999
2018-07-25,55.75,55.07,55.89,54.92,1670000.0,0.0146
2018-07-26,55.76,55.75,56.17,55.67,1250000.0,0.0002
2018-07-27,55.04,55.95,55.99,54.84,1480000.0,-0.0129
2018-07-28,0,0,0,0,0,0
2018-07-29,0,0,0,0,0,0
2018-07-30,55.37,55.02,55.49,54.68,1460000.0,0.006
2018-07-31,55.77,55.3,56.19,55.2,3650000.0,0.0072
2018-08-01,55.98,55.33,56.07,55.01,2040000.0,0.0038
2018-08-02,56.91,55.88,57.18,55.73,2260000.0,0.0166
2018-08-03,57.67,56.96,57.74,56.91,1470000.0,0.0134
2018-08-04,0,0,0,0,0,0
2018-08-05,0,0,0,0,0,0
2018-08-06,57.61,57.79,57.88,57.38,1650000.0,-0.001
2018-08-07,57.25,57.61,57.61,56.93,1530000.0,-0.0062
2018-08-08,57.15,57.3,57.38,56.95,1190000.0,-0.0017000000000000001
2018-08-09,56.98,57.22,57.31,56.89,1290000.0,-0.003
2018-08-10,56.51,56.91,57.23,56.51,970760.0,-0.008199999999999999
2018-08-11,0,0,0,0,0,0
2018-08-12,0,0,0,0,0,0
2018-08-13,56.72,56.61,56.8,56.48,959180.0,0.0037
2018-08-14,57.08,56.78,57.24,56.59,1330000.0,0.0063
2018-08-15,57.61,57.08,57.66,56.99,1250000.0,0.009300000000000001
2018-08-16,58.2,57.64,58.24,57.5,1210000.0,0.0102
2018-08-17,58.85,58.16,58.9,57.94,1520000.0,0.011200000000000002
2018-08-18,0,0,0,0,0,0
2018-08-19,0,0,0,0,0,0
2018-08-20,58.78,58.94,59.24,58.7,1080000.0,-0.0012
2018-08-21,58.6,58.74,58.75,58.26,1350000.0,-0.0031
2018-08-22,58.48,58.68,58.8,58.15,876430.0,-0.002
2018-08-23,58.45,58.5,58.64,58.26,945360.0,-0.0005
2018-08-24,58.6,58.28,58.7,58.14,735670.0,0.0026
2018-08-25,0,0,0,0,0,0
2018-08-26,0,0,0,0,0,0
2018-08-27,58.37,58.73,58.77,57.96,1200000.0,-0.0039000000000000003
2018-08-28,59.07,58.46,59.08,58.28,1140000.0,0.012
2018-08-29,58.52,58.9,58.9,58.37,1370000.0,-0.009300000000000001
2018-08-30,58.42,58.74,58.78,58.3,903340.0,-0.0017000000000000001
2018-08-31,58.57,58.4,58.62,58.18,1250000.0,0.0026
2018-09-01,0,0,0,0,0,0
2018-09-02,0,0,0,0,0,0
2018-09-03,0,0,0,0,0,0
2018-09-04,58.37,58.54,58.83,58.12,1320000.0,-0.0034000000000000002
2018-09-05,58.63,58.19,58.91,57.98,1450000.0,0.0045000000000000005
2018-09-06,58.79,58.76,59.0,58.64,1480000.0,0.0027
2018-09-07,58.14,58.37,58.48,57.98,1610000.0,-0.0111
2018-09-08,0,0,0,0,0,0
2018-09-09,0,0,0,0,0,0
2018-09-10,58.35,58.35,58.7,58.23,990570.0,0.0036
2018-09-11,58.01,58.19,58.46,57.91,1170000.0,-0.0058
2018-09-12,58.11,58.07,58.46,57.89,941210.0,0.0017000000000000001
2018-09-13,58.14,58.36,58.49,58.06,1500000.0,0.0005
2018-09-14,57.66,57.9,57.9,56.96,2080000.0,-0.0083
2018-09-15,0,0,0,0,0,0
2018-09-16,0,0,0,0,0,0
2018-09-17,58.17,57.71,58.17,57.3,5070000.0,0.0088
2018-09-18,57.51,58.1,58.22,57.21,1820000.0,-0.0113
2018-09-19,56.65,57.66,57.69,56.51,2049999.9999999998,-0.015
2018-09-20,57.27,56.64,57.33,56.28,1450000.0,0.0109
2018-09-21,56.99,57.25,57.51,56.91,3670000.0,-0.0049
2018-09-22,0,0,0,0,0,0
2018-09-23,0,0,0,0,0,0
2018-09-24,56.13,57.0,57.02,55.98,1750000.0,-0.0151
2018-09-25,56.46,56.36,56.8,56.1,1540000.0,0.0059
2018-09-26,55.82,56.44,56.65,55.78,1350000.0,-0.0113
2018-09-27,56.12,55.88,56.43,55.84,1170000.0,0.0054
2018-09-28,56.89,56.12,56.95,56.06,2180000.0,0.0137
2018-09-29,0,0,0,0,0,0
2018-09-30,0,0,0,0,0,0
2018-10-01,56.6,56.6,57.21,56.42,2830000.0,-0.0051
2018-10-02,56.81,56.62,57.0,56.46,2130000.0,0.0037
2018-10-03,56.76,57.0,57.32,56.21,4740000.0,-0.0009
2018-10-04,56.54,56.39,56.68,55.92,4000000.0,-0.0039000000000000003
2018-10-05,57.06,56.65,57.21,56.6,3750000.0,0.0092
2018-10-06,0,0,0,0,0,0
2018-10-07,0,0,0,0,0,0
2018-10-08,58.08,57.07,58.5,57.07,3220000.0,0.0179
2018-10-09,58.57,58.16,58.78,57.94,2970000.0,0.0084
2018-10-10,57.31,58.31,58.65,57.29,2400000.0,-0.0215
2018-10-11,55.96,57.54,57.64,55.91,2760000.0,-0.0236
2018-10-12,55.85,56.22,56.42,55.55,2230000.0,-0.002
2018-10-13,0,0,0,0,0,0
2018-10-14,0,0,0,0,0,0
2018-10-15,56.17,55.77,56.77,55.75,2180000.0,0.005699999999999999
2018-10-16,57.55,56.43,57.71,56.16,1940000.0,0.0246
2018-10-17,58.04,57.41,58.31,57.19,3030000.0,0.0085
2018-10-18,57.91,58.08,58.45,57.74,1730000.0,-0.0022
2018-10-19,58.5,58.0,58.69,58.0,1540000.0,0.0102
2018-10-20,0,0,0,0,0,0
2018-10-21,0,0,0,0,0,0
2018-10-22,57.71,58.6,58.92,57.65,1550000.0,-0.013500000000000002
2018-10-23,58.47,57.5,58.83,57.5,1950000.0,0.0132
2018-10-24,59.8,58.51,60.19,58.32,3080000.0,0.0227
2018-10-25,60.24,59.51,60.54,59.22,2420000.0,0.0074
2018-10-26,59.73,60.06,60.35,58.9,2890000.0,-0.0085
2018-10-27,0,0,0,0,0,0
2018-10-28,0,0,0,0,0,0
2018-10-29,61.3,59.94,61.34,59.92,3260000.0,0.0263
2018-10-30,61.4,61.3,61.99,60.87,3900000.0,0.0016
2018-10-31,60.27,60.98,61.18,59.76,4850000.0,-0.0184
2018-11-01,61.19,60.27,61.33,59.55,2460000.0,0.015300000000000001
2018-11-02,60.26,61.07,61.22,59.37,2690000.0,-0.0152
2018-11-03,0,0,0,0,0,0
2018-11-04,0,0,0,0,0,0
2018-11-05,61.47,60.44,61.77,60.36,1900000.0,0.020099999999999996
2018-11-06,61.56,61.49,61.65,61.04,1850000.0,0.0015
2018-11-07,62.29,61.6,62.3,61.3,1860000.0,0.011899999999999999
2018-11-08,62.48,62.2,62.5,61.71,1640000.0,0.0031
2018-11-09,62.76,62.35,62.96,62.25,1470000.0,0.0045000000000000005
2018-11-10,0,0,0,0,0,0
2018-11-11,0,0,0,0,0,0
2018-11-12,62.89,62.77,63.35,62.67,1480000.0,0.0021
2018-11-13,62.84,62.9,63.09,62.44,1340000.0,-0.0008
2018-11-14,63.17,62.94,63.5,62.92,2120000.0,0.0053
2018-11-15,62.68,63.16,63.18,62.36,2700000.0,-0.0078000000000000005
2018-11-16,63.79,62.67,63.85,62.64,2110000.0,0.0177
2018-11-17,0,0,0,0,0,0
2018-11-18,0,0,0,0,0,0
2018-11-19,63.97,63.77,64.49,63.55,2069999.9999999998,0.0028000000000000004
2018-11-20,63.86,63.77,64.56,63.57,2450000.0,-0.0017000000000000001
2018-11-21,63.59,63.92,64.17,63.4,1810000.0,-0.0042
2018-11-22,0,0,0,0,0,0
2018-11-23,63.4,63.55,63.79,63.09,881920.0,-0.003
2018-11-24,0,0,0,0,0,0
2018-11-25,0,0,0,0,0,0
2018-11-26,63.03,63.56,63.65,62.65,1620000.0,-0.0058
2018-11-27,63.68,63.03,63.71,62.8,1740000.0,0.0103
2018-11-28,63.64,63.83,64.33,63.28,2290000.0,-0.0006
2018-11-29,63.86,63.75,64.04,63.42,2660000.0,0.0034999999999999996
2018-11-30,64.09,63.81,64.37,63.49,4110000.0000000005,0.0036
2018-12-01,0,0,0,0,0,0
2018-12-02,0,0,0,0,0,0
2018-12-03,64.45,64.01,64.45,63.36,2730000.0,0.005600000000000001
2018-12-04,64.04,64.4,65.2,63.96,2350000.0,-0.0064
2018-12-05,0,0,0,0,0,0
2018-12-06,66.21,64.25,66.23,63.65,3960000.0,0.0339
2018-12-07,65.93,65.74,66.42,65.4,3590000.0,-0.0042
2018-12-08,0,0,0,0,0,0
2018-12-09,0,0,0,0,0,0
2018-12-10,65.66,65.97,66.06,64.73,1920000.0,-0.0040999999999999995
2018-12-11,66.3,66.0,66.77,65.76,1650000.0,0.0097
2018-12-12,65.17,66.62,66.91,65.09,2260000.0,-0.017
2018-12-13,66.32,65.32,66.78,65.25,2690000.0,0.0176
2018-12-14,66.34,66.06,66.43,65.84,2350000.0,0.0003
2018-12-15,0,0,0,0,0,0
2018-12-16,0,0,0,0,0,0
2018-12-17,64.11,66.49,66.83,63.92,3360000.0,-0.0336
2018-12-18,65.06,64.68,65.49,64.47,2240000.0,0.0148
2018-12-19,64.62,65.1,65.55,64.33,2860000.0,-0.0068000000000000005
2018-12-20,64.19,64.65,65.05,63.6,2340000.0,-0.0067
2018-12-21,63.79,64.2,65.25,63.71,5570000.0,-0.0062
2018-12-22,0,0,0,0,0,0
2018-12-23,0,0,0,0,0,0
2018-12-24,60.27,63.61,63.7,59.93,2380000.0,-0.0552
2018-12-25,0,0,0,0,0,0
2018-12-26,62.91,60.48,62.93,60.1,2009999.9999999998,0.0438
2018-12-27,63.31,62.62,63.34,61.28,2089999.9999999998,0.0064
2018-12-28,63.35,63.43,64.05,62.77,1980000.0,0.0006
2018-12-29,0,0,0,0,0,0
2018-12-30,0,0,0,0,0,0
2018-12-31,63.04,63.16,63.27,62.01,1760000.0,-0.0049
2019-01-01,0,0,0,0,0,0
2019-01-02,61.93,62.61,62.66,61.59,2490000.0,-0.0176
2019-01-03,62.48,62.0,63.31,61.99,2660000.0,0.0089
2019-01-04,62.46,62.62,63.02,62.02,2490000.0,-0.0003
2019-01-05,0,0,0,0,0,0
2019-01-06,0,0,0,0,0,0
2019-01-07,62.28,62.47,63.0,62.16,2730000.0,-0.0029
2019-01-08,63.19,62.55,63.4,62.2,2790000.0,0.0146
2019-01-09,62.94,63.07,63.31,62.08,2320000.0,-0.004
2019-01-10,63.93,62.7,63.96,62.53,2110000.0,0.015700000000000002
2019-01-11,64.29,63.92,64.31,63.57,1390000.0,0.005600000000000001
2019-01-12,0,0,0,0,0,0
2019-01-13,0,0,0,0,0,0
2019-01-14,63.83,64.14,64.27,63.43,1530000.0,-0.0072
2019-01-15,64.77,64.01,64.84,63.77,1270000.0,0.0147
2019-01-16,64.65,64.67,64.98,64.2,1830000.0,-0.0019
2019-01-17,64.81,64.64,65.1,64.41,1320000.0,0.0025
2019-01-18,64.65,65.12,65.19,64.45,1690000.0,-0.0025
2019-01-19,0,0,0,0,0,0
2019-01-20,0,0,0,0,0,0
2019-01-21,0,0,0,0,0,0
2019-01-22,64.77,64.84,65.38,64.26,1950000.0,0.0019
2019-01-23,64.42,64.77,64.91,64.01,1750000.0,-0.0054
2019-01-24,64.26,64.39,64.48,63.8,1690000.0,-0.0025
2019-01-25,65.22,64.24,65.23,64.24,1900000.0,0.0149
2019-01-26,0,0,0,0,0,0
2019-01-27,0,0,0,0,0,0
2019-01-28,65.99,65.15,66.01,65.0,2049999.9999999998,0.0118
2019-01-29,66.68,66.02,66.72,66.01,2009999.9999999998,0.0105
2019-01-30,67.57,66.51,67.68,66.5,2029999.9999999998,0.013300000000000001
2019-01-31,68.69,67.25,68.91,66.71,6270000.0,0.0166
2019-02-01,67.83,68.78,69.02,66.98,2120000.0,-0.0125
2019-02-02,0,0,0,0,0,0
2019-02-03,0,0,0,0,0,0
2019-02-04,68.83,67.91,69.0,67.41,2880000.0,0.0147
2019-02-05,69.32,68.8,69.36,68.25,2320000.0,0.0070999999999999995
2019-02-06,69.18,69.33,69.33,68.72,1660000.0,-0.002
2019-02-07,70.1,69.08,70.19,68.8,2270000.0,0.013300000000000001
2019-02-08,70.08,69.77,70.31,69.69,1660000.0,-0.0003
2019-02-09,0,0,0,0,0,0
2019-02-10,0,0,0,0,0,0
2019-02-11,70.41,70.05,70.48,69.89,1420000.0,0.004699999999999999
2019-02-12,69.35,70.39,70.46,68.93,1920000.0,-0.0151
2019-02-13,69.58,69.16,69.69,68.75,1600000.0,0.0033
2019-02-14,69.78,69.64,69.95,69.34,1200000.0,0.0029
2019-02-15,70.09,70.06,70.16,69.68,1560000.0,0.0044
2019-02-16,0,0,0,0,0,0
2019-02-17,0,0,0,0,0,0
2019-02-18,0,0,0,0,0,0
2019-02-19,69.92,69.93,70.28,69.73,1860000.0,-0.0024
2019-02-20,68.81,69.79,69.9,68.16,1520000.0,-0.0159
2019-02-21,69.56,67.98,69.57,67.51,3380000.0,0.0109
2019-02-22,69.74,69.73,70.05,69.26,2120000.0,0.0026
2019-02-23,0,0,0,0,0,0
2019-02-24,0,0,0,0,0,0
2019-02-25,69.4,69.85,69.86,69.14,1500000.0,-0.0049
2019-02-26,69.17,69.59,69.68,68.86,1900000.0,-0.0033
2019-02-27,68.83,68.87,68.98,68.2,1660000.0,-0.0049
2019-02-28,69.16,68.62,69.62,68.31,2130000.0,0.0048
2019-03-01,69.14,69.11,69.2,68.18,1860000.0,-0.0003
2019-03-02,0,0,0,0,0,0
2019-03-03,0,0,0,0,0,0
2019-03-04,69.54,69.21,69.55,68.67,2020000.0,0.0058
2019-03-05,69.8,69.36,70.07,69.26,1550000.0,0.0037
2019-03-06,69.51,69.86,70.16,69.5,1410000.0,-0.0042
2019-03-07,69.46,69.74,70.18,69.33,2250000.0,-0.0007000000000000001
2019-03-08,69.75,69.55,70.0,69.28,1170000.0,0.0042
2019-03-09,0,0,0,0,0,0
2019-03-10,0,0,0,0,0,0
2019-03-11,70.73,69.92,70.77,69.86,1680000.0,0.0141
2019-03-12,71.36,70.88,71.44,70.76,1710000.0,0.0089
2019-03-13,71.3,71.44,71.91,71.15,2120000.0,-0.0008
2019-03-14,71.91,71.56,71.91,71.25,1760000.0,0.0086
2019-03-15,71.24,71.95,72.11,71.1,3560000.0,-0.009300000000000001
2019-03-16,0,0,0,0,0,0
2019-03-17,0,0,0,0,0,0
2019-03-18,71.01,71.33,71.59,70.51,2110000.0,-0.0032
2019-03-19,70.05,70.83,70.91,69.81,2049999.9999999998,-0.013500000000000002
2019-03-20,70.74,70.07,71.2,69.96,1580000.0,0.009899999999999999
2019-03-21,72.47,70.82,72.51,70.82,1800000.0,0.0245
2019-03-22,72.6,72.55,73.46,72.51,1690000.0,0.0018
2019-03-23,0,0,0,0,0,0
2019-03-24,0,0,0,0,0,0
2019-03-25,73.25,72.58,73.57,72.19,1310000.0,0.009000000000000001
2019-03-26,73.98,73.46,74.05,73.34,1810000.0,0.01
2019-03-27,73.45,74.05,74.14,73.1,1770000.0,-0.0072
2019-03-28,73.87,73.9,73.9,73.26,2350000.0,0.005699999999999999
2019-03-29,73.56,73.85,73.85,72.8,2580000.0,-0.0042
2019-03-30,0,0,0,0,0,0
2019-03-31,0,0,0,0,0,0
2019-04-01,72.73,73.51,73.52,72.03,2049999.9999999998,-0.0113
2019-04-02,72.55,72.55,72.64,71.71,2000000.0,-0.0025
2019-04-03,71.95,72.46,72.46,71.75,1870000.0,-0.0083
2019-04-04,71.79,72.02,72.07,71.35,1210000.0,-0.0022
2019-04-05,72.28,71.65,72.3,71.61,1120000.0,0.0068000000000000005
2019-04-06,0,0,0,0,0,0
2019-04-07,0,0,0,0,0,0
2019-04-08,72.0,72.2,72.43,71.72,1070000.0,-0.0039000000000000003
2019-04-09,71.19,72.0,72.08,71.08,1370000.0,-0.011200000000000002
2019-04-10,71.76,71.53,71.96,71.33,1370000.0,0.008
2019-04-11,71.4,71.95,72.29,71.24,1870000.0,-0.005
2019-04-12,71.31,71.35,71.35,70.72,1890000.0,-0.0013
2019-04-13,0,0,0,0,0,0
2019-04-14,0,0,0,0,0,0
2019-04-15,71.38,71.39,71.45,70.93,1720000.0,0.001
2019-04-16,69.34,71.4,71.44,69.02,1950000.0,-0.0286
2019-04-17,67.77,69.27,69.3,67.77,2250000.0,-0.0226
2019-04-18,68.53,67.96,68.72,67.96,1760000.0,0.011200000000000002
2019-04-19,0,0,0,0,0,0
2019-04-20,0,0,0,0,0,0
2019-04-21,0,0,0,0,0,0
2019-04-22,67.89,68.49,68.54,67.22,1520000.0,-0.009300000000000001
2019-04-23,69.06,68.3,69.15,68.05,1640000.0,0.0172
2019-04-24,69.92,69.31,70.29,69.12,1420000.0,0.0125
2019-04-25,70.08,69.71,70.37,69.34,904540.0,0.0023
2019-04-26,70.58,70.39,70.82,70.09,778950.0,0.0070999999999999995
2019-04-27,0,0,0,0,0,0
2019-04-28,0,0,0,0,0,0
2019-04-29,69.5,70.5,70.64,69.5,1050000.0,-0.015300000000000001
2019-04-30,70.01,69.5,70.3,69.0,1890000.0,0.0073
2019-05-01,70.0,69.95,70.86,69.83,1390000.0,-0.0001
2019-05-02,70.23,70.33,71.85,69.98,2220000.0,0.0033
2019-05-03,70.3,70.48,70.71,70.15,1160000.0,0.001
2019-05-04,0,0,0,0,0,0
2019-05-05,0,0,0,0,0,0
2019-05-06,69.96,70.12,70.7,69.86,1230000.0,-0.0048
2019-05-07,66.63,68.0,68.17,66.58,14730000.0,-0.047599999999999996
2019-05-08,66.82,66.86,67.8,66.7,3320000.0,0.0029
2019-05-09,67.36,66.8,67.54,66.21,3410000.0,0.008100000000000001
2019-05-10,68.24,67.35,68.27,67.19,2500000.0,0.0131
2019-05-11,0,0,0,0,0,0
2019-05-12,0,0,0,0,0,0
2019-05-13,68.5,67.97,68.73,67.74,3630000.0,0.0038
2019-05-14,69.01,68.57,69.08,68.42,2200000.0,0.0074
2019-05-15,69.27,69.02,69.49,68.7,2620000.0,0.0038
2019-05-16,69.31,69.25,69.74,69.07,1950000.0,0.0006
2019-05-17,69.27,69.09,69.31,68.68,1430000.0,-0.0006
2019-05-18,0,0,0,0,0,0
2019-05-19,0,0,0,0,0,0
2019-05-20,68.31,69.27,69.55,68.1,1790000.0,-0.0139
2019-05-21,69.05,68.45,69.23,68.32,1590000.0,0.0108
2019-05-22,69.72,69.29,69.73,68.82,1710000.0,0.0097
2019-05-23,70.58,69.69,70.6,69.43,2380000.0,0.0123
2019-05-24,70.53,70.57,71.0,70.41,1310000.0,-0.0007000000000000001
2019-05-25,0,0,0,0,0,0
2019-05-26,0,0,0,0,0,0
2019-05-27,0,0,0,0,0,0
2019-05-28,69.74,70.77,71.22,69.73,2170000.0,-0.011200000000000002
2019-05-29,68.8,69.7,69.78,68.61,1620000.0,-0.013500000000000002
2019-05-30,69.22,69.0,69.9,68.74,1070000.0,0.0060999999999999995
2019-05-31,70.08,69.02,70.44,68.93,1670000.0,0.0124
2019-06-01,0,0,0,0,0,0
2019-06-02,0,0,0,0,0,0
2019-06-03,71.32,70.33,71.44,70.24,1930000.0,0.0177
2019-06-04,70.4,71.02,71.03,69.74,2730000.0,-0.0129
2019-06-05,72.48,70.88,72.49,70.73,1650000.0,0.029500000000000002
2019-06-06,72.61,72.6,72.82,72.16,1150000.0,0.0018
2019-06-07,72.65,72.99,73.48,72.54,1120000.0,0.0006
2019-06-08,0,0,0,0,0,0
2019-06-09,0,0,0,0,0,0
2019-06-10,71.77,72.61,72.66,71.37,1390000.0,-0.0121
2019-06-11,72.23,71.75,72.41,71.7,1200000.0,0.0064
2019-06-12,73.07,72.53,73.2,72.35,1350000.0,0.0116
2019-06-13,72.7,73.1,73.3,72.27,1480000.0,-0.0051
2019-06-14,73.27,72.73,73.67,72.73,1420000.0,0.0078000000000000005
2019-06-15,0,0,0,0,0,0
2019-06-16,0,0,0,0,0,0
2019-06-17,73.28,73.49,73.97,73.0,1390000.0,0.0001
2019-06-18,72.6,73.72,73.9,72.19,2000000.0,-0.009300000000000001
2019-06-19,73.22,72.33,73.48,72.06,2040000.0,0.0085
2019-06-20,73.29,73.47,73.76,73.09,1980000.0,0.001
2019-06-21,72.25,73.06,73.09,72.08,5510000.0,-0.014199999999999999
2019-06-22,0,0,0,0,0,0
2019-06-23,0,0,0,0,0,0
2019-06-24,71.78,72.59,72.85,71.62,1740000.0,-0.006500000000000001
2019-06-25,70.41,71.89,72.18,70.39,1810000.0,-0.0191
2019-06-26,68.5,70.42,70.42,68.3,2210000.0,-0.0271
2019-06-27,69.42,68.9,69.49,68.83,1320000.0,0.0134
2019-06-28,68.97,69.34,69.58,68.64,3010000.0,-0.006500000000000001
2019-06-29,0,0,0,0,0,0
2019-06-30,0,0,0,0,0,0
2019-07-01,68.03,69.13,69.17,67.7,2140000.0,-0.013600000000000001
2019-07-02,69.1,68.35,69.36,68.22,2200000.0,0.015700000000000002
2019-07-03,70.66,69.32,70.68,69.32,907610.0,0.0226
2019-07-04,0,0,0,0,0,0
2019-07-05,69.99,69.97,70.26,68.79,946860.0,-0.0095
2019-07-06,0,0,0,0,0,0
2019-07-07,0,0,0,0,0,0
2019-07-08,70.11,70.0,70.44,69.72,1280000.0,0.0017000000000000001
2019-07-09,70.71,70.11,70.89,69.85,2049999.9999999998,0.0086
2019-07-10,71.24,71.09,71.36,70.48,1220000.0,0.0075
2019-07-11,70.66,71.41,71.44,70.17,1410000.0,-0.008100000000000001
2019-07-12,70.73,70.58,70.96,70.2,1770000.0,0.001
2019-07-13,0,0,0,0,0,0
2019-07-14,0,0,0,0,0,0
2019-07-15,70.39,70.82,71.24,70.23,1060000.0,-0.0048
2019-07-16,69.86,70.01,70.13,69.22,1750000.0,-0.0075
2019-07-17,69.92,70.14,70.5,69.47,1070000.0,0.0009
2019-07-18,70.1,69.73,70.34,69.26,1050000.0,0.0026
2019-07-19,68.74,70.14,70.23,68.7,1350000.0,-0.0194
2019-07-20,0,0,0,0,0,0
2019-07-21,0,0,0,0,0,0
2019-07-22,68.5,68.82,69.04,68.17,1240000.0,-0.0034999999999999996
2019-07-23,69.6,68.56,69.62,68.33,1110000.0,0.0161
2019-07-24,69.3,69.7,69.82,69.14,1030000.0,-0.0043
2019-07-25,68.88,69.31,69.4,68.3,1610000.0,-0.0060999999999999995
2019-07-26,69.54,68.98,69.57,68.75,1190000.0,0.0096
2019-07-27,0,0,0,0,0,0
2019-07-28,0,0,0,0,0,0
2019-07-29,70.18,69.78,70.44,69.56,2190000.0,0.0092
2019-07-30,70.02,70.18,70.89,69.47,1370000.0,-0.0023
2019-07-31,69.21,69.76,70.08,68.99,2750000.0,-0.0116
2019-08-01,69.67,69.26,69.96,68.8,1600000.0,0.0066
2019-08-02,70.05,69.6,70.55,69.29,1700000.0,0.0055000000000000005
2019-08-03,0,0,0,0,0,0
2019-08-04,0,0,0,0,0,0
2019-08-05,68.96,70.13,70.69,68.27,2040000.0,-0.015600000000000001
2019-08-06,69.87,68.39,70.27,68.39,1730000.0,0.0132
2019-08-07,71.32,69.82,71.93,69.73,2440000.0,0.0208
2019-08-08,71.99,71.21,72.19,70.51,1780000.0,0.009399999999999999
2019-08-09,72.68,71.92,72.75,71.63,1370000.0,0.0096
2019-08-10,0,0,0,0,0,0
2019-08-11,0,0,0,0,0,0
2019-08-12,72.74,72.62,73.12,72.22,1440000.0,0.0008
2019-08-13,72.28,72.81,73.04,71.79,1150000.0,-0.0063
2019-08-14,71.77,72.32,72.46,71.52,1390000.0,-0.0070999999999999995
2019-08-15,72.21,71.84,72.57,71.62,1050000.0,0.0060999999999999995
2019-08-16,72.81,72.4,73.04,72.21,1310000.0,0.0083
2019-08-17,0,0,0,0,0,0
2019-08-18,0,0,0,0,0,0
2019-08-19,73.39,72.82,73.49,72.42,849580.0,0.008
2019-08-20,72.52,73.62,73.73,72.48,926570.0,-0.011899999999999999
2019-08-21,72.65,72.76,72.84,72.1,741240.0,0.0018
2019-08-22,73.07,72.5,73.27,72.36,882550.0,0.0058
2019-08-23,72.5,73.01,73.83,72.27,1260000.0,-0.0078000000000000005
2019-08-24,0,0,0,0,0,0
2019-08-25,0,0,0,0,0,0
2019-08-26,73.18,72.92,73.29,72.48,1180000.0,0.009399999999999999
2019-08-27,73.13,73.55,74.17,73.13,2310000.0,-0.0007000000000000001
2019-08-28,73.39,73.24,73.57,73.03,1130000.0,0.0036
2019-08-29,73.93,73.63,74.01,73.25,941940.0,0.0074
2019-08-30,73.81,73.87,74.04,73.5,837230.0,-0.0016
2019-08-31,0,0,0,0,0,0
2019-09-01,0,0,0,0,0,0
2019-09-02,0,0,0,0,0,0
2019-09-03,75.46,73.75,75.49,73.72,1670000.0,0.022400000000000003
2019-09-04,76.49,75.85,76.73,75.69,2060000.0,0.013600000000000001
2019-09-05,75.0,75.81,75.95,74.88,2270000.0,-0.0195
2019-09-06,75.95,75.16,76.14,75.08,1680000.0,0.0127
2019-09-07,0,0,0,0,0,0
2019-09-08,0,0,0,0,0,0
2019-09-09,75.25,75.72,75.9,75.09,1390000.0,-0.0092
2019-09-10,73.7,74.77,75.04,73.11,2049999.9999999998,-0.0206
2019-09-11,73.62,73.45,74.15,72.95,2170000.0,-0.0011
2019-09-12,74.49,74.36,74.92,73.9,1590000.0,0.0118
2019-09-13,72.63,73.98,74.75,72.39,1910000.0,-0.025
2019-09-14,0,0,0,0,0,0
2019-09-15,0,0,0,0,0,0
2019-09-16,73.97,72.74,74.0,72.74,1340000.0,0.0184
2019-09-17,75.77,74.4,75.79,74.38,1820000.0,0.024300000000000002
2019-09-18,75.37,76.07,76.17,74.78,1310000.0,-0.0053
2019-09-19,75.62,75.6,76.02,75.45,1300000.0,0.0033
2019-09-20,75.89,75.85,76.24,75.41,3420000.0,0.0036
2019-09-21,0,0,0,0,0,0
2019-09-22,0,0,0,0,0,0
2019-09-23,76.04,75.9,76.52,75.9,1300000.0,0.002
2019-09-24,76.1,76.18,76.48,75.37,2320000.0,0.0008
2019-09-25,76.13,76.12,76.69,75.72,1650000.0,0.0004
2019-09-26,77.28,76.4,77.47,76.25,1230000.0,0.0151
2019-09-27,77.13,77.3,77.51,76.5,1150000.0,-0.0019
2019-09-28,0,0,0,0,0,0
2019-09-29,0,0,0,0,0,0
2019-09-30,76.68,76.76,77.17,76.47,1450000.0,-0.0058
2019-10-01,76.84,76.63,77.04,75.69,1220000.0,0.0021
2019-10-02,76.73,76.76,77.15,76.2,2400000.0,-0.0014000000000000002
2019-10-03,77.81,76.68,78.01,76.58,1940000.0,0.0141
2019-10-04,78.41,77.84,78.46,77.67,1500000.0,0.0077
2019-10-05,0,0,0,0,0,0
2019-10-06,0,0,0,0,0,0
2019-10-07,77.82,77.98,78.31,77.69,1210000.0,-0.0075
2019-10-08,77.92,78.13,78.43,77.4,1140000.0,0.0013
2019-10-09,78.29,78.35,78.71,77.93,1060000.0,0.004699999999999999
2019-10-10,78.73,78.59,78.97,78.07,1650000.0,0.005600000000000001
2019-10-11,77.89,78.53,78.58,77.84,1300000.0,-0.010700000000000001
2019-10-12,0,0,0,0,0,0
2019-10-13,0,0,0,0,0,0
2019-10-14,77.97,78.0,78.08,77.6,1360000.0,0.001
2019-10-15,78.08,78.05,78.15,77.27,1180000.0,0.0014000000000000002
2019-10-16,78.6,78.0,78.62,77.5,1070000.0,0.0067
2019-10-17,78.59,78.52,79.05,78.52,1220000.0,-0.0001
2019-10-18,79.47,78.61,79.57,78.45,1220000.0,0.011200000000000002
2019-10-19,0,0,0,0,0,0
2019-10-20,0,0,0,0,0,0
2019-10-21,79.95,79.35,79.97,79.18,985880.0,0.006
2019-10-22,79.72,80.0,80.47,79.38,1040000.0,-0.0029
2019-10-23,80.3,80.0,80.34,79.57,1030000.0,0.0073
2019-10-24,80.85,80.3,80.9,79.91,2360000.0,0.0068000000000000005
2019-10-25,80.88,80.85,81.14,80.3,1830000.0,0.0004
2019-10-26,0,0,0,0,0,0
2019-10-27,0,0,0,0,0,0
2019-10-28,80.88,80.57,80.95,80.19,2310000.0,0.0
2019-10-29,80.85,80.96,81.71,80.7,1510000.0,-0.0004
2019-10-30,81.94,81.15,81.97,80.93,1180000.0,0.013500000000000002
2019-10-31,81.79,81.83,82.17,81.23,3170000.0,-0.0018
2019-11-01,81.08,81.7,81.96,80.2,2100000.0,-0.0087
2019-11-02,0,0,0,0,0,0
2019-11-03,0,0,0,0,0,0
2019-11-04,80.16,80.89,81.05,79.36,3110000.0,-0.0113
2019-11-05,78.23,79.5,79.54,77.2,3300000.0,-0.0241
2019-11-06,78.8,78.48,79.18,78.2,1870000.0,0.0073
2019-11-07,77.57,78.51,78.64,76.86,2410000.0,-0.015600000000000001
2019-11-08,76.32,77.49,77.59,76.21,1960000.0,-0.0161
2019-11-09,0,0,0,0,0,0
2019-11-10,0,0,0,0,0,0
2019-11-11,76.56,76.45,76.93,76.4,1720000.0,0.0031
2019-11-12,75.76,76.67,77.07,75.63,2069999.9999999998,-0.0104
2019-11-13,76.82,75.91,77.27,75.76,2290000.0,0.013999999999999999
2019-11-14,77.24,77.17,77.53,76.91,1370000.0,0.0055000000000000005
2019-11-15,77.46,77.34,77.55,77.09,1840000.0,0.0028000000000000004
2019-11-16,0,0,0,0,0,0
2019-11-17,0,0,0,0,0,0
2019-11-18,78.27,77.49,79.15,77.48,1750000.0,0.0105
2019-11-19,77.79,78.13,78.41,77.69,1650000.0,-0.0060999999999999995
2019-11-20,77.99,77.79,78.37,77.29,1290000.0,0.0026
2019-11-21,76.5,77.65,77.7,76.46,1740000.0,-0.0191
2019-11-22,76.22,76.58,76.89,75.7,1270000.0,-0.0037
2019-11-23,0,0,0,0,0,0
2019-11-24,0,0,0,0,0,0
2019-11-25,76.3,76.44,77.03,76.26,1510000.0,0.001
2019-11-26,76.73,76.55,77.0,76.33,2910000.0,0.005600000000000001
2019-11-27,77.69,76.75,77.69,76.4,2540000.0,0.0125
2019-11-28,0,0,0,0,0,0
2019-11-29,76.63,77.46,77.88,76.6,1300000.0,-0.013600000000000001
2019-11-30,0,0,0,0,0,0
2019-12-01,0,0,0,0,0,0
2019-12-02,75.49,76.4,76.59,75.27,1870000.0,-0.0149
2019-12-03,75.4,75.71,76.13,75.09,2190000.0,-0.0012
2019-12-04,75.94,75.06,76.17,75.02,1620000.0,0.0072
2019-12-05,75.68,75.6,75.8,75.22,1390000.0,-0.0034000000000000002
2019-12-06,75.94,75.63,76.34,75.63,1340000.0,0.0034000000000000002
2019-12-07,0,0,0,0,0,0
2019-12-08,0,0,0,0,0,0
2019-12-09,75.75,76.16,76.16,75.58,1140000.0,-0.0025
2019-12-10,75.61,75.76,76.08,74.93,1220000.0,-0.0018
2019-12-11,74.58,75.89,75.95,74.26,1670000.0,-0.013600000000000001
2019-12-12,73.14,74.92,75.11,72.96,3850000.0,-0.019299999999999998
2019-12-13,72.5,73.37,73.9,72.13,4380000.0,-0.0088
2019-12-14,0,0,0,0,0,0
2019-12-15,0,0,0,0,0,0
2019-12-16,73.04,72.81,73.2,71.91,3270000.0,0.0074
2019-12-17,71.73,73.26,73.5,71.44,2520000.0,-0.0179
2019-12-18,72.07,71.69,72.56,71.63,1840000.0,0.004699999999999999
2019-12-19,72.35,72.09,72.78,72.06,1690000.0,0.0039000000000000003
2019-12-20,72.5,72.56,72.93,72.11,4660000.0,0.0021
2019-12-21,0,0,0,0,0,0
2019-12-22,0,0,0,0,0,0
2019-12-23,71.95,72.68,72.94,71.84,1190000.0,-0.0076
2019-12-24,72.36,72.04,72.59,71.8,621720.0,0.005699999999999999
2019-12-25,0,0,0,0,0,0
2019-12-26,72.84,72.47,72.85,72.37,1050000.0,0.0066
2019-12-27,73.25,73.0,73.39,72.57,1090000.0,0.005600000000000001
2019-12-28,0,0,0,0,0,0
2019-12-29,0,0,0,0,0,0
2019-12-30,73.25,72.98,73.55,72.97,1500000.0,0.0
2019-12-31,73.63,72.97,73.65,72.87,1390000.0,0.0052
2020-01-01,0,0,0,0,0,0
2020-01-02,72.48,73.85,74.0,71.93,2000000.0,-0.015600000000000001
2020-01-03,73.79,72.19,73.9,72.11,1770000.0,0.0181
2020-01-04,0,0,0,0,0,0
2020-01-05,0,0,0,0,0,0
2020-01-06,74.16,73.65,74.46,73.32,1280000.0,0.005
2020-01-07,74.18,74.7,74.7,73.34,1560000.0,0.0003
2020-01-08,74.52,74.28,74.64,73.92,1850000.0,0.0046
2020-01-09,73.25,74.42,74.54,73.18,2000000.0,-0.017
2020-01-10,73.74,73.28,73.98,73.16,2430000.0,0.0067
2020-01-11,0,0,0,0,0,0
2020-01-12,0,0,0,0,0,0
2020-01-13,74.96,73.91,75.03,73.81,1610000.0,0.0165
2020-01-14,74.96,74.75,74.99,74.2,1520000.0,0.0
2020-01-15,75.98,75.67,76.34,75.55,1960000.0,0.013600000000000001
2020-01-16,76.15,76.0,76.53,75.72,1460000.0,0.0022
2020-01-17,76.35,76.15,76.75,75.9,1760000.0,0.0026
2020-01-18,0,0,0,0,0,0
2020-01-19,0,0,0,0,0,0
2020-01-20,0,0,0,0,0,0
2020-01-21,77.72,76.36,77.96,76.35,1840000.0,0.0179
2020-01-22,76.89,77.89,78.17,76.59,1230000.0,-0.010700000000000001
2020-01-23,77.24,77.1,77.59,76.67,1110000.0,0.0046
2020-01-24,77.13,77.27,77.83,76.95,1000000.0,-0.0014000000000000002
2020-01-25,0,0,0,0,0,0
2020-01-26,0,0,0,0,0,0
2020-01-27,77.4,76.9,77.91,76.75,1790000.0,0.0034999999999999996
2020-01-28,78.13,77.94,78.65,77.86,3250000.0,0.009399999999999999
2020-01-29,78.14,78.2,78.66,77.93,2510000.0,0.0001
2020-01-30,78.98,78.03,79.01,77.77,2670000.0,0.010700000000000001
2020-01-31,78.41,78.86,79.14,77.74,6700000.0,-0.0072
2020-02-01,0,0,0,0,0,0
2020-02-02,0,0,0,0,0,0
2020-02-03,78.2,78.45,78.97,78.04,2080000.0,-0.0027
2020-02-04,78.32,78.08,78.94,78.0,1250000.0,0.0015
2020-02-05,78.5,77.88,78.75,77.4,1790000.0,0.0023
2020-02-06,79.15,78.62,79.39,78.59,1020000.0,0.0083
2020-02-07,79.51,79.44,79.8,79.19,1170000.0,0.0045000000000000005
2020-02-08,0,0,0,0,0,0
2020-02-09,0,0,0,0,0,0
2020-02-10,80.08,80.0,80.15,79.64,1360000.0,0.0072
2020-02-11,78.68,80.01,80.35,78.5,1680000.0,-0.0175
2020-02-12,78.29,78.41,78.88,78.0,1940000.0,-0.005
2020-02-13,78.79,78.43,79.28,78.43,1340000.0,0.0064
2020-02-14,80.25,78.89,80.25,78.81,1640000.0,0.018500000000000003
2020-02-15,0,0,0,0,0,0
2020-02-16,0,0,0,0,0,0
2020-02-17,0,0,0,0,0,0
2020-02-18,80.4,80.5,80.55,79.78,1310000.0,0.0019
2020-02-19,79.67,80.35,80.37,79.41,1250000.0,-0.0091
2020-02-20,81.91,84.29,84.92,80.38,3250000.0,0.0281
2020-02-21,82.44,81.83,82.5,81.53,2220000.0,0.006500000000000001
2020-02-22,0,0,0,0,0,0
2020-02-23,0,0,0,0,0,0
2020-02-24,82.17,82.12,83.4,82.0,2870000.0,-0.0033
2020-02-25,80.92,82.27,82.28,80.47,3900000.0,-0.0152
2020-02-26,79.76,81.02,81.73,79.44,5290000.0,-0.0143
2020-02-27,72.89,74.3,75.78,72.89,11870000.0,-0.0861
2020-02-28,72.39,71.46,72.59,69.38,7020000.0,-0.0069
2020-02-29,0,0,0,0,0,0
2020-03-01,0,0,0,0,0,0
2020-03-02,74.99,72.99,75.06,71.66,4510000.0,0.0359
2020-03-03,74.6,75.1,76.57,73.96,3510000.0,-0.0052
2020-03-04,78.15,76.06,78.33,75.77,3610000.0,0.047599999999999996
2020-03-05,77.63,77.05,78.0,76.45,2290000.0,-0.0067
2020-03-06,76.65,76.01,76.9,74.2,2860000.0,-0.0126
2020-03-07,0,0,0,0,0,0
2020-03-08,0,0,0,0,0,0
2020-03-09,73.32,71.31,74.95,71.0,3870000.0,-0.0434
2020-03-10,76.59,74.79,76.68,72.7,3730000.0,0.0446
2020-03-11,73.56,75.1,75.31,72.26,3660000.0,-0.039599999999999996
2020-03-12,67.74,68.53,73.62,66.06,4920000.0,-0.0791
2020-03-13,71.92,69.83,72.11,67.75,5210000.0,0.0617
2020-03-14,0,0,0,0,0,0
2020-03-15,0,0,0,0,0,0
2020-03-16,53.99,63.8,66.5,53.94,6160000.0,-0.2493
2020-03-17,55.12,56.0,56.13,51.8,6050000.0,0.0209
2020-03-18,42.5,51.88,52.43,40.01,6410000.0,-0.22899999999999998
2020-03-19,48.08,42.51,49.14,38.02,5640000.0,0.1313
2020-03-20,47.42,50.07,52.56,46.89,4920000.0,-0.0137
2020-03-21,0,0,0,0,0,0
2020-03-22,0,0,0,0,0,0
2020-03-23,43.34,46.18,46.18,40.39,5350000.0,-0.086
2020-03-24,50.67,46.02,50.85,45.19,4570000.0,0.1691
2020-03-25,54.5,52.5,59.38,50.5,5400000.0,0.0756
2020-03-26,58.36,56.51,58.62,54.24,4480000.0,0.0708
2020-03-27,56.9,55.81,60.13,55.17,7890000.0,-0.025
2020-03-28,0,0,0,0,0,0
2020-03-29,0,0,0,0,0,0
2020-03-30,53.13,57.03,57.62,51.25,6060000.0,-0.0663
2020-03-31,49.86,52.43,52.79,48.87,6160000.0,-0.061500000000000006
2020-04-01,46.47,47.12,47.72,45.03,4590000.0,-0.068
2020-04-02,45.62,45.25,47.11,44.38,4210000.0,-0.0183
2020-04-03,43.6,45.33,46.39,43.41,3800000.0,-0.0443
2020-04-04,0,0,0,0,0,0
2020-04-05,0,0,0,0,0,0
2020-04-06,46.81,47.02,48.71,46.0,4530000.0,0.0736
2020-04-07,49.33,49.72,52.08,49.3,5450000.0,0.0538
2020-04-08,53.13,50.44,53.87,49.44,4200000.0,0.077
2020-04-09,56.68,55.87,60.73,55.54,4980000.0,0.0668
2020-04-10,0,0,0,0,0,0
2020-04-11,0,0,0,0,0,0
2020-04-12,0,0,0,0,0,0
2020-04-13,53.54,56.6,56.69,52.8,4370000.0,-0.0554
2020-04-14,56.31,54.89,56.4,54.04,2840000.0,0.051699999999999996
2020-04-15,51.5,53.6,54.61,50.87,3540000.0,-0.08539999999999999
2020-04-16,49.81,52.0,52.31,49.63,2960000.0,-0.032799999999999996
2020-04-17,52.37,52.27,53.45,50.82,3850000.0,0.051399999999999994
2020-04-18,0,0,0,0,0,0
2020-04-19,0,0,0,0,0,0
2020-04-20,50.87,50.97,52.03,50.38,2310000.0,-0.0286
2020-04-21,49.85,48.92,50.54,48.67,2390000.0,-0.020099999999999996
2020-04-22,50.18,51.06,51.3,49.69,2009999.9999999998,0.0066
2020-04-23,49.32,50.5,50.91,49.12,2049999.9999999998,-0.0171
2020-04-24,49.92,49.6,50.45,49.1,2510000.0,0.012199999999999999
2020-04-25,0,0,0,0,0,0
2020-04-26,0,0,0,0,0,0
2020-04-27,51.31,50.26,52.05,49.97,2520000.0,0.0278
2020-04-28,53.19,53.65,54.5,52.72,2700000.0,0.0366
2020-04-29,55.27,54.88,56.64,54.79,3580000.0,0.0391
2020-04-30,54.92,54.01,55.36,53.2,4560000.0,-0.0063
2020-05-01,51.79,52.85,53.04,51.4,2830000.0,-0.057
2020-05-02,0,0,0,0,0,0
2020-05-03,0,0,0,0,0,0
2020-05-04,50.61,51.02,51.52,50.09,3280000.0,-0.022799999999999997
2020-05-05,52.05,52.11,53.91,51.99,3410000.0,0.0285
2020-05-06,52.48,52.22,53.39,51.95,3010000.0,0.0083
2020-05-07,54.41,53.3,54.47,52.77,2890000.0,0.0368
2020-05-08,54.86,55.31,56.09,54.09,2470000.0,0.0083
2020-05-09,0,0,0,0,0,0
2020-05-10,0,0,0,0,0,0
2020-05-11,54.02,53.99,54.95,52.95,2390000.0,-0.015300000000000001
2020-05-12,51.67,54.47,54.73,51.29,3370000.0,-0.0435
2020-05-13,50.22,51.22,51.64,49.86,3040000.0,-0.0281
2020-05-14,50.38,49.13,50.42,47.7,3220000.0,0.0032
2020-05-15,49.99,49.91,50.08,48.59,4840000.0,-0.0077
2020-05-16,0,0,0,0,0,0
2020-05-17,0,0,0,0,0,0
2020-05-18,53.07,52.58,53.7,52.29,3420000.0,0.0616
2020-05-19,52.59,52.99,53.69,52.03,2350000.0,-0.009000000000000001
2020-05-20,51.44,52.88,52.88,50.85,3200000.0,-0.0219
2020-05-21,51.75,51.25,52.32,50.96,2370000.0,0.006
2020-05-22,52.15,51.82,52.33,51.46,1840000.0,0.0077
2020-05-23,0,0,0,0,0,0
2020-05-24,0,0,0,0,0,0
2020-05-25,0,0,0,0,0,0
2020-05-26,55.49,54.75,55.72,54.16,2850000.0,0.064
2020-05-27,55.39,57.08,57.49,54.24,4160000.0,-0.0018
2020-05-28,55.7,56.06,56.12,54.49,4590000.0,0.005600000000000001
2020-05-29,55.31,55.07,56.7,54.67,10420000.0,-0.006999999999999999
2020-05-30,0,0,0,0,0,0
2020-05-31,0,0,0,0,0,0
2020-06-01,56.57,55.5,56.99,55.2,2500000.0,0.022799999999999997
2020-06-02,57.2,57.42,57.81,56.8,3080000.0,0.0111
2020-06-03,60.16,58.27,60.59,58.27,2650000.0,0.051699999999999996
2020-06-04,60.11,60.0,60.62,58.86,2330000.0,-0.0008
2020-06-05,62.21,62.72,64.2,61.06,4940000.0,0.0349
2020-06-06,0,0,0,0,0,0
2020-06-07,0,0,0,0,0,0
2020-06-08,64.17,64.39,64.39,63.4,3250000.0,0.0315
2020-06-09,62.85,62.19,63.05,61.6,2470000.0,-0.0206
2020-06-10,62.13,62.88,63.05,60.96,3130000.0,-0.0115
2020-06-11,57.88,57.6,60.49,57.6,4080000.0,-0.0684
2020-06-12,60.43,60.73,61.18,58.52,2370000.0,0.0441
2020-06-13,0,0,0,0,0,0
2020-06-14,0,0,0,0,0,0
2020-06-15,62.57,58.6,62.93,58.5,3350000.0,0.0354
2020-06-16,63.16,64.98,65.56,62.67,3770000.0,0.009399999999999999
2020-06-17,63.06,63.77,63.92,62.99,3140000.0,-0.0016
2020-06-18,63.39,62.15,64.32,62.06,3320000.0,0.0052
2020-06-19,61.53,63.81,64.2,60.89,14650000.0,-0.029300000000000003
2020-06-20,0,0,0,0,0,0
2020-06-21,0,0,0,0,0,0
2020-06-22,61.44,61.15,62.16,60.5,3050000.0,-0.0015
2020-06-23,61.27,62.01,62.08,60.53,2510000.0,-0.0028000000000000004
2020-06-24,59.46,60.43,60.6,57.5,3170000.0,-0.029500000000000002
2020-06-25,59.57,59.1,60.5,58.71,2710000.0,0.0018
2020-06-26,58.41,59.9,60.14,58.33,2640000.0,-0.0195
2020-06-27,0,0,0,0,0,0
2020-06-28,0,0,0,0,0,0
2020-06-29,59.78,59.01,59.78,57.72,2500000.0,0.0235
2020-06-30,59.5,60.15,60.24,58.94,2640000.0,-0.004699999999999999
2020-07-01,61.09,59.57,61.37,59.57,1480000.0,0.026699999999999998
2020-07-02,61.1,62.24,62.56,60.5,1810000.0,0.0002
2020-07-03,0,0,0,0,0,0
2020-07-04,0,0,0,0,0,0
2020-07-05,0,0,0,0,0,0
2020-07-06,60.26,62.34,62.34,60.17,1650000.0,-0.0137
2020-07-07,58.57,59.33,59.68,58.52,1770000.0,-0.027999999999999997
2020-07-08,58.53,58.72,58.85,57.85,1980000.0,-0.0007000000000000001
2020-07-09,57.12,58.36,58.39,56.33,2280000.0,-0.0241
2020-07-10,56.99,57.13,58.11,56.58,1780000.0,-0.0023
2020-07-11,0,0,0,0,0,0
2020-07-12,0,0,0,0,0,0
2020-07-13,56.83,57.39,57.59,56.33,2020000.0,-0.0028000000000000004
2020-07-14,57.55,57.0,57.79,56.55,1540000.0,0.0127
2020-07-15,58.63,58.92,58.96,57.65,1940000.0,0.018799999999999997
2020-07-16,57.66,58.24,58.44,57.47,1640000.0,-0.0165
2020-07-17,58.59,58.0,58.99,57.55,1310000.0,0.0161
2020-07-18,0,0,0,0,0,0
2020-07-19,0,0,0,0,0,0
2020-07-20,57.38,58.49,58.63,57.21,1420000.0,-0.0207
2020-07-21,57.19,57.68,58.08,57.01,2200000.0,-0.0033
2020-07-22,58.5,56.86,58.82,56.76,1910000.0,0.0229
2020-07-23,57.35,58.31,58.63,56.64,1720000.0,-0.0197
2020-07-24,57.42,57.32,57.9,57.0,1420000.0,0.0012
2020-07-25,0,0,0,0,0,0
2020-07-26,0,0,0,0,0,0
2020-07-27,58.64,57.38,58.73,56.73,1950000.0,0.0212
2020-07-28,59.85,58.33,60.17,57.99,1990000.0,0.0206
2020-07-29,60.62,60.23,60.62,59.29,1690000.0,0.0129
2020-07-30,60.55,59.52,60.71,59.1,1530000.0,-0.0012
2020-07-31,60.05,59.61,60.16,58.97,3430000.0,-0.0083
2020-08-01,0,0,0,0,0,0
2020-08-02,0,0,0,0,0,0
2020-08-03,59.41,59.69,59.69,58.93,1820000.0,-0.010700000000000001
2020-08-04,61.86,60.95,62.59,60.93,3410000.0,0.0412
2020-08-05,62.35,62.45,62.5,61.32,2470000.0,0.0079
2020-08-06,62.14,62.0,62.78,61.52,1940000.0,-0.0034000000000000002
2020-08-07,62.72,61.85,62.85,61.75,1610000.0,0.009300000000000001
2020-08-08,0,0,0,0,0,0
2020-08-09,0,0,0,0,0,0
2020-08-10,62.46,62.8,63.25,62.44,1640000.0,-0.0040999999999999995
2020-08-11,62.68,63.29,63.88,62.61,2630000.0,0.0034999999999999996
2020-08-12,63.0,63.4,63.4,62.44,1360000.0,0.0051
2020-08-13,61.43,62.52,63.18,61.3,1490000.0,-0.024900000000000002
2020-08-14,61.01,61.3,61.87,60.79,1460000.0,-0.0068000000000000005
2020-08-15,0,0,0,0,0,0
2020-08-16,0,0,0,0,0,0
2020-08-17,61.98,61.08,62.1,60.76,1520000.0,0.0159
2020-08-18,61.58,61.76,62.09,61.03,1370000.0,-0.006500000000000001
2020-08-19,60.05,61.57,61.62,59.91,2000000.0,-0.0248
2020-08-20,61.01,59.95,61.58,59.92,1470000.0,0.016
2020-08-21,61.12,61.19,61.45,60.36,1840000.0,0.0018
2020-08-22,0,0,0,0,0,0
2020-08-23,0,0,0,0,0,0
2020-08-24,62.44,61.04,62.44,60.5,1800000.0,0.0216
2020-08-25,62.57,62.64,62.93,61.85,2020000.0,0.0021
2020-08-26,61.68,62.3,62.36,61.26,1580000.0,-0.014199999999999999
2020-08-27,62.5,61.63,62.68,61.63,1680000.0,0.013300000000000001
2020-08-28,63.44,62.65,63.54,61.92,2049999.9999999998,0.015
2020-08-29,0,0,0,0,0,0
2020-08-30,0,0,0,0,0,0
2020-08-31,62.03,63.02,63.02,61.8,2870000.0,-0.0222
2020-09-01,62.45,61.36,62.8,61.17,2280000.0,0.0068000000000000005
2020-09-02,63.54,62.23,63.64,61.88,2990000.0,0.0175
2020-09-03,64.24,64.0,64.9,63.38,2900000.0,0.011000000000000001
2020-09-04,64.37,64.42,65.29,63.24,2320000.0,0.002
2020-09-05,0,0,0,0,0,0
2020-09-06,0,0,0,0,0,0
2020-09-07,0,0,0,0,0,0
2020-09-08,64.0,64.36,64.73,63.41,2000000.0,-0.005699999999999999
2020-09-09,64.63,64.69,65.65,64.22,1960000.0,0.0098
2020-09-10,63.76,64.41,64.96,63.73,1480000.0,-0.013500000000000002
2020-09-11,63.36,63.91,63.92,62.51,2000000.0,-0.0063
2020-09-12,0,0,0,0,0,0
2020-09-13,0,0,0,0,0,0
2020-09-14,65.5,64.0,65.58,63.72,1930000.0,0.0338
2020-09-15,65.81,65.75,66.79,65.51,2420000.0,0.004699999999999999
2020-09-16,65.41,66.04,66.56,65.36,2080000.0,-0.0060999999999999995
2020-09-17,64.07,64.73,65.33,63.7,2830000.0,-0.020499999999999997
2020-09-18,62.35,63.09,63.9,62.27,3940000.0,-0.0268
2020-09-19,0,0,0,0,0,0
2020-09-20,0,0,0,0,0,0
2020-09-21,60.09,61.55,61.65,59.55,3220000.0,-0.0362
2020-09-22,60.63,60.41,61.64,60.35,2009999.9999999998,0.009000000000000001
2020-09-23,59.03,60.64,60.79,58.94,2350000.0,-0.0264
2020-09-24,58.71,58.98,59.38,58.36,2830000.0,-0.0054
2020-09-25,59.93,58.72,60.04,58.51,2300000.0,0.0208
2020-09-26,0,0,0,0,0,0
2020-09-27,0,0,0,0,0,0
2020-09-28,61.67,61.38,62.01,60.88,2260000.0,0.028999999999999998
2020-09-29,61.1,61.42,61.73,60.39,1780000.0,-0.0092
2020-09-30,60.75,61.35,61.95,60.02,3000000.0,-0.005699999999999999
2020-10-01,62.28,60.77,62.29,60.5,2120000.0,0.0252
2020-10-02,63.86,61.14,64.1,60.87,2570000.0,0.0254
2020-10-03,0,0,0,0,0,0
2020-10-04,0,0,0,0,0,0
2020-10-05,63.25,63.83,64.33,62.22,1770000.0,-0.0096
2020-10-06,62.91,63.62,63.9,62.64,1960000.0,-0.0054
2020-10-07,62.71,63.22,63.27,62.46,1670000.0,-0.0032
2020-10-08,63.75,62.96,63.78,62.96,1870000.0,0.0166
2020-10-09,63.19,64.6,64.61,62.96,1830000.0,-0.0088
2020-10-10,0,0,0,0,0,0
2020-10-11,0,0,0,0,0,0
2020-10-12,63.33,63.05,63.55,62.65,1380000.0,0.0022
2020-10-13,61.67,62.75,62.9,61.08,2230000.0,-0.0262
2020-10-14,61.0,61.6,61.76,60.7,1720000.0,-0.0109
2020-10-15,60.41,60.8,61.58,60.33,2490000.0,-0.0097
2020-10-16,60.53,60.62,60.85,59.91,2620000.0,0.002
2020-10-17,0,0,0,0,0,0
2020-10-18,0,0,0,0,0,0
2020-10-19,58.75,61.24,61.24,58.71,2730000.0,-0.0294
2020-10-20,59.1,59.39,59.65,58.96,1720000.0,0.006
2020-10-21,59.68,58.95,59.85,58.5,1890000.0,0.0098
2020-10-22,60.09,59.65,60.2,59.53,1090000.0,0.0069
2020-10-23,60.75,60.67,61.17,60.13,1490000.0,0.011000000000000001
2020-10-24,0,0,0,0,0,0
2020-10-25,0,0,0,0,0,0
2020-10-26,0,0,0,0,0,0
2020-10-26,59.83,60.32,60.32,59.3,2120000.0,-0.0151
2020-10-27,58.73,59.99,60.27,58.73,1490000.0,-0.0184
2020-10-28,57.81,57.9,58.48,57.59,2520000.0,-0.015700000000000002
2020-10-29,58.52,57.8,59.02,57.09,2470000.0,0.0123
2020-10-30,57.86,58.06,58.78,57.35,2420000.0,-0.0113
2020-10-30,57.86,58.06,58.78,57.35,2420000.0,-0.0113
2020-11-01,0,0,0,0,0,0
2020-11-02,0,0,0,0,0,0
2020-11-02,59.64,58.4,59.98,58.39,2530000.0,0.0308
2020-11-03,59.25,59.21,59.85,58.55,2029999.9999999998,-0.006500000000000001
2020-11-04,58.5,59.0,59.42,58.47,2450000.0,-0.0127
2020-11-05,58.0,58.88,59.06,57.97,2460000.0,-0.0085
2020-11-06,57.99,58.32,59.67,57.69,3930000.0,-0.0002
2020-11-08,0,0,0,0,0,0
2020-11-09,0,0,0,0,0,0
2020-11-09,61.6,61.5,64.25,61.24,6550000.0,0.0623
2020-11-10,0,0,0,0,0,0
2020-11-10,64.67,61.92,64.75,61.42,3680000.0,0.049800000000000004
2020-11-11,63.44,64.14,64.14,62.47,2370000.0,-0.019
2020-11-12,61.77,62.75,62.79,61.16,2049999.9999999998,-0.0263
