2015-01-02,11.57,11.63,11.63,11.51,10560.0,0.0043
2015-01-03,0,0,0,0,0,0
2015-01-04,0,0,0,0,0,0
2015-01-05,11.35,11.54,11.54,11.32,19650.0,-0.019
2015-01-06,11.25,11.43,11.43,11.19,11230.0,-0.0088
2015-01-07,11.31,11.31,11.36,11.26,12240.0,0.0053
2015-01-08,11.5,11.4,11.51,11.4,8520.0,0.0168
2015-01-09,11.5,11.49,11.55,11.45,21140.0,0.0
2015-01-10,0,0,0,0,0,0
2015-01-11,0,0,0,0,0,0
2015-01-12,11.38,11.47,11.47,11.36,7600.0,-0.0104
2015-01-13,11.42,11.54,11.65,11.36,25070.0,0.0034999999999999996
2015-01-14,11.42,11.41,11.44,11.33,21410.0,0.0
2015-01-15,11.22,11.42,11.42,11.21,13720.0,-0.0175
2015-01-16,11.26,11.18,11.26,11.15,4570.0,0.0036
2015-01-17,0,0,0,0,0,0
2015-01-18,0,0,0,0,0,0
2015-01-19,0,0,0,0,0,0
2015-01-20,11.26,11.36,11.36,11.2,17300.0,0.0
2015-01-21,11.33,11.19,11.34,11.19,8460.0,0.0062
2015-01-22,11.43,11.29,11.43,11.29,8360.0,0.0088
2015-01-23,11.34,11.36,11.41,11.33,16280.000000000002,-0.0079
2015-01-24,0,0,0,0,0,0
2015-01-25,0,0,0,0,0,0
2015-01-26,11.63,11.47,11.63,11.47,10110.0,0.0256
2015-01-27,11.58,11.48,11.63,11.48,10150.0,-0.0043
2015-01-28,11.4,11.55,11.55,11.4,6340.0,-0.0155
2015-01-29,11.48,11.4,11.48,11.32,11560.0,0.006999999999999999
2015-01-30,11.3,11.33,11.42,11.29,12090.0,-0.015700000000000002
2015-01-31,0,0,0,0,0,0
2015-02-01,0,0,0,0,0,0
2015-02-02,11.54,11.41,11.54,11.38,8480.0,0.0212
2015-02-03,11.85,11.61,11.85,11.61,16340.0,0.0269
2015-02-04,11.8,11.8,11.84,11.77,26530.0,-0.0042
2015-02-05,11.83,11.84,11.86,11.82,9640.0,0.0025
2015-02-06,11.73,11.83,11.83,11.73,8550.0,-0.0085
2015-02-07,0,0,0,0,0,0
2015-02-08,0,0,0,0,0,0
2015-02-09,11.75,11.73,11.8,11.69,17340.0,0.0017000000000000001
2015-02-10,11.84,11.84,11.86,11.74,19500.0,0.0077
2015-02-11,11.74,11.73,11.74,11.69,1940.0,-0.0084
2015-02-12,11.92,11.8,11.95,11.8,10390.0,0.015300000000000001
2015-02-13,11.99,11.93,12.03,11.93,24780.0,0.0059
2015-02-14,0,0,0,0,0,0
2015-02-15,0,0,0,0,0,0
2015-02-16,0,0,0,0,0,0
2015-02-17,12.08,12.0,12.09,11.9,15950.0,0.0075
2015-02-18,12.11,12.1,12.14,12.04,10480.0,0.0025
2015-02-19,12.02,12.0,12.09,12.0,11360.0,-0.0074
2015-02-20,12.1,11.96,12.1,11.96,4100.0,0.0067
2015-02-21,0,0,0,0,0,0
2015-02-22,0,0,0,0,0,0
2015-02-23,12.03,12.01,12.08,12.0,6510.0,-0.0058
2015-02-24,12.21,12.1,12.28,12.1,6500.0,0.015
2015-02-25,12.26,12.28,12.28,12.22,13430.0,0.0040999999999999995
2015-02-26,12.25,12.29,12.29,12.21,16180.0,-0.0008
2015-02-27,12.26,12.25,12.26,12.21,7720.0,0.0008
2015-02-28,0,0,0,0,0,0
2015-03-01,0,0,0,0,0,0
2015-03-02,12.38,12.28,12.39,12.27,35890.0,0.0098
2015-03-03,12.3,12.38,12.38,12.28,4450.0,-0.006500000000000001
2015-03-04,12.3,12.24,12.31,12.24,7250.0,0.0
2015-03-05,12.56,12.41,12.58,12.41,12760.0,0.021099999999999997
2015-03-06,12.44,12.56,12.56,12.39,6950.0,-0.0096
2015-03-07,0,0,0,0,0,0
2015-03-08,0,0,0,0,0,0
2015-03-09,12.39,12.48,12.48,12.38,9340.0,-0.004
2015-03-10,12.14,12.2,12.2,12.08,3990.0,-0.0202
2015-03-11,12.14,12.19,12.19,12.1,23300.0,0.0
2015-03-12,12.25,12.2,12.26,12.2,7970.0,0.0091
2015-03-13,12.16,12.19,12.19,12.09,2710.0,-0.0073
2015-03-14,0,0,0,0,0,0
2015-03-15,0,0,0,0,0,0
2015-03-16,12.2,12.18,12.21,12.14,9120.0,0.0033
2015-03-17,12.31,12.15,12.31,12.15,1950.0,0.009000000000000001
2015-03-18,12.59,12.29,12.63,12.29,12910.0,0.0227
2015-03-19,12.49,12.45,12.51,12.44,4610.0,-0.0079
2015-03-20,12.67,12.69,12.72,12.59,17900.0,0.0144
2015-03-21,0,0,0,0,0,0
2015-03-22,0,0,0,0,0,0
2015-03-23,12.73,12.73,12.75,12.71,12390.0,0.004699999999999999
2015-03-24,12.73,12.7,12.75,12.69,20260.0,0.0
2015-03-25,12.58,12.83,12.83,12.54,3620.0,-0.0118
2015-03-26,12.4,12.4,12.43,12.36,7150.0,-0.0143
2015-03-27,12.48,12.55,12.56,12.46,13850.0,0.006500000000000001
2015-03-28,0,0,0,0,0,0
2015-03-29,0,0,0,0,0,0
2015-03-30,12.62,12.65,12.68,12.59,6050.0,0.011200000000000002
2015-03-31,12.56,12.56,12.64,12.55,5390.0,-0.0048
2015-04-01,12.65,12.62,12.7,12.62,7910.0,0.0072
2015-04-02,12.86,12.78,12.87,12.78,9020.0,0.0166
2015-04-03,0,0,0,0,0,0
2015-04-04,0,0,0,0,0,0
2015-04-05,0,0,0,0,0,0
2015-04-06,13.01,12.85,13.05,12.85,14930.0,0.011699999999999999
2015-04-07,13.01,12.97,13.05,12.97,9240.0,0.0
2015-04-08,13.19,13.15,13.21,13.15,16120.000000000002,0.0138
2015-04-09,13.29,13.2,13.3,13.2,16650.0,0.0076
2015-04-10,13.33,13.26,13.33,13.22,3630.0,0.003
2015-04-11,0,0,0,0,0,0
2015-04-12,0,0,0,0,0,0
2015-04-13,13.36,13.32,13.4,13.3,15830.0,0.0023
2015-04-14,13.32,13.36,13.36,13.22,9670.0,-0.003
2015-04-15,13.4,13.34,13.41,13.25,13360.0,0.006
2015-04-16,13.48,13.44,13.5,13.36,32650.0,0.006
2015-04-17,13.17,13.21,13.23,13.14,12450.0,-0.023
2015-04-18,0,0,0,0,0,0
2015-04-19,0,0,0,0,0,0
2015-04-20,13.18,13.12,13.25,13.1,22040.0,0.0008
2015-04-21,13.23,13.22,13.27,13.21,8940.0,0.0038
2015-04-22,13.37,13.32,13.38,13.26,2950.0,0.0106
2015-04-23,13.42,13.35,13.46,13.31,12230.0,0.0037
2015-04-24,13.38,13.46,13.46,13.35,9710.0,-0.003
2015-04-25,0,0,0,0,0,0
2015-04-26,0,0,0,0,0,0
2015-04-27,13.46,13.56,13.59,13.45,22100.0,0.006
2015-04-28,13.54,13.43,13.55,13.43,29760.0,0.0059
2015-04-29,13.36,13.44,13.44,13.36,4280.0,-0.013300000000000001
2015-04-30,13.21,13.43,13.43,13.2,4840.0,-0.011200000000000002
2015-05-01,13.34,13.3,13.35,13.27,15170.0,0.0098
2015-05-02,0,0,0,0,0,0
2015-05-03,0,0,0,0,0,0
2015-05-04,13.43,13.46,13.48,13.41,19040.0,0.0067
2015-05-05,13.24,13.38,13.39,13.23,14960.0,-0.0141
2015-05-06,13.14,13.28,13.37,13.13,31990.0,-0.0076
2015-05-07,13.17,13.12,13.19,13.11,6310.0,0.0023
2015-05-08,13.47,13.41,13.49,13.4,6030.0,0.022799999999999997
2015-05-09,0,0,0,0,0,0
2015-05-10,0,0,0,0,0,0
2015-05-11,13.49,13.47,13.56,13.47,19450.0,0.0015
2015-05-12,13.48,13.37,13.48,13.37,2300.0,-0.0007000000000000001
2015-05-13,13.53,13.55,13.59,13.53,21870.0,0.0037
2015-05-14,13.68,13.61,13.68,13.61,11310.0,0.0111
2015-05-15,13.74,13.67,13.75,13.67,7750.0,0.0044
2015-05-16,0,0,0,0,0,0
2015-05-17,0,0,0,0,0,0
2015-05-18,13.7,13.73,13.73,13.69,5170.0,-0.0029
2015-05-19,13.65,13.68,13.68,13.63,17470.0,-0.0036
2015-05-20,13.55,13.6,13.6,13.5,45820.0,-0.0073
2015-05-21,13.66,13.66,13.67,13.62,9810.0,0.008100000000000001
2015-05-22,13.72,13.67,13.72,13.67,7680.0,0.0044
2015-05-23,0,0,0,0,0,0
2015-05-24,0,0,0,0,0,0
2015-05-25,0,0,0,0,0,0
2015-05-26,13.58,13.69,13.69,13.53,8570.0,-0.0102
2015-05-27,13.71,13.55,13.74,13.55,61280.0,0.0096
2015-05-28,13.65,13.65,13.67,13.55,8490.0,-0.0044
2015-05-29,13.65,13.63,13.68,13.55,10330.0,0.0
2015-05-30,0,0,0,0,0,0
2015-05-31,0,0,0,0,0,0
2015-06-01,13.59,13.68,13.68,13.5,7010.0,-0.0044
2015-06-02,13.6,13.51,13.68,13.51,18600.0,0.0007000000000000001
2015-06-03,13.63,13.57,13.68,13.57,7150.0,0.0022
2015-06-04,13.51,13.56,13.57,13.47,5080.0,-0.0088
2015-06-05,13.4,13.34,13.41,13.32,4110.0,-0.008100000000000001
2015-06-06,0,0,0,0,0,0
2015-06-07,0,0,0,0,0,0
2015-06-08,13.39,13.42,13.42,13.3,12380.0,-0.0007000000000000001
2015-06-09,13.1,13.19,13.19,13.01,16630.0,-0.0217
2015-06-10,13.3,13.17,13.33,13.17,8890.0,0.015300000000000001
2015-06-11,13.35,13.27,13.36,13.2,11200.0,0.0038
2015-06-12,13.31,13.33,13.35,13.29,11060.0,-0.003
2015-06-13,0,0,0,0,0,0
2015-06-14,0,0,0,0,0,0
2015-06-15,13.17,13.08,13.17,13.0,13480.0,-0.0105
2015-06-16,13.13,13.12,13.15,13.09,7220.0,-0.003
2015-06-17,13.28,13.18,13.28,13.13,8280.0,0.011399999999999999
2015-06-18,13.36,13.21,13.38,13.21,9160.0,0.006
2015-06-19,13.24,13.18,13.25,13.18,1850.0,-0.009000000000000001
2015-06-20,0,0,0,0,0,0
2015-06-21,0,0,0,0,0,0
2015-06-22,13.28,13.37,13.37,13.27,3390.0,0.003
2015-06-23,13.39,13.38,13.4,13.31,28760.0,0.0083
2015-06-24,13.31,13.29,13.4,13.26,15840.0,-0.006
2015-06-25,13.25,13.25,13.3,13.25,4860.0,-0.0045000000000000005
2015-06-26,13.11,13.18,13.19,13.07,9380.0,-0.0106
2015-06-27,0,0,0,0,0,0
2015-06-28,0,0,0,0,0,0
2015-06-29,12.67,12.87,12.87,12.66,8740.0,-0.0336
2015-06-30,12.72,12.87,12.87,12.69,19770.0,0.0039000000000000003
2015-07-01,12.78,12.92,12.92,12.75,9150.0,0.004699999999999999
2015-07-02,12.74,12.75,12.75,12.7,9550.0,-0.0031
2015-07-03,0,0,0,0,0,0
2015-07-04,0,0,0,0,0,0
2015-07-05,0,0,0,0,0,0
2015-07-06,12.3,12.4,12.4,12.21,14600.0,-0.0345
2015-07-07,12.18,12.13,12.21,11.88,36390.0,-0.0098
2015-07-08,11.73,11.92,11.92,11.69,21750.0,-0.0369
2015-07-09,11.98,11.97,12.16,11.97,8660.0,0.0213
2015-07-10,12.37,12.34,12.37,12.28,8280.0,0.0326
2015-07-11,0,0,0,0,0,0
2015-07-12,0,0,0,0,0,0
2015-07-13,12.51,12.51,12.51,12.45,9420.0,0.0113
2015-07-14,12.54,12.52,12.57,12.5,18740.0,0.0024
2015-07-15,12.3,12.49,12.49,12.3,45120.0,-0.0191
2015-07-16,12.46,12.48,12.51,12.42,9490.0,0.013000000000000001
2015-07-17,12.47,12.51,12.51,12.43,7880.0,0.0008
2015-07-18,0,0,0,0,0,0
2015-07-19,0,0,0,0,0,0
2015-07-20,12.5,12.53,12.58,12.5,16420.0,0.0024
2015-07-21,12.4,12.47,12.5,12.4,11050.0,-0.008
2015-07-22,12.32,12.37,12.39,12.29,52950.0,-0.006500000000000001
2015-07-23,12.26,12.29,12.36,12.25,26070.0,-0.0049
2015-07-24,12.05,12.12,12.16,12.03,9450.0,-0.0171
2015-07-25,0,0,0,0,0,0
2015-07-26,0,0,0,0,0,0
2015-07-27,11.8,11.89,11.89,11.78,23880.0,-0.0207
2015-07-28,11.95,11.97,11.98,11.82,16219.999999999998,0.0127
2015-07-29,12.15,12.01,12.15,12.0,8210.0,0.0167
2015-07-30,12.04,11.99,12.06,11.98,11360.0,-0.0091
2015-07-31,11.98,12.05,12.09,11.98,8170.0,-0.005
2015-08-01,0,0,0,0,0,0
2015-08-02,0,0,0,0,0,0
2015-08-03,11.84,11.95,11.95,11.83,13810.0,-0.011699999999999999
2015-08-04,11.77,11.85,11.86,11.77,9830.0,-0.0059
2015-08-05,11.87,11.99,11.99,11.87,178340.0,0.0085
2015-08-06,11.73,11.92,11.92,11.72,15230.0,-0.0118
2015-08-07,11.63,11.68,11.68,11.57,7720.0,-0.0085
2015-08-08,0,0,0,0,0,0
2015-08-09,0,0,0,0,0,0
2015-08-10,11.84,11.73,11.84,11.7,15510.0,0.0181
2015-08-11,11.6,11.69,11.69,11.53,17090.0,-0.0203
2015-08-12,11.61,11.41,11.61,11.37,12140.0,0.0009
2015-08-13,11.62,11.61,11.77,11.61,75820.0,0.0009
2015-08-14,11.63,11.69,11.71,11.61,12660.0,0.0009
2015-08-15,0,0,0,0,0,0
2015-08-16,0,0,0,0,0,0
2015-08-17,11.67,11.54,11.67,11.54,11610.0,0.0034000000000000002
2015-08-18,11.53,11.57,11.57,11.43,14110.0,-0.012
2015-08-19,11.35,11.45,11.45,11.26,24780.0,-0.015600000000000001
2015-08-20,10.86,11.05,11.05,10.86,12570.0,-0.0432
2015-08-21,10.52,10.55,10.79,10.48,11760.0,-0.0313
2015-08-22,0,0,0,0,0,0
2015-08-23,0,0,0,0,0,0
2015-08-24,10.25,9.98,10.45,9.64,32759.999999999996,-0.025699999999999997
2015-08-25,10.23,10.55,10.55,10.23,68170.0,-0.002
2015-08-26,10.43,10.43,10.46,10.19,45710.0,0.0196
2015-08-27,10.71,10.63,10.79,10.54,11050.0,0.0268
2015-08-28,10.8,10.72,10.9,10.72,7650.0,0.0084
2015-08-29,0,0,0,0,0,0
2015-08-30,0,0,0,0,0,0
2015-08-31,10.78,10.69,10.86,10.69,44200.0,-0.0019
2015-09-01,10.46,10.58,10.58,10.45,6850.0,-0.0297
2015-09-02,10.59,10.61,10.61,10.48,10750.0,0.0124
2015-09-03,10.67,10.62,10.75,10.62,3210.0,0.0076
2015-09-04,10.52,10.43,10.55,10.41,9320.0,-0.0141
2015-09-05,0,0,0,0,0,0
2015-09-06,0,0,0,0,0,0
2015-09-07,0,0,0,0,0,0
2015-09-08,10.86,10.85,10.9,10.84,10370.0,0.0323
2015-09-09,10.83,11.14,11.15,10.83,6810.0,-0.0028000000000000004
2015-09-10,10.96,10.92,11.02,10.92,15690.0,0.012
2015-09-11,10.96,10.91,11.0,10.9,12040.0,0.0
2015-09-12,0,0,0,0,0,0
2015-09-13,0,0,0,0,0,0
2015-09-14,10.88,10.97,10.97,10.83,5560.0,-0.0073
2015-09-15,11.04,10.96,11.04,10.95,3940.0,0.0147
2015-09-16,11.15,11.15,11.24,11.12,5930.0,0.01
2015-09-17,11.3,11.3,11.37,11.17,12150.0,0.013500000000000002
2015-09-18,11.03,11.15,11.15,11.0,11060.0,-0.0239
2015-09-19,0,0,0,0,0,0
2015-09-20,0,0,0,0,0,0
2015-09-21,11.02,11.05,11.12,11.0,10550.0,-0.0009
2015-09-22,10.76,10.88,10.88,10.72,5140.0,-0.0236
2015-09-23,10.65,10.82,10.82,10.64,17730.0,-0.0102
2015-09-24,10.51,10.59,10.59,10.49,1190.0,-0.0131
2015-09-25,10.54,10.7,10.72,10.54,8300.0,0.0029
2015-09-26,0,0,0,0,0,0
2015-09-27,0,0,0,0,0,0
2015-09-28,10.32,10.54,10.54,10.29,6700.0,-0.0209
2015-09-29,10.33,10.4,10.41,10.27,47150.0,0.001
2015-09-30,10.59,10.49,10.6,10.46,11360.0,0.0252
2015-10-01,10.58,10.63,10.63,10.56,2400.0,-0.0009
2015-10-02,10.86,10.64,10.88,10.64,9420.0,0.0265
2015-10-03,0,0,0,0,0,0
2015-10-04,0,0,0,0,0,0
2015-10-05,11.18,11.04,11.2,11.01,13290.0,0.029500000000000002
2015-10-06,11.17,11.21,11.21,11.14,2590.0,-0.0009
2015-10-07,11.4,11.39,11.44,11.36,12510.0,0.0206
2015-10-08,11.54,11.39,11.62,11.37,12070.0,0.0123
2015-10-09,11.6,11.55,11.63,11.54,6810.0,0.0052
2015-10-10,0,0,0,0,0,0
2015-10-11,0,0,0,0,0,0
2015-10-12,11.51,11.54,11.54,11.49,5820.0,-0.0078000000000000005
2015-10-13,11.33,11.4,11.52,11.32,137730.0,-0.015600000000000001
2015-10-14,11.49,11.46,11.56,11.45,5140.0,0.0141
2015-10-15,11.71,11.65,11.74,11.57,10190.0,0.0191
2015-10-16,11.63,11.65,11.68,11.59,8890.0,-0.0068000000000000005
2015-10-17,0,0,0,0,0,0
2015-10-18,0,0,0,0,0,0
2015-10-19,11.61,11.57,11.63,11.57,4850.0,-0.0017000000000000001
2015-10-20,11.64,11.72,11.72,11.58,6330.0,0.0026
2015-10-21,11.51,11.65,11.65,11.51,6710.0,-0.011200000000000002
2015-10-22,11.64,11.57,11.69,11.57,20080.0,0.0113
2015-10-23,11.68,11.63,11.68,11.57,6280.0,0.0034000000000000002
2015-10-24,0,0,0,0,0,0
2015-10-25,0,0,0,0,0,0
2015-10-26,11.59,11.59,11.65,11.57,6930.0,-0.0077
2015-10-27,11.41,11.56,11.56,11.39,8840.0,-0.0155
2015-10-28,11.53,11.41,11.64,11.38,5990.0,0.0105
2015-10-29,11.53,11.48,11.57,11.47,6870.0,0.0
2015-10-30,11.42,11.43,11.46,11.4,5660.0,-0.0095
2015-10-31,0,0,0,0,0,0
2015-11-01,0,0,0,0,0,0
2015-11-02,11.57,11.46,11.62,11.46,2630.0,0.0131
2015-11-03,11.63,11.48,11.7,11.48,17150.0,0.0052
2015-11-04,11.54,11.6,11.62,11.49,43880.0,-0.0077
2015-11-05,11.53,11.55,11.58,11.51,6810.0,-0.0009
2015-11-06,11.58,11.44,11.58,11.4,120810.0,0.0043
2015-11-07,0,0,0,0,0,0
2015-11-08,0,0,0,0,0,0
2015-11-09,11.35,11.46,11.47,11.29,7190.0,-0.0199
2015-11-10,11.22,11.19,11.22,11.13,6310.0,-0.0115
2015-11-11,11.12,11.26,11.26,11.11,4650.0,-0.0089
2015-11-12,11.0,11.06,11.1,11.0,10700.0,-0.0108
2015-11-13,10.87,10.91,10.92,10.86,2800.0,-0.0118
2015-11-14,0,0,0,0,0,0
2015-11-15,0,0,0,0,0,0
2015-11-16,11.12,10.9,11.14,10.9,12140.0,0.023
2015-11-17,10.97,11.05,11.14,10.95,39510.0,-0.013500000000000002
2015-11-18,11.15,10.97,11.21,10.97,4970.0,0.016399999999999998
2015-11-19,11.2,11.21,11.28,11.16,28290.0,0.0045000000000000005
2015-11-20,11.25,11.27,11.31,11.24,12560.0,0.0045000000000000005
2015-11-21,0,0,0,0,0,0
2015-11-22,0,0,0,0,0,0
2015-11-23,11.22,11.3,11.32,11.21,7660.0,-0.0027
2015-11-24,11.28,11.13,11.31,11.13,11560.0,0.0053
2015-11-25,11.27,11.25,11.3,11.24,2890.0,-0.0009
2015-11-26,0,0,0,0,0,0
2015-11-27,11.24,11.22,11.27,11.22,3380.0,-0.0027
2015-11-28,0,0,0,0,0,0
2015-11-29,0,0,0,0,0,0
2015-11-30,11.28,11.31,11.34,11.27,6040.0,0.0036
2015-12-01,11.45,11.42,11.52,11.37,97420.0,0.0151
2015-12-02,11.42,11.43,11.49,11.42,3230.0,-0.0026
2015-12-03,11.39,11.54,11.54,11.37,10100.0,-0.0026
2015-12-04,11.45,11.36,11.5,11.36,21070.0,0.0053
2015-12-05,0,0,0,0,0,0
2015-12-06,0,0,0,0,0,0
2015-12-07,11.3,11.36,11.45,11.3,5910.0,-0.0131
2015-12-08,11.15,11.14,11.15,11.1,3330.0,-0.013300000000000001
2015-12-09,11.14,11.16,11.33,11.1,18540.0,-0.0009
2015-12-10,11.02,10.96,11.05,10.93,12000.0,-0.0108
2015-12-11,10.69,10.82,10.82,10.68,34800.0,-0.029900000000000003
2015-12-12,0,0,0,0,0,0
2015-12-13,0,0,0,0,0,0
2015-12-14,10.86,10.88,10.92,10.71,31430.0,0.0159
2015-12-15,11.0,11.02,11.05,10.99,5620.0,0.0129
2015-12-16,11.39,11.19,11.46,11.18,22550.0,0.0355
2015-12-17,11.38,11.52,11.52,11.34,16730.0,-0.0009
2015-12-18,11.27,11.23,11.31,11.23,8290.0,-0.0097
2015-12-19,0,0,0,0,0,0
2015-12-20,0,0,0,0,0,0
2015-12-21,11.36,11.38,11.38,11.29,9110.0,0.008
2015-12-22,11.36,11.43,11.43,11.27,82950.0,0.0
2015-12-23,11.5,11.39,11.5,11.39,19320.0,0.0123
2015-12-24,11.51,11.41,11.58,11.41,24370.0,0.0009
2015-12-25,0,0,0,0,0,0
2015-12-26,0,0,0,0,0,0
2015-12-27,0,0,0,0,0,0
2015-12-28,11.44,11.49,11.49,11.34,20950.0,-0.0060999999999999995
2015-12-29,11.48,11.49,11.54,11.42,14050.0,0.0034999999999999996
2015-12-30,11.42,11.47,11.63,11.41,6260.0,-0.0052
2015-12-31,11.42,11.47,11.53,11.41,20990.0,0.0
2016-01-01,0,0,0,0,0,0
2016-01-02,0,0,0,0,0,0
2016-01-03,0,0,0,0,0,0
2016-01-04,11.23,11.16,11.23,11.09,7870.0,-0.0166
2016-01-05,11.24,11.28,11.28,11.2,16890.0,0.0009
2016-01-06,11.02,11.01,11.1,10.99,4050.0,-0.0196
2016-01-07,10.63,10.79,10.84,10.6,3630.0,-0.0354
2016-01-08,10.56,10.68,10.68,10.53,5140.0,-0.0066
2016-01-09,0,0,0,0,0,0
2016-01-10,0,0,0,0,0,0
2016-01-11,10.38,10.56,10.56,10.29,20330.0,-0.017
2016-01-12,10.38,10.54,10.54,10.25,15970.0,0.0
2016-01-13,10.13,10.3,10.35,10.13,5110.0,-0.0241
2016-01-14,10.32,10.15,10.34,10.06,10760.0,0.018799999999999997
2016-01-15,9.92,9.91,9.99,9.78,60220.0,-0.0388
2016-01-16,0,0,0,0,0,0
2016-01-17,0,0,0,0,0,0
2016-01-18,0,0,0,0,0,0
2016-01-19,9.82,9.99,10.0,9.75,362960.0,-0.0101
2016-01-20,9.7,9.59,9.75,9.39,28850.0,-0.012199999999999999
2016-01-21,9.67,9.62,9.79,9.55,88030.0,-0.0031
2016-01-22,9.99,9.9,10.01,9.88,103100.0,0.0331
2016-01-23,0,0,0,0,0,0
2016-01-24,0,0,0,0,0,0
2016-01-25,9.82,9.9,9.98,9.82,13560.0,-0.017
2016-01-26,10.0,9.77,10.01,9.77,172390.0,0.0183
2016-01-27,9.86,9.9,10.04,9.83,4580.0,-0.013999999999999999
2016-01-28,9.89,9.98,10.01,9.85,5350.0,0.003
2016-01-29,10.15,10.0,10.15,10.0,10890.0,0.0263
2016-01-30,0,0,0,0,0,0
2016-01-31,0,0,0,0,0,0
2016-02-01,10.13,10.13,10.15,10.03,2280.0,-0.002
2016-02-02,9.87,9.92,9.96,9.87,12370.0,-0.025699999999999997
2016-02-03,9.96,9.96,9.96,9.78,15340.0,0.0091
2016-02-04,9.99,9.96,10.05,9.95,2720.0,0.003
2016-02-05,9.75,9.97,9.97,9.75,9130.0,-0.024
2016-02-06,0,0,0,0,0,0
2016-02-07,0,0,0,0,0,0
2016-02-08,9.38,9.63,9.63,9.35,22920.0,-0.0379
2016-02-09,9.44,9.4,9.54,9.4,4590.0,0.0064
2016-02-10,9.41,9.48,9.56,9.4,37650.0,-0.0032
2016-02-11,9.27,9.27,9.35,9.19,5740.0,-0.0149
2016-02-12,9.31,9.26,9.33,9.22,3950.0,0.0043
2016-02-13,0,0,0,0,0,0
2016-02-14,0,0,0,0,0,0
2016-02-15,0,0,0,0,0,0
2016-02-16,9.61,9.51,9.61,9.51,16260.000000000002,0.0322
2016-02-17,9.84,9.7,9.91,9.65,22550.0,0.0239
2016-02-18,9.93,9.99,9.99,9.89,35950.0,0.0091
2016-02-19,9.85,9.81,9.88,9.81,4250.0,-0.008100000000000001
2016-02-20,0,0,0,0,0,0
2016-02-21,0,0,0,0,0,0
2016-02-22,10.04,9.99,10.06,9.99,4630.0,0.019299999999999998
2016-02-23,9.89,10.01,10.01,9.88,5850.0,-0.0149
2016-02-24,9.89,9.72,9.9,9.72,17140.0,0.0
2016-02-25,10.01,9.88,10.05,9.88,4710.0,0.0121
2016-02-26,10.03,10.07,10.1,10.02,6550.0,0.002
2016-02-27,0,0,0,0,0,0
2016-02-28,0,0,0,0,0,0
2016-02-29,10.13,10.01,10.2,10.01,8410.0,0.01
2016-03-01,10.27,10.22,10.27,10.17,4270.0,0.0138
2016-03-02,10.33,10.24,10.35,10.24,2970.0,0.0058
2016-03-03,10.37,10.38,10.38,10.32,8620.0,0.0039000000000000003
2016-03-04,10.5,10.52,10.62,10.5,3000.0,0.0125
2016-03-05,0,0,0,0,0,0
2016-03-06,0,0,0,0,0,0
2016-03-07,10.52,10.48,10.6,10.48,2430.0,0.0019
2016-03-08,10.45,10.43,10.45,10.36,4960.0,-0.0067
2016-03-09,10.49,10.49,10.56,10.39,8180.0,0.0038
2016-03-10,10.41,10.46,10.5,10.3,16880.0,-0.0076
2016-03-11,10.69,10.54,10.71,10.54,90140.0,0.0269
2016-03-12,0,0,0,0,0,0
2016-03-13,0,0,0,0,0,0
2016-03-14,10.65,10.64,10.69,10.59,7620.0,-0.0037
2016-03-15,10.49,10.48,10.53,10.46,21960.0,-0.015
2016-03-16,10.63,10.43,10.63,10.43,8320.0,0.013300000000000001
2016-03-17,10.75,10.68,10.84,10.68,9850.0,0.0113
2016-03-18,10.83,10.85,10.96,10.83,10550.0,0.0074
2016-03-19,0,0,0,0,0,0
2016-03-20,0,0,0,0,0,0
2016-03-21,10.87,10.83,10.91,10.79,10020.0,0.0037
2016-03-22,10.85,10.84,10.92,10.78,2810.0,-0.0018
2016-03-23,10.67,10.84,10.84,10.67,8029.999999999999,-0.0166
2016-03-24,10.57,10.53,10.6,10.45,5990.0,-0.009399999999999999
2016-03-25,0,0,0,0,0,0
2016-03-26,0,0,0,0,0,0
2016-03-27,0,0,0,0,0,0
2016-03-28,10.58,10.63,10.63,10.55,4680.0,0.0009
2016-03-29,10.68,10.62,10.74,10.59,7840.0,0.0095
2016-03-30,10.87,10.92,11.01,10.87,27240.0,0.0178
2016-03-31,10.84,10.84,10.92,10.84,6240.0,-0.0028000000000000004
2016-04-01,10.8,10.7,10.87,10.7,2170.0,-0.0037
2016-04-02,0,0,0,0,0,0
2016-04-03,0,0,0,0,0,0
2016-04-04,10.77,10.9,10.9,10.71,5130.0,-0.0028000000000000004
2016-04-05,10.65,10.57,10.65,10.5,2810.0,-0.0111
2016-04-06,10.72,10.68,10.75,10.63,94310.0,0.0066
2016-04-07,10.55,10.72,10.72,10.53,4660.0,-0.0159
2016-04-08,10.63,10.75,10.79,10.63,3480.0,0.0076
2016-04-09,0,0,0,0,0,0
2016-04-10,0,0,0,0,0,0
2016-04-11,10.76,10.76,10.86,10.74,5830.0,0.012199999999999999
2016-04-12,10.83,10.76,10.86,10.76,2170.0,0.006500000000000001
2016-04-13,11.04,10.93,11.06,10.92,12780.0,0.0194
2016-04-14,11.01,11.08,11.08,11.0,11350.0,-0.0027
2016-04-15,10.92,11.02,11.02,10.92,10420.0,-0.008199999999999999
2016-04-16,0,0,0,0,0,0
2016-04-17,0,0,0,0,0,0
2016-04-18,11.04,10.89,11.09,10.89,6810.0,0.011000000000000001
2016-04-19,11.13,11.14,11.17,11.12,9590.0,0.008199999999999999
2016-04-20,11.1,11.03,11.16,11.03,6960.0,-0.0027
2016-04-21,11.02,11.09,11.09,11.0,6810.0,-0.0072
2016-04-22,11.03,11.01,11.05,11.01,7110.0,0.0009
2016-04-23,0,0,0,0,0,0
2016-04-24,0,0,0,0,0,0
2016-04-25,10.93,11.07,11.07,10.93,11310.0,-0.0091
2016-04-26,11.08,10.98,11.09,10.98,6370.0,0.0137
2016-04-27,11.14,11.03,11.14,11.03,4150.0,0.0054
2016-04-28,10.97,11.06,11.12,10.97,2750.0,-0.015300000000000001
2016-04-29,10.95,11.09,11.09,10.93,2520.0,-0.0018
2016-04-30,0,0,0,0,0,0
2016-05-01,0,0,0,0,0,0
2016-05-02,11.01,10.97,11.03,10.95,6800.0,0.0055000000000000005
2016-05-03,10.77,10.95,11.02,10.76,8840.0,-0.0218
2016-05-04,10.65,10.75,10.81,10.63,22440.0,-0.0111
2016-05-05,10.6,10.67,10.69,10.6,5070.0,-0.004699999999999999
2016-05-06,10.62,10.55,10.66,10.55,5820.0,0.0019
2016-05-07,0,0,0,0,0,0
2016-05-08,0,0,0,0,0,0
2016-05-09,10.5,10.61,10.61,10.5,2520.0,-0.0113
2016-05-10,10.54,10.53,10.56,10.5,18800.0,0.0038
2016-05-11,10.57,10.6,10.62,10.57,5440.0,0.0028000000000000004
2016-05-12,10.57,10.64,10.64,10.5,1950.0,0.0
2016-05-13,10.42,10.49,10.53,10.38,10340.0,-0.014199999999999999
2016-05-14,0,0,0,0,0,0
2016-05-15,0,0,0,0,0,0
2016-05-16,10.47,10.39,10.49,10.39,7910.0,0.0048
2016-05-17,10.41,10.49,10.51,10.41,5970.0,-0.005699999999999999
2016-05-18,10.36,10.36,10.52,10.36,9620.0,-0.0048
2016-05-19,10.32,10.35,10.38,10.32,12160.0,-0.0039000000000000003
2016-05-20,10.49,10.39,10.57,10.39,8150.0,0.0165
2016-05-21,0,0,0,0,0,0
2016-05-22,0,0,0,0,0,0
2016-05-23,10.64,10.52,10.64,10.52,4780.0,0.0143
2016-05-24,10.74,10.72,10.81,10.72,2070.0,0.009399999999999999
2016-05-25,10.78,10.79,10.83,10.74,3880.0,0.0037
2016-05-26,10.82,10.81,10.84,10.76,10860.0,0.0037
2016-05-27,10.78,10.73,10.79,10.73,1900.0,-0.0037
2016-05-28,0,0,0,0,0,0
2016-05-29,0,0,0,0,0,0
2016-05-30,0,0,0,0,0,0
2016-05-31,10.81,10.85,10.9,10.65,20560.0,0.0028000000000000004
2016-06-01,10.95,10.83,10.96,10.82,6990.0,0.013000000000000001
2016-06-02,10.93,10.9,10.96,10.9,6720.0,-0.0018
2016-06-03,10.97,10.93,11.01,10.92,28590.0,0.0037
2016-06-04,0,0,0,0,0,0
2016-06-05,0,0,0,0,0,0
2016-06-06,11.15,11.03,11.15,11.03,2890.0,0.016399999999999998
2016-06-07,11.13,11.12,11.19,11.12,1630.0,-0.0018
2016-06-08,11.07,11.08,11.12,11.06,3600.0,-0.0054
2016-06-09,11.0,11.03,11.03,10.95,6230.0,-0.0063
2016-06-10,10.65,10.67,10.69,10.58,3670.0,-0.0318
2016-06-11,0,0,0,0,0,0
2016-06-12,0,0,0,0,0,0
2016-06-13,10.45,10.47,10.54,10.44,6640.0,-0.018799999999999997
2016-06-14,10.36,10.42,10.42,10.33,6000.0,-0.0086
2016-06-15,10.53,10.46,10.56,10.46,12640.0,0.016399999999999998
2016-06-16,10.43,10.28,10.44,10.27,10480.0,-0.0095
2016-06-17,10.4,10.36,10.44,10.36,5820.0,-0.0029
2016-06-18,0,0,0,0,0,0
2016-06-19,0,0,0,0,0,0
2016-06-20,10.58,10.59,10.68,10.58,5370.0,0.0173
2016-06-21,10.62,10.6,10.64,10.55,6380.0,0.0038
2016-06-22,10.62,10.71,10.75,10.6,10190.0,0.0
2016-06-23,10.79,10.72,10.8,10.7,13450.0,0.016
2016-06-24,10.16,10.26,10.28,10.13,8280.0,-0.0584
2016-06-25,0,0,0,0,0,0
2016-06-26,0,0,0,0,0,0
2016-06-27,9.89,10.09,10.09,9.83,9580.0,-0.026600000000000002
2016-06-28,10.21,10.21,10.23,10.16,1990.0,0.032400000000000005
2016-06-29,10.49,10.38,10.49,10.38,11600.0,0.0274
2016-06-30,10.62,10.52,10.62,10.5,11710.0,0.0124
2016-07-01,10.59,10.57,10.69,10.57,6880.0,-0.0028000000000000004
2016-07-02,0,0,0,0,0,0
2016-07-03,0,0,0,0,0,0
2016-07-04,0,0,0,0,0,0
2016-07-05,10.38,10.41,10.44,10.36,9550.0,-0.019799999999999998
2016-07-06,10.43,10.32,10.5,10.32,31390.0,0.0048
2016-07-07,10.51,10.47,10.51,10.42,3190.0,0.0077
2016-07-08,10.63,10.57,10.67,10.56,12890.0,0.011399999999999999
2016-07-09,0,0,0,0,0,0
2016-07-10,0,0,0,0,0,0
2016-07-11,10.79,10.72,10.8,10.72,6800.0,0.0151
2016-07-12,10.87,10.89,10.89,10.81,9440.0,0.0074
2016-07-13,10.78,10.8,10.82,10.75,14670.0,-0.0083
2016-07-14,10.94,10.86,10.98,10.86,14760.0,0.0148
2016-07-15,10.84,10.86,10.9,10.81,8450.0,-0.0091
2016-07-16,0,0,0,0,0,0
2016-07-17,0,0,0,0,0,0
2016-07-18,10.95,10.87,10.95,10.84,6430.0,0.0101
2016-07-19,10.85,10.86,10.9,10.82,11310.0,-0.0091
2016-07-20,10.95,10.89,11.03,10.89,7190.0,0.0092
2016-07-21,10.9,10.93,11.03,10.88,8440.0,-0.0046
2016-07-22,10.95,10.93,10.98,10.92,7700.0,0.0046
2016-07-23,0,0,0,0,0,0
2016-07-24,0,0,0,0,0,0
2016-07-25,10.92,10.95,11.0,10.92,5070.0,-0.0027
2016-07-26,10.96,10.91,10.99,10.9,2940.0,0.0037
2016-07-27,10.98,11.0,11.06,10.97,7690.0,0.0018
2016-07-28,11.01,11.06,11.06,10.94,5690.0,0.0027
2016-07-29,10.98,10.97,11.07,10.96,16420.0,-0.0027
2016-07-30,0,0,0,0,0,0
2016-07-31,0,0,0,0,0,0
2016-08-01,11.01,10.8,11.14,10.8,8080.0,0.0027
2016-08-02,10.93,11.01,11.05,10.93,3270.0,-0.0073
2016-08-03,10.98,10.95,10.99,10.94,6080.0,0.0046
2016-08-04,11.04,11.07,11.07,11.02,2130.0,0.0055000000000000005
2016-08-05,11.11,11.08,11.14,11.03,7170.0,0.0063
2016-08-06,0,0,0,0,0,0
2016-08-07,0,0,0,0,0,0
2016-08-08,11.15,11.09,11.15,11.08,5490.0,0.0036
2016-08-09,11.14,11.16,11.16,11.12,4140.0,-0.0009
2016-08-10,10.96,11.01,11.03,10.96,3560.0,-0.016200000000000003
2016-08-11,11.01,10.96,11.04,10.96,4150.0,0.0046
2016-08-12,11.01,10.98,11.04,10.98,4970.0,0.0
2016-08-13,0,0,0,0,0,0
2016-08-14,0,0,0,0,0,0
2016-08-15,11.06,11.09,11.16,11.06,28030.0,0.0045000000000000005
2016-08-16,11.11,11.09,11.14,11.07,9150.0,0.0045000000000000005
2016-08-17,11.04,11.08,11.08,10.93,2990.0,-0.0063
2016-08-18,11.17,11.07,11.17,11.07,6280.0,0.0118
2016-08-19,11.15,11.16,11.16,11.07,10980.0,-0.0018
2016-08-20,0,0,0,0,0,0
2016-08-21,0,0,0,0,0,0
2016-08-22,11.1,11.09,11.16,11.09,3760.0,-0.0045000000000000005
2016-08-23,11.14,11.13,11.17,11.12,2700.0,0.0036
2016-08-24,11.11,11.17,11.17,11.08,5500.0,-0.0027
2016-08-25,11.09,11.05,11.12,11.05,1560.0,-0.0018
2016-08-26,11.06,11.17,11.24,11.06,7370.0,-0.0027
2016-08-27,0,0,0,0,0,0
2016-08-28,0,0,0,0,0,0
2016-08-29,11.07,11.06,11.11,11.02,3080.0,0.0009
2016-08-30,11.03,11.04,11.1,11.03,7170.0,-0.0036
2016-08-31,11.06,11.13,11.13,11.0,11540.0,0.0027
2016-09-01,11.08,11.05,11.14,11.03,8210.0,0.0018
2016-09-02,11.21,11.18,11.27,11.14,7480.0,0.011699999999999999
2016-09-03,0,0,0,0,0,0
2016-09-04,0,0,0,0,0,0
2016-09-05,0,0,0,0,0,0
2016-09-06,11.41,11.32,11.42,11.32,9620.0,0.0178
2016-09-07,11.41,11.38,11.42,11.37,10110.0,0.0
2016-09-08,11.4,11.43,11.44,11.4,3320.0,-0.0009
2016-09-09,11.21,11.32,11.33,11.21,6200.0,-0.0167
2016-09-10,0,0,0,0,0,0
2016-09-11,0,0,0,0,0,0
2016-09-12,11.23,11.16,11.27,11.11,16420.0,0.0018
2016-09-13,11.01,11.05,11.07,10.98,7480.0,-0.0196
2016-09-14,10.99,11.01,11.06,10.99,23470.0,-0.0018
2016-09-15,11.09,11.04,11.1,11.04,3580.0,0.0091
2016-09-16,10.95,10.89,11.02,10.89,7670.0,-0.0126
2016-09-17,0,0,0,0,0,0
2016-09-18,0,0,0,0,0,0
2016-09-19,11.07,11.09,11.16,11.06,16650.0,0.011000000000000001
2016-09-20,11.04,11.06,11.07,11.01,10750.0,-0.0027
2016-09-21,11.22,11.09,11.22,11.06,5480.0,0.0163
2016-09-22,11.33,11.23,11.4,11.23,7940.0,0.0098
2016-09-23,11.22,11.24,11.24,11.19,5110.0,-0.0097
2016-09-24,0,0,0,0,0,0
2016-09-25,0,0,0,0,0,0
2016-09-26,11.09,11.13,11.14,11.08,6350.0,-0.0116
2016-09-27,11.14,11.02,11.2,11.02,8680.0,0.0045000000000000005
2016-09-28,11.2,11.19,11.22,11.1,6180.0,0.0054
2016-09-29,11.17,11.23,11.3,11.09,63290.0,-0.0027
2016-09-30,11.13,11.14,11.18,11.04,6420.0,-0.0036
2016-10-01,0,0,0,0,0,0
2016-10-02,0,0,0,0,0,0
2016-10-03,11.09,11.07,11.14,11.06,11910.0,-0.0036
2016-10-04,11.01,11.1,11.1,11.0,3480.0,-0.0072
2016-10-05,11.17,11.06,11.17,11.05,9310.0,0.014499999999999999
2016-10-06,11.13,11.13,11.14,11.11,3980.0,-0.0036
2016-10-07,10.99,11.0,11.03,10.94,3230.0,-0.0126
2016-10-08,0,0,0,0,0,0
2016-10-09,0,0,0,0,0,0
2016-10-10,11.04,11.04,11.04,11.0,3010.0,0.0045000000000000005
2016-10-11,10.79,10.87,10.89,10.79,3540.0,-0.0226
2016-10-12,10.79,10.79,10.8,10.76,1510.0,0.0
2016-10-13,10.82,10.73,10.84,10.7,4370.0,0.0028000000000000004
2016-10-14,10.84,10.91,10.91,10.8,6110.0,0.0018
2016-10-15,0,0,0,0,0,0
2016-10-16,0,0,0,0,0,0
2016-10-17,10.79,10.88,10.88,10.79,23990.0,-0.0046
2016-10-18,10.9,10.86,10.91,10.86,5180.0,0.0102
2016-10-19,10.93,10.9,10.97,10.9,3160.0,0.0028000000000000004
2016-10-20,10.9,10.89,10.91,10.84,2800.0,-0.0027
2016-10-21,10.85,10.85,10.87,10.83,7660.0,-0.0046
2016-10-22,0,0,0,0,0,0
2016-10-23,0,0,0,0,0,0
2016-10-24,10.83,10.87,10.92,10.8,6080.0,-0.0018
2016-10-25,10.77,10.81,10.81,10.74,6380.0,-0.0055000000000000005
2016-10-26,10.74,10.76,10.76,10.71,25880.0,-0.0028000000000000004
2016-10-27,10.67,10.74,10.74,10.65,4690.0,-0.006500000000000001
2016-10-28,10.61,10.62,10.66,10.58,35770.0,-0.005600000000000001
2016-10-29,0,0,0,0,0,0
2016-10-30,0,0,0,0,0,0
2016-10-31,10.59,10.59,10.65,10.56,10480.0,-0.0019
2016-11-01,10.47,10.57,10.6,10.47,25980.0,-0.0113
2016-11-02,10.37,10.47,10.47,10.35,19410.0,-0.0096
2016-11-03,10.34,10.42,10.42,10.34,3780.0,-0.0029
2016-11-04,10.33,10.31,10.4,10.11,5720.0,-0.001
2016-11-05,0,0,0,0,0,0
2016-11-06,0,0,0,0,0,0
2016-11-07,10.5,10.5,10.54,10.31,10200.0,0.0165
2016-11-08,10.54,10.45,10.57,10.45,8210.0,0.0038
2016-11-09,10.25,10.26,10.29,10.19,34320.0,-0.0275
2016-11-10,10.13,10.19,10.21,10.03,29400.0,-0.011699999999999999
2016-11-11,10.1,10.01,10.15,10.01,9920.0,-0.003
2016-11-12,0,0,0,0,0,0
2016-11-13,0,0,0,0,0,0
2016-11-14,10.1,10.04,10.22,10.03,26910.0,0.0
2016-11-15,10.13,10.12,10.16,10.07,19850.0,0.003
2016-11-16,10.09,10.11,10.14,10.06,9260.0,-0.0039000000000000003
2016-11-17,10.16,10.17,10.18,10.13,7010.0,0.0069
2016-11-18,10.12,10.11,10.22,10.11,15440.0,-0.0039000000000000003
2016-11-19,0,0,0,0,0,0
2016-11-20,0,0,0,0,0,0
2016-11-21,10.16,10.2,10.2,10.12,23300.0,0.004
2016-11-22,10.23,10.21,10.25,10.18,50060.0,0.0069
2016-11-23,10.27,10.16,10.27,10.16,19510.0,0.0039000000000000003
2016-11-24,0,0,0,0,0,0
2016-11-25,10.36,10.26,10.4,10.26,9430.0,0.0088
2016-11-26,0,0,0,0,0,0
2016-11-27,0,0,0,0,0,0
2016-11-28,10.37,10.38,10.41,10.36,10110.0,0.001
2016-11-29,10.36,10.38,10.43,10.36,8570.0,-0.001
2016-11-30,10.34,10.45,10.45,10.3,8150.0,-0.0019
2016-12-01,10.23,10.35,10.36,10.11,13080.0,-0.0106
2016-12-02,10.24,10.24,10.24,10.14,16570.0,0.001
2016-12-03,0,0,0,0,0,0
2016-12-04,0,0,0,0,0,0
2016-12-05,10.33,10.17,10.33,10.17,22750.0,0.0088
2016-12-06,10.36,10.31,10.39,10.31,33530.0,0.0029
2016-12-07,10.51,10.39,10.51,10.39,6550.0,0.014499999999999999
2016-12-08,10.47,10.46,10.48,10.44,14510.0,-0.0038
2016-12-09,10.47,10.49,10.52,10.45,26050.0,0.0
2016-12-10,0,0,0,0,0,0
2016-12-11,0,0,0,0,0,0
2016-12-12,10.41,10.49,10.61,10.37,37840.0,-0.005699999999999999
2016-12-13,10.52,10.47,10.57,10.47,12780.0,0.0106
2016-12-14,10.41,10.47,10.52,10.34,16290.0,-0.0105
2016-12-15,10.35,10.39,10.39,10.33,14060.0,-0.0058
2016-12-16,10.31,10.31,10.37,10.3,38490.0,-0.0039000000000000003
2016-12-17,0,0,0,0,0,0
2016-12-18,0,0,0,0,0,0
2016-12-19,10.34,10.32,10.37,10.32,10940.0,0.0029
2016-12-20,10.37,10.34,10.39,10.34,21090.0,0.0029
2016-12-21,10.37,10.31,10.4,10.31,21210.0,0.0
2016-12-22,10.32,10.39,10.39,10.3,16890.0,-0.0048
2016-12-23,10.34,10.29,10.36,10.29,8880.0,0.0019
2016-12-24,0,0,0,0,0,0
2016-12-25,0,0,0,0,0,0
2016-12-26,0,0,0,0,0,0
2016-12-27,10.43,10.4,10.46,10.37,13620.0,0.0087
2016-12-28,10.38,10.43,10.43,10.37,3920.0,-0.0048
2016-12-29,10.4,10.33,10.46,10.33,19500.0,0.0019
2016-12-30,10.4,10.54,10.6,10.37,56560.0,0.0
2016-12-31,0,0,0,0,0,0
2017-01-01,0,0,0,0,0,0
2017-01-02,0,0,0,0,0,0
2017-01-03,10.47,10.54,10.54,10.44,4670.0,0.0067
2017-01-04,10.61,10.58,10.62,10.56,5110.0,0.0134
2017-01-05,10.68,10.66,10.7,10.65,10950.0,0.0066
2017-01-06,10.67,10.63,10.72,10.63,8470.0,-0.0009
2017-01-07,0,0,0,0,0,0
2017-01-08,0,0,0,0,0,0
2017-01-09,10.59,10.67,10.67,10.59,18240.0,-0.0075
2017-01-10,10.63,10.66,10.68,10.63,6480.0,0.0038
2017-01-11,10.61,10.72,10.72,10.57,5610.0,-0.0019
2017-01-12,10.61,10.68,10.68,10.55,6180.0,0.0
2017-01-13,10.63,10.58,10.66,10.58,4170.0,0.0019
2017-01-14,0,0,0,0,0,0
2017-01-15,0,0,0,0,0,0
2017-01-16,0,0,0,0,0,0
2017-01-17,10.64,10.56,10.65,10.56,5830.0,0.0009
2017-01-18,10.63,10.58,10.67,10.58,3880.0,-0.0009
2017-01-19,10.58,10.65,10.65,10.57,5130.0,-0.004699999999999999
2017-01-20,10.63,10.68,10.68,10.61,7930.0,0.004699999999999999
2017-01-21,0,0,0,0,0,0
2017-01-22,0,0,0,0,0,0
2017-01-23,10.65,10.72,10.72,10.64,9970.0,0.0019
2017-01-24,10.74,10.66,10.77,10.66,6080.0,0.0085
2017-01-25,10.83,10.82,10.85,10.8,6170.0,0.0084
2017-01-26,10.79,10.79,10.82,10.79,2830.0,-0.0037
2017-01-27,10.75,10.76,10.82,10.73,8460.0,-0.0037
2017-01-28,0,0,0,0,0,0
2017-01-29,0,0,0,0,0,0
2017-01-30,10.63,10.68,10.68,10.61,4140.0,-0.011200000000000002
2017-01-31,10.68,10.62,10.68,10.62,15400.0,0.004699999999999999
2017-02-01,10.72,10.76,10.78,10.7,8400.0,0.0037
2017-02-02,10.7,10.76,10.76,10.7,3400.0,-0.0019
2017-02-03,10.79,10.73,10.82,10.73,7830.0,0.0084
2017-02-04,0,0,0,0,0,0
2017-02-05,0,0,0,0,0,0
2017-02-06,10.7,10.8,10.8,10.7,12810.0,-0.0083
2017-02-07,10.71,10.65,10.74,10.65,4950.0,0.0009
2017-02-08,10.76,10.72,10.77,10.72,223580.0,0.004699999999999999
2017-02-09,10.79,10.81,10.81,10.75,4880.0,0.0028000000000000004
2017-02-10,10.84,10.76,10.85,10.76,21600.0,0.0046
2017-02-11,0,0,0,0,0,0
2017-02-12,0,0,0,0,0,0
2017-02-13,10.92,10.85,10.93,10.85,8570.0,0.0074
2017-02-14,10.94,10.88,10.96,10.87,4350.0,0.0018
2017-02-15,10.99,10.95,11.0,10.9,19600.0,0.0046
2017-02-16,11.01,11.0,11.01,10.98,4650.0,0.0018
2017-02-17,11.03,10.96,11.03,10.95,10010.0,0.0018
2017-02-18,0,0,0,0,0,0
2017-02-19,0,0,0,0,0,0
2017-02-20,0,0,0,0,0,0
2017-02-21,11.18,11.05,11.2,11.05,5780.0,0.013600000000000001
2017-02-22,11.1,11.28,11.28,11.1,3480.0,-0.0072
2017-02-23,11.1,11.19,11.24,11.1,2420.0,0.0
2017-02-24,11.04,11.02,11.1,11.02,22170.0,-0.0054
2017-02-25,0,0,0,0,0,0
2017-02-26,0,0,0,0,0,0
2017-02-27,11.08,11.03,11.1,11.03,4920.0,0.0036
2017-02-28,11.06,11.09,11.1,11.04,17860.0,-0.0018
2017-03-01,11.11,11.1,11.16,11.1,180200.0,0.0045000000000000005
2017-03-02,11.03,11.09,11.09,11.02,16980.0,-0.0072
2017-03-03,11.02,11.0,11.02,11.0,6190.0,-0.0009
2017-03-04,0,0,0,0,0,0
2017-03-05,0,0,0,0,0,0
2017-03-06,10.97,10.98,10.98,10.95,4190.0,-0.0045000000000000005
2017-03-07,10.95,10.92,10.99,10.92,10220.0,-0.0018
2017-03-08,10.94,11.04,11.04,10.92,18860.0,-0.0009
2017-03-09,10.9,10.94,10.94,10.88,10840.0,-0.0037
2017-03-10,10.93,10.95,10.95,10.89,9650.0,0.0028000000000000004
2017-03-11,0,0,0,0,0,0
2017-03-12,0,0,0,0,0,0
2017-03-13,10.98,10.93,10.98,10.92,21680.0,0.0046
2017-03-14,10.93,10.93,10.97,10.91,14370.0,-0.0046
2017-03-15,11.08,10.9,11.1,10.9,9280.0,0.0137
2017-03-16,11.12,11.13,11.14,11.12,2500.0,0.0036
2017-03-17,11.13,11.15,11.17,11.13,6890.0,0.0009
2017-03-18,0,0,0,0,0,0
2017-03-19,0,0,0,0,0,0
2017-03-20,11.16,11.12,11.17,11.09,12520.0,0.0027
2017-03-21,11.01,11.2,11.2,11.01,7180.0,-0.0134
2017-03-22,11.01,10.99,11.01,10.97,2160.0,0.0
2017-03-23,11.05,10.99,11.1,10.99,15900.0,0.0036
2017-03-24,11.05,11.04,11.07,11.03,9570.0,0.0
2017-03-25,0,0,0,0,0,0
2017-03-26,0,0,0,0,0,0
2017-03-27,11.05,11.02,11.05,11.0,1750.0,0.0
2017-03-28,11.12,11.08,11.12,11.08,1430.0,0.0063
2017-03-29,11.1,11.06,11.14,11.06,2790.0,-0.0018
2017-03-30,11.1,11.13,11.13,11.1,830.0,0.0
2017-03-31,11.18,11.1,11.18,11.1,4720.0,0.0072
2017-04-01,0,0,0,0,0,0
2017-04-02,0,0,0,0,0,0
2017-04-03,11.11,11.14,11.14,11.09,2330.0,-0.0063
2017-04-04,11.05,11.1,11.1,11.03,2490.0,-0.0054
2017-04-05,11.05,11.14,11.14,11.05,5650.0,0.0
2017-04-06,11.07,11.01,11.08,11.01,6960.0,0.0018
2017-04-07,11.04,11.11,11.11,11.04,10050.0,-0.0027
2017-04-08,0,0,0,0,0,0
2017-04-09,0,0,0,0,0,0
2017-04-10,11.1,10.95,11.12,10.95,4590.0,0.0054
2017-04-11,11.09,11.03,11.09,11.03,2200.0,-0.0009
2017-04-12,11.14,11.14,11.18,11.11,4680.0,0.0045000000000000005
2017-04-13,11.1,11.06,11.15,11.06,13760.0,-0.0036
2017-04-14,0,0,0,0,0,0
2017-04-15,0,0,0,0,0,0
2017-04-16,0,0,0,0,0,0
2017-04-17,11.16,11.12,11.16,11.09,4810.0,0.0054
2017-04-18,11.09,11.1,11.11,11.05,3830.0,-0.0063
2017-04-19,11.08,11.15,11.17,11.08,1430.0,-0.0009
2017-04-20,11.16,11.05,11.18,11.05,5180.0,0.0072
2017-04-21,11.13,11.08,11.14,11.08,1160.0,-0.0027
2017-04-22,0,0,0,0,0,0
2017-04-23,0,0,0,0,0,0
2017-04-24,11.29,11.24,11.29,11.21,4830.0,0.0144
2017-04-25,11.36,11.34,11.4,11.34,6730.0,0.0062
2017-04-26,11.35,11.33,11.4,11.32,15310.0,-0.0009
2017-04-27,11.39,11.38,11.39,11.37,2520.0,0.0034999999999999996
2017-04-28,11.37,11.4,11.4,11.36,3880.0,-0.0018
2017-04-29,0,0,0,0,0,0
2017-04-30,0,0,0,0,0,0
2017-05-01,11.42,11.45,11.45,11.41,5110.0,0.0044
2017-05-02,11.45,11.43,11.46,11.43,2770.0,0.0026
2017-05-03,11.43,11.46,11.46,11.43,5980.0,-0.0017000000000000001
2017-05-04,11.4,11.33,11.42,11.33,9810.0,-0.0026
2017-05-05,11.57,11.49,11.57,11.4,8850.0,0.0149
2017-05-06,0,0,0,0,0,0
2017-05-07,0,0,0,0,0,0
2017-05-08,11.53,11.52,11.57,11.52,6120.0,-0.0034999999999999996
2017-05-09,11.59,11.57,11.6,11.55,19260.0,0.0052
2017-05-10,11.62,11.59,11.63,11.54,13290.0,0.0026
2017-05-11,11.56,11.55,11.58,11.53,4880.0,-0.0052
2017-05-12,11.56,11.57,11.61,11.55,9800.0,0.0
2017-05-13,0,0,0,0,0,0
2017-05-14,0,0,0,0,0,0
2017-05-15,11.64,11.66,11.67,11.64,5340.0,0.0069
2017-05-16,11.63,11.65,11.65,11.62,4720.0,-0.0009
2017-05-17,11.44,11.56,11.61,11.42,7960.0,-0.0163
2017-05-18,11.46,11.39,11.47,11.38,6700.0,0.0017000000000000001
2017-05-19,11.59,11.54,11.61,11.54,9690.0,0.0113
2017-05-20,0,0,0,0,0,0
2017-05-21,0,0,0,0,0,0
2017-05-22,11.66,11.68,11.68,11.62,11140.0,0.006
2017-05-23,11.68,11.72,11.74,11.68,5420.0,0.0017000000000000001
2017-05-24,11.72,11.65,11.72,11.65,3520.0,0.0034000000000000002
2017-05-25,11.74,11.75,11.75,11.62,10590.0,0.0017000000000000001
2017-05-26,11.7,11.73,11.73,11.7,4580.0,-0.0034000000000000002
2017-05-27,0,0,0,0,0,0
2017-05-28,0,0,0,0,0,0
2017-05-29,0,0,0,0,0,0
2017-05-30,11.7,11.71,11.71,11.53,8200.0,0.0
2017-05-31,11.69,11.66,11.72,11.66,6890.0,-0.0009
2017-06-01,11.77,11.75,11.77,11.73,4500.0,0.0068000000000000005
2017-06-02,11.82,11.83,11.84,11.82,17590.0,0.0042
2017-06-03,0,0,0,0,0,0
2017-06-04,0,0,0,0,0,0
2017-06-05,11.81,11.84,11.86,11.8,11990.0,-0.0008
2017-06-06,11.83,11.8,11.85,11.8,4050.0,0.0017000000000000001
2017-06-07,11.86,11.86,11.86,11.81,8670.0,0.0025
2017-06-08,11.94,11.86,11.95,11.84,10140.0,0.0067
2017-06-09,11.82,11.92,11.94,11.82,2700.0,-0.0101
2017-06-10,0,0,0,0,0,0
2017-06-11,0,0,0,0,0,0
2017-06-12,11.73,11.78,11.78,11.72,8310.0,-0.0076
2017-06-13,11.87,11.79,11.87,11.77,16730.0,0.011899999999999999
2017-06-14,11.77,11.87,11.87,11.77,6490.0,-0.0084
2017-06-15,11.64,11.69,11.69,11.62,6250.0,-0.011000000000000001
2017-06-16,11.66,11.61,11.7,11.6,20030.0,0.0017000000000000001
2017-06-17,0,0,0,0,0,0
2017-06-18,0,0,0,0,0,0
2017-06-19,11.71,11.71,11.73,11.69,1090.0,0.0043
2017-06-20,11.65,12.0,12.0,11.65,7110.0,-0.0051
2017-06-21,11.69,11.57,11.73,11.57,11050.0,0.0034000000000000002
2017-06-22,11.82,11.77,11.83,11.77,16350.000000000002,0.0111
2017-06-23,11.89,11.82,11.9,11.82,22090.0,0.0059
2017-06-24,0,0,0,0,0,0
2017-06-25,0,0,0,0,0,0
2017-06-26,11.94,12.0,12.0,11.9,9000.0,0.0042
2017-06-27,11.88,11.95,11.97,11.88,13480.0,-0.005
2017-06-28,11.95,11.95,11.96,11.94,4510.0,0.0059
2017-06-29,11.84,11.87,11.89,11.78,10840.0,-0.0092
2017-06-30,11.92,11.91,11.92,11.87,3630.0,0.0068000000000000005
2017-07-01,0,0,0,0,0,0
2017-07-02,0,0,0,0,0,0
2017-07-03,11.93,12.0,12.0,11.92,10570.0,0.0008
2017-07-04,0,0,0,0,0,0
2017-07-05,11.85,11.87,11.87,11.81,3650.0,-0.0067
2017-07-06,11.81,11.8,11.81,11.77,3060.0,-0.0034000000000000002
2017-07-07,11.81,11.75,11.85,11.75,12370.0,0.0
2017-07-08,0,0,0,0,0,0
2017-07-09,0,0,0,0,0,0
2017-07-10,11.82,11.84,11.85,11.75,9690.0,0.0008
2017-07-11,11.84,11.8,11.87,11.8,9750.0,0.0017000000000000001
2017-07-12,11.98,11.91,11.98,11.91,9290.0,0.0118
2017-07-13,11.94,11.98,11.99,11.9,14180.0,-0.0033
2017-07-14,12.12,12.0,12.13,12.0,7100.0,0.0151
2017-07-15,0,0,0,0,0,0
2017-07-16,0,0,0,0,0,0
2017-07-17,12.08,12.11,12.11,12.07,11540.0,-0.0033
2017-07-18,12.1,12.07,12.11,12.07,7360.0,0.0017000000000000001
2017-07-19,12.23,12.21,12.25,12.18,19550.0,0.010700000000000001
2017-07-20,12.21,12.16,12.22,12.09,4320.0,-0.0016
2017-07-21,12.19,12.21,12.21,12.17,2230.0,-0.0016
2017-07-22,0,0,0,0,0,0
2017-07-23,0,0,0,0,0,0
2017-07-24,12.17,12.2,12.2,12.1,63900.0,-0.0016
2017-07-25,12.21,12.26,12.26,12.15,4250.0,0.0033
2017-07-26,12.25,12.26,12.26,12.21,9150.0,0.0033
2017-07-27,12.16,12.29,12.29,12.16,9650.0,-0.0073
2017-07-28,12.26,12.3,12.32,12.2,9920.0,0.008199999999999999
2017-07-29,0,0,0,0,0,0
2017-07-30,0,0,0,0,0,0
2017-07-31,12.27,12.25,12.27,12.21,5890.0,0.0008
2017-08-01,12.27,12.3,12.3,12.21,5320.0,0.0
2017-08-02,12.22,12.26,12.26,12.17,8900.0,-0.0040999999999999995
2017-08-03,12.24,12.26,12.33,12.24,4880.0,0.0016
2017-08-04,12.25,12.25,12.27,12.24,6130.0,0.0008
2017-08-05,0,0,0,0,0,0
2017-08-06,0,0,0,0,0,0
2017-08-07,12.32,12.27,12.33,12.27,10910.0,0.005699999999999999
2017-08-08,12.33,12.35,12.35,12.33,4540.0,0.0008
2017-08-09,12.26,12.24,12.29,12.24,8850.0,-0.005699999999999999
2017-08-10,12.02,12.2,12.2,12.02,5620.0,-0.0196
2017-08-11,12.06,12.02,12.1,12.02,14640.0,0.0033
2017-08-12,0,0,0,0,0,0
2017-08-13,0,0,0,0,0,0
2017-08-14,12.15,12.15,12.17,12.1,6330.0,0.0075
2017-08-15,12.14,12.15,12.2,12.12,20160.0,-0.0008
2017-08-16,12.16,12.17,12.19,12.14,13170.0,0.0016
2017-08-17,11.97,12.07,12.07,11.97,14370.0,-0.015600000000000001
2017-08-18,12.06,12.07,12.07,12.03,7660.0,0.0075
2017-08-19,0,0,0,0,0,0
2017-08-20,0,0,0,0,0,0
2017-08-21,12.04,12.05,12.06,12.02,2740.0,-0.0017000000000000001
2017-08-22,12.12,12.07,12.14,12.07,19590.0,0.0066
2017-08-23,12.1,12.09,12.12,12.08,3260.0,-0.0017000000000000001
2017-08-24,12.14,12.11,12.14,12.09,3640.0,0.0033
2017-08-25,12.15,12.1,12.16,12.1,3220.0,0.0008
2017-08-26,0,0,0,0,0,0
2017-08-27,0,0,0,0,0,0
2017-08-28,12.15,12.15,12.15,12.06,10590.0,0.0
2017-08-29,12.11,12.04,12.11,12.04,5050.0,-0.0033
2017-08-30,12.06,12.09,12.13,12.06,5280.0,-0.0040999999999999995
2017-08-31,12.23,12.06,12.23,12.06,20870.0,0.0141
2017-09-01,12.23,12.27,12.3,12.21,4070.0000000000005,0.0
2017-09-02,0,0,0,0,0,0
2017-09-03,0,0,0,0,0,0
2017-09-04,0,0,0,0,0,0
2017-09-05,12.23,12.2,12.34,12.19,6410.0,0.0
2017-09-06,12.29,12.24,12.35,12.19,3710.0,0.0049
2017-09-07,12.36,12.38,12.38,12.26,4920.0,0.005699999999999999
2017-09-08,12.36,12.39,12.39,12.35,13460.0,0.0
2017-09-09,0,0,0,0,0,0
2017-09-10,0,0,0,0,0,0
2017-09-11,12.56,12.47,12.57,12.47,8570.0,0.016200000000000003
2017-09-12,12.72,12.61,12.73,12.61,9860.0,0.0127
2017-09-13,12.64,12.65,12.76,12.63,10420.0,-0.0063
2017-09-14,12.73,12.68,12.73,12.66,5470.0,0.0070999999999999995
2017-09-15,12.78,12.73,12.82,12.73,3760.0,0.0039000000000000003
2017-09-16,0,0,0,0,0,0
2017-09-17,0,0,0,0,0,0
2017-09-18,12.8,12.78,12.84,12.77,3110.0,0.0016
2017-09-19,12.83,12.84,12.84,12.77,13030.0,0.0023
2017-09-20,12.8,12.94,12.94,12.78,7390.0,-0.0023
2017-09-21,12.79,12.84,12.85,12.79,4800.0,-0.0008
2017-09-22,12.76,12.79,12.79,12.72,4960.0,-0.0023
2017-09-23,0,0,0,0,0,0
2017-09-24,0,0,0,0,0,0
2017-09-25,12.6,12.63,12.7,12.57,37020.0,-0.0125
2017-09-26,12.56,12.56,12.62,12.53,28740.0,-0.0032
2017-09-27,12.71,12.65,12.72,12.62,4170.0,0.011899999999999999
2017-09-28,12.72,12.73,12.73,12.62,6430.0,0.0008
2017-09-29,12.66,12.76,12.83,12.66,6830.0,-0.004699999999999999
2017-09-30,0,0,0,0,0,0
2017-10-01,0,0,0,0,0,0
2017-10-02,12.81,12.8,12.85,12.76,3350.0,0.0118
2017-10-03,12.88,12.86,12.88,12.83,8250.0,0.0055000000000000005
2017-10-04,12.89,12.87,12.89,12.82,3260.0,0.0008
2017-10-05,12.9,12.9,12.92,12.89,8480.0,0.0008
2017-10-06,12.89,12.84,12.89,12.84,6440.0,-0.0008
2017-10-07,0,0,0,0,0,0
2017-10-08,0,0,0,0,0,0
2017-10-09,12.87,12.91,12.91,12.76,8730.0,-0.0016
2017-10-10,12.94,12.93,12.95,12.91,6500.0,0.0054
2017-10-11,12.94,12.94,12.95,12.88,6370.0,0.0
2017-10-12,13.0,12.94,13.0,12.93,8790.0,0.0046
2017-10-13,13.06,13.02,13.15,13.0,13440.0,0.0046
2017-10-14,0,0,0,0,0,0
2017-10-15,0,0,0,0,0,0
2017-10-16,13.03,13.07,13.08,13.03,6760.0,-0.0023
2017-10-17,13.08,13.06,13.23,13.03,5610.0,0.0038
2017-10-18,13.19,13.19,13.21,13.16,7200.0,0.0084
2017-10-19,12.98,13.02,13.22,12.95,15680.0,-0.0159
2017-10-20,13.03,13.07,13.11,13.03,10130.0,0.0039000000000000003
2017-10-21,0,0,0,0,0,0
2017-10-22,0,0,0,0,0,0
2017-10-23,13.04,13.1,13.1,13.03,11210.0,0.0008
2017-10-24,12.94,13.12,13.16,12.91,5610.0,-0.0077
2017-10-25,12.9,12.88,12.9,12.78,2009.9999999999998,-0.0031
2017-10-26,12.91,12.88,12.94,12.84,10460.0,0.0008
2017-10-27,12.97,12.92,12.97,12.86,11190.0,0.0046
2017-10-28,0,0,0,0,0,0
2017-10-29,0,0,0,0,0,0
2017-10-30,12.99,12.97,12.99,12.93,5840.0,0.0015
2017-10-31,13.03,13.0,13.16,13.0,9520.0,0.0031
2017-11-01,13.04,13.13,13.2,13.03,2840.0,0.0008
2017-11-02,13.01,12.99,13.01,12.96,6470.0,-0.0023
2017-11-03,13.03,12.95,13.13,12.95,3160.0,0.0015
2017-11-04,0,0,0,0,0,0
2017-11-05,0,0,0,0,0,0
2017-11-06,13.09,13.07,13.1,12.88,16100.000000000002,0.0046
2017-11-07,13.01,13.05,13.07,13.01,12820.0,-0.0060999999999999995
2017-11-08,13.01,13.16,13.16,12.91,8770.0,0.0
2017-11-09,12.9,13.04,13.18,12.86,12800.0,-0.0085
2017-11-10,12.93,12.87,13.15,12.87,16290.0,0.0023
2017-11-11,0,0,0,0,0,0
2017-11-12,0,0,0,0,0,0
2017-11-13,12.88,12.85,13.22,12.84,8680.0,-0.0039000000000000003
2017-11-14,12.96,13.05,13.05,12.82,70080.0,0.0062
2017-11-15,12.84,12.85,12.91,12.8,7050.0,-0.009300000000000001
2017-11-16,12.98,12.96,13.04,12.68,9060.0,0.0109
2017-11-17,12.92,12.97,13.02,12.91,10420.0,-0.0046
2017-11-18,0,0,0,0,0,0
2017-11-19,0,0,0,0,0,0
2017-11-20,12.97,12.92,13.0,12.91,14770.0,0.0039000000000000003
2017-11-21,12.79,13.01,13.11,12.79,7510.0,-0.0139
2017-11-22,13.11,12.99,13.13,12.99,2920.0,0.025
2017-11-23,0,0,0,0,0,0
2017-11-24,13.09,13.09,13.1,13.09,1630.0,-0.0015
2017-11-25,0,0,0,0,0,0
2017-11-26,0,0,0,0,0,0
2017-11-27,12.96,13.07,13.07,12.82,3490.0,-0.009899999999999999
2017-11-28,13.11,12.98,13.11,12.84,3670.0,0.0116
2017-11-29,12.92,13.07,13.07,12.9,10610.0,-0.014499999999999999
2017-11-30,12.91,12.9,12.98,12.89,4190.0,-0.0008
2017-12-01,12.87,12.83,12.97,12.83,2650.0,-0.0031
2017-12-02,0,0,0,0,0,0
2017-12-03,0,0,0,0,0,0
2017-12-04,12.76,12.89,12.89,12.68,8620.0,-0.0085
2017-12-05,12.47,12.55,12.68,12.41,13960.0,-0.0227
2017-12-06,12.5,12.47,12.51,12.47,4030.0000000000005,0.0024
2017-12-07,12.59,12.48,12.61,12.48,5730.0,0.0072
2017-12-08,12.67,12.64,12.9,12.6,3060.0,0.0064
2017-12-09,0,0,0,0,0,0
2017-12-10,0,0,0,0,0,0
2017-12-11,12.78,12.8,12.84,12.75,5970.0,0.0087
2017-12-12,12.81,12.78,12.85,12.77,17430.0,0.0023
2017-12-13,12.85,12.9,12.91,12.79,5170.0,0.0031
2017-12-14,12.91,12.86,12.99,12.86,1940.0,0.004699999999999999
2017-12-15,12.91,12.86,12.95,12.86,11380.0,0.0
2017-12-16,0,0,0,0,0,0
2017-12-17,0,0,0,0,0,0
2017-12-18,12.84,12.9,12.96,12.81,3070.0,-0.0054
2017-12-19,12.82,12.83,12.9,12.79,8520.0,-0.0016
2017-12-20,12.8,12.86,12.89,12.79,170040.0,-0.0016
2017-12-21,12.91,12.95,12.98,12.88,10790.0,0.0086
2017-12-22,12.92,12.98,12.98,12.81,5860.0,0.0008
2017-12-23,0,0,0,0,0,0
2017-12-24,0,0,0,0,0,0
2017-12-25,0,0,0,0,0,0
2017-12-26,12.93,12.98,12.98,12.63,26110.0,0.0008
2017-12-27,13.01,12.98,13.02,12.98,13670.0,0.0062
2017-12-28,13.05,13.04,13.1,13.04,14570.0,0.0031
2017-12-29,13.14,13.35,13.35,13.09,17800.0,0.0069
2017-12-30,0,0,0,0,0,0
2017-12-31,0,0,0,0,0,0
2018-01-01,0,0,0,0,0,0
2018-01-02,13.27,13.2,13.28,13.2,8700.0,0.009899999999999999
2018-01-03,13.32,13.34,13.34,13.3,2310.0,0.0038
2018-01-04,13.37,13.38,13.38,13.31,6350.0,0.0038
2018-01-05,13.42,13.41,13.47,13.35,77820.0,0.0037
2018-01-06,0,0,0,0,0,0
2018-01-07,0,0,0,0,0,0
2018-01-08,13.45,13.45,13.45,13.44,5620.0,0.0022
2018-01-09,13.38,13.37,13.4,13.37,11020.0,-0.0052
2018-01-10,13.3,13.35,13.35,13.28,11540.0,-0.006
2018-01-11,13.52,13.44,13.52,13.37,15140.0,0.0165
2018-01-12,13.59,13.55,13.78,13.55,8550.0,0.0052
2018-01-13,0,0,0,0,0,0
2018-01-14,0,0,0,0,0,0
2018-01-15,0,0,0,0,0,0
2018-01-16,13.56,13.64,13.66,13.54,19410.0,-0.0022
2018-01-17,13.66,13.6,13.7,13.6,11240.0,0.0074
2018-01-18,13.63,13.67,13.73,13.61,5610.0,-0.0022
2018-01-19,13.67,13.73,13.73,13.64,9950.0,0.0029
2018-01-20,0,0,0,0,0,0
2018-01-21,0,0,0,0,0,0
2018-01-22,13.74,13.75,13.77,13.65,9300.0,0.0051
2018-01-23,13.69,13.75,13.75,13.64,25150.0,-0.0036
2018-01-24,13.65,13.76,13.76,13.6,4710.0,-0.0029
2018-01-25,13.62,13.64,13.7,13.62,10110.0,-0.0022
2018-01-26,13.65,13.7,13.7,13.61,5420.0,0.0022
2018-01-27,0,0,0,0,0,0
2018-01-28,0,0,0,0,0,0
2018-01-29,13.6,13.68,13.68,13.58,7190.0,-0.0037
2018-01-30,13.56,13.54,13.63,13.4,39330.0,-0.0029
2018-01-31,13.55,13.67,13.67,13.34,3510.0,-0.0007000000000000001
2018-02-01,13.52,13.41,13.63,13.41,10210.0,-0.0022
2018-02-02,13.15,13.34,13.44,13.15,12950.0,-0.0274
2018-02-03,0,0,0,0,0,0
2018-02-04,0,0,0,0,0,0
2018-02-05,12.73,13.1,13.2,12.73,18790.0,-0.0319
2018-02-06,12.86,12.57,13.0,12.57,17910.0,0.0102
2018-02-07,12.8,12.72,12.95,12.56,7320.0,-0.004699999999999999
2018-02-08,12.45,12.75,12.75,12.45,6870.0,-0.0273
2018-02-09,12.55,12.51,12.55,12.11,7650.0,0.008
2018-02-10,0,0,0,0,0,0
2018-02-11,0,0,0,0,0,0
2018-02-12,12.72,12.82,12.88,12.56,11050.0,0.013500000000000002
2018-02-13,12.82,12.75,12.88,12.72,17370.0,0.0079
2018-02-14,12.61,12.76,13.03,12.58,3630.0,-0.016399999999999998
2018-02-15,13.19,13.09,13.2,13.02,10120.0,0.046
2018-02-16,13.24,13.23,13.42,13.17,9800.0,0.0038
2018-02-17,0,0,0,0,0,0
2018-02-18,0,0,0,0,0,0
2018-02-19,0,0,0,0,0,0
2018-02-20,13.36,13.24,13.37,13.1,4350.0,0.0091
2018-02-21,13.25,13.35,13.35,13.01,5220.0,-0.008199999999999999
2018-02-22,13.22,13.18,13.43,13.13,13340.0,-0.0023
2018-02-23,13.29,13.19,13.32,13.05,10000.0,0.0053
2018-02-24,0,0,0,0,0,0
2018-02-25,0,0,0,0,0,0
2018-02-26,13.28,13.21,13.43,13.2,10630.0,-0.0008
2018-02-27,13.11,13.37,13.37,13.01,7590.0,-0.0128
2018-02-28,13.04,13.14,13.14,13.04,3070.0,-0.0053
2018-03-01,12.91,13.0,13.32,12.74,14720.0,-0.01
2018-03-02,13.14,12.84,13.14,12.83,3780.0,0.0178
2018-03-03,0,0,0,0,0,0
2018-03-04,0,0,0,0,0,0
2018-03-05,12.99,12.95,12.99,12.91,3410.0,-0.011399999999999999
2018-03-06,13.09,13.2,13.24,13.09,5640.0,0.0077
2018-03-07,12.99,13.06,13.06,12.99,460.0,-0.0076
2018-03-08,13.11,13.11,13.11,13.03,2770.0,0.0092
2018-03-09,13.29,13.27,13.31,13.02,14510.0,0.0137
2018-03-10,0,0,0,0,0,0
2018-03-11,0,0,0,0,0,0
2018-03-12,13.33,13.31,13.36,13.28,8150.0,0.003
2018-03-13,13.25,13.43,13.43,13.23,13490.0,-0.006
2018-03-14,13.34,13.26,13.35,13.26,11210.0,0.0068000000000000005
2018-03-15,13.31,13.37,13.37,13.23,1990.0,-0.0022
2018-03-16,13.24,13.36,13.36,13.16,5810.0,-0.0053
2018-03-17,0,0,0,0,0,0
2018-03-18,0,0,0,0,0,0
2018-03-19,13.23,13.24,13.25,13.13,6780.0,-0.0008
2018-03-20,13.36,13.23,13.4,13.21,36630.0,0.0098
2018-03-21,13.29,13.33,13.45,13.28,6540.0,-0.0052
2018-03-22,13.02,13.1,13.2,12.96,16840.0,-0.0203
2018-03-23,12.85,13.03,13.27,12.85,6400.0,-0.0131
2018-03-24,0,0,0,0,0,0
2018-03-25,0,0,0,0,0,0
2018-03-26,13.15,13.14,13.15,13.01,5180.0,0.0233
2018-03-27,12.94,13.15,13.26,12.93,8380.0,-0.016
2018-03-28,12.75,12.92,12.96,12.74,6320.0,-0.0147
2018-03-29,12.88,12.65,12.97,12.65,3030.0,0.0102
2018-03-30,0,0,0,0,0,0
2018-03-31,0,0,0,0,0,0
2018-04-01,0,0,0,0,0,0
2018-04-02,12.52,12.78,13.23,12.51,78980.0,-0.027999999999999997
2018-04-03,12.69,12.73,12.79,12.61,15230.0,0.013600000000000001
2018-04-04,12.66,12.5,12.7,12.43,32890.0,-0.0024
2018-04-05,12.89,12.53,12.98,12.23,9660.0,0.0182
2018-04-06,12.71,12.81,13.0,12.7,5730.0,-0.013999999999999999
2018-04-07,0,0,0,0,0,0
2018-04-08,0,0,0,0,0,0
2018-04-09,12.88,12.72,12.88,12.67,5460.0,0.0134
2018-04-10,13.12,12.99,13.12,12.81,7500.0,0.018600000000000002
2018-04-11,13.3,13.02,13.3,12.96,2540.0,0.0137
2018-04-12,13.03,12.76,13.12,12.76,1690.0,-0.0203
2018-04-13,12.96,13.14,13.14,12.96,4030.0000000000005,-0.0054
2018-04-14,0,0,0,0,0,0
2018-04-15,0,0,0,0,0,0
2018-04-16,13.06,13.12,13.12,13.05,7740.0,0.0077
2018-04-17,13.21,13.17,13.23,13.17,2650.0,0.0115
2018-04-18,12.99,12.97,13.2,12.94,2850.0,-0.0167
2018-04-19,13.21,12.88,13.21,12.88,8820.0,0.0169
2018-04-20,12.95,12.92,13.04,12.86,1820.0,-0.0197
2018-04-21,0,0,0,0,0,0
2018-04-22,0,0,0,0,0,0
2018-04-23,13.01,13.02,13.12,13.0,5090.0,0.0046
2018-04-24,12.94,12.96,12.99,12.61,6750.0,-0.0054
2018-04-25,13.15,12.67,13.15,12.63,980.0,0.016200000000000003
2018-04-26,12.93,13.03,13.09,12.79,4650.0,-0.0167
2018-04-27,12.89,13.01,13.01,12.89,1990.0,-0.0031
2018-04-28,0,0,0,0,0,0
2018-04-29,0,0,0,0,0,0
2018-04-30,12.87,13.0,13.0,12.77,5930.0,-0.0016
2018-05-01,12.78,12.87,12.87,12.6,10280.0,-0.006999999999999999
2018-05-02,12.79,12.83,12.87,12.68,10080.0,0.0008
2018-05-03,12.84,12.78,12.84,12.6,9690.0,0.0039000000000000003
2018-05-04,12.82,12.76,12.86,12.54,16370.000000000002,-0.0016
2018-05-05,0,0,0,0,0,0
2018-05-06,0,0,0,0,0,0
2018-05-07,13.18,12.79,13.2,12.79,5770.0,0.0281
2018-05-08,12.78,12.59,13.14,12.59,7700.0,-0.030299999999999997
2018-05-09,12.86,12.83,13.17,12.61,20470.0,0.0063
2018-05-10,13.17,12.94,13.21,12.94,4510.0,0.0241
2018-05-11,13.07,13.05,13.11,13.04,14430.0,-0.0076
2018-05-12,0,0,0,0,0,0
2018-05-13,0,0,0,0,0,0
2018-05-14,13.18,13.06,13.2,12.88,18230.0,0.0084
2018-05-15,12.93,13.16,13.18,12.93,12060.0,-0.019
2018-05-16,12.96,12.81,13.07,12.62,10310.0,0.0023
2018-05-17,13.1,13.14,13.14,12.67,2540.0,0.0108
2018-05-18,12.99,12.94,12.99,12.94,710.0,-0.0084
2018-05-19,0,0,0,0,0,0
2018-05-20,0,0,0,0,0,0
2018-05-21,13.08,13.01,13.13,13.01,4070.0000000000005,0.0069
2018-05-22,12.99,12.9,13.18,12.84,5060.0,-0.0069
2018-05-23,12.91,12.91,12.91,12.71,4330.0,-0.0062
2018-05-24,13.07,12.88,13.09,12.88,2710.0,0.0124
2018-05-25,12.88,12.91,12.91,12.88,940.0,-0.014499999999999999
2018-05-26,0,0,0,0,0,0
2018-05-27,0,0,0,0,0,0
2018-05-28,0,0,0,0,0,0
2018-05-29,12.81,12.72,12.85,12.72,6130.0,-0.0054
2018-05-30,12.82,12.77,12.91,12.77,13450.0,0.0008
2018-05-31,12.94,12.86,13.05,12.73,4560.0,0.009399999999999999
2018-06-01,12.86,12.79,12.99,12.79,5230.0,-0.0062
2018-06-02,0,0,0,0,0,0
2018-06-03,0,0,0,0,0,0
2018-06-04,12.74,12.68,12.86,12.25,8720.0,-0.009300000000000001
2018-06-05,12.7,12.62,12.78,12.62,1860.0,-0.0031
2018-06-06,12.64,12.78,12.89,12.61,7530.0,-0.004699999999999999
2018-06-07,12.72,12.77,12.83,12.57,2770.0,0.0063
2018-06-08,12.55,12.58,12.96,12.55,5990.0,-0.0134
2018-06-09,0,0,0,0,0,0
2018-06-10,0,0,0,0,0,0
2018-06-11,12.77,12.44,12.77,12.44,4880.0,0.0175
2018-06-12,12.85,12.82,13.06,12.56,3000.0,0.0063
2018-06-13,12.66,12.72,12.77,12.66,1750.0,-0.0148
2018-06-14,12.57,12.71,12.83,12.57,3040.0,-0.0070999999999999995
2018-06-15,12.63,12.46,12.76,12.39,5830.0,0.0048
2018-06-16,0,0,0,0,0,0
2018-06-17,0,0,0,0,0,0
2018-06-18,12.47,12.19,12.47,12.19,1040.0,-0.0127
2018-06-19,12.1,12.15,12.23,11.94,3050.0,-0.0297
2018-06-20,12.19,12.2,12.39,12.1,5780.0,0.0074
2018-06-21,12.05,12.19,12.19,12.05,2440.0,-0.0115
2018-06-22,12.41,12.21,12.43,12.15,4620.0,0.029900000000000003
2018-06-23,0,0,0,0,0,0
2018-06-24,0,0,0,0,0,0
2018-06-25,12.0,12.05,12.09,11.97,2160.0,-0.033
2018-06-26,11.92,12.0,12.04,11.86,4460.0,-0.0067
2018-06-27,11.8,12.01,12.16,11.8,3760.0,-0.0101
2018-06-28,11.73,11.77,11.78,11.62,12080.0,-0.0059
2018-06-29,11.82,11.8,11.85,11.57,73960.0,0.0077
2018-06-30,0,0,0,0,0,0
2018-07-01,0,0,0,0,0,0
2018-07-02,11.73,11.78,11.8,11.69,4090.0,-0.0076
2018-07-03,11.75,11.79,11.9,11.72,12180.0,0.0017000000000000001
2018-07-04,0,0,0,0,0,0
2018-07-05,11.75,11.79,11.79,11.7,8230.0,0.0
2018-07-06,11.9,11.8,11.9,11.71,6180.0,0.0128
2018-07-07,0,0,0,0,0,0
2018-07-08,0,0,0,0,0,0
2018-07-09,12.05,12.01,12.08,12.01,3980.0,0.0126
2018-07-10,12.12,12.05,12.12,12.03,3970.0,0.0058
2018-07-11,11.87,11.91,11.98,11.87,6490.0,-0.0206
2018-07-12,12.0,11.95,12.04,11.94,6190.0,0.011000000000000001
2018-07-13,11.88,11.88,11.98,11.71,3590.0,-0.01
2018-07-14,0,0,0,0,0,0
2018-07-15,0,0,0,0,0,0
2018-07-16,11.97,11.93,11.99,11.69,6840.0,0.0076
2018-07-17,11.87,11.88,12.15,11.83,8370.0,-0.0084
2018-07-18,11.98,11.92,11.98,11.8,22880.0,0.009300000000000001
2018-07-19,11.95,11.85,11.99,11.85,10460.0,-0.0025
2018-07-20,11.95,11.97,11.98,11.94,1560.0,0.0
2018-07-21,0,0,0,0,0,0
2018-07-22,0,0,0,0,0,0
2018-07-23,11.8,11.8,11.89,11.8,7970.0,-0.0126
2018-07-24,11.99,11.99,12.07,11.86,13750.0,0.0161
2018-07-25,11.91,11.95,12.33,11.91,6970.0,-0.0067
2018-07-26,12.12,12.13,12.13,11.7,13110.0,0.0176
2018-07-27,12.15,12.06,12.15,11.88,5200.0,0.0025
2018-07-28,0,0,0,0,0,0
2018-07-29,0,0,0,0,0,0
2018-07-30,12.08,12.06,12.16,12.02,8780.0,-0.0058
2018-07-31,12.07,12.1,12.1,12.06,1780.0,-0.0008
2018-08-01,12.15,12.08,12.28,12.08,2000.0,0.0066
2018-08-02,12.08,11.94,12.08,11.94,1460.0,-0.0058
2018-08-03,11.96,11.95,12.0,11.86,5360.0,-0.009899999999999999
2018-08-04,0,0,0,0,0,0
2018-08-05,0,0,0,0,0,0
2018-08-06,11.86,11.78,11.93,11.78,4040.0,-0.0084
2018-08-07,12.03,12.0,12.03,11.79,13910.0,0.0143
2018-08-08,12.03,12.02,12.03,11.85,8810.0,0.0
2018-08-09,12.0,12.0,12.03,11.78,4730.0,-0.0025
2018-08-10,11.95,11.95,11.95,11.95,200.0,-0.0042
2018-08-11,0,0,0,0,0,0
2018-08-12,0,0,0,0,0,0
2018-08-13,11.75,11.82,11.93,11.69,28150.0,-0.0167
2018-08-14,11.67,11.67,11.84,11.67,10860.0,-0.0068000000000000005
2018-08-15,11.71,11.54,11.71,11.41,4930.0,0.0034000000000000002
2018-08-16,11.58,11.59,11.59,11.58,1310.0,-0.0111
2018-08-17,11.63,11.59,11.67,11.52,10910.0,0.0043
2018-08-18,0,0,0,0,0,0
2018-08-19,0,0,0,0,0,0
2018-08-20,11.61,11.52,11.77,11.52,8470.0,-0.0017000000000000001
2018-08-21,11.85,11.93,12.0,11.76,15580.0,0.0207
2018-08-22,11.79,11.79,11.95,11.79,850.0,-0.0051
2018-08-23,11.88,11.75,11.88,11.75,2450.0,0.0076
2018-08-24,11.98,11.92,11.98,11.86,4050.0,0.0084
2018-08-25,0,0,0,0,0,0
2018-08-26,0,0,0,0,0,0
2018-08-27,11.92,12.06,12.06,11.88,5300.0,-0.005
2018-08-28,12.04,12.03,12.04,12.03,430.0,0.0101
2018-08-29,12.04,11.98,12.09,11.98,2720.0,0.0
2018-08-30,11.93,11.94,11.98,11.92,7670.0,-0.0091
2018-08-31,11.96,11.94,12.03,11.93,1870.0,0.0025
2018-09-01,0,0,0,0,0,0
2018-09-02,0,0,0,0,0,0
2018-09-03,0,0,0,0,0,0
2018-09-04,11.9,11.86,11.93,11.78,15920.0,-0.005
2018-09-05,11.82,11.85,11.85,11.8,2670.0,-0.0067
2018-09-06,11.91,11.81,11.96,11.76,8050.000000000001,0.0076
2018-09-07,11.7,11.72,11.76,11.65,2150.0,-0.0176
2018-09-08,0,0,0,0,0,0
2018-09-09,0,0,0,0,0,0
2018-09-10,11.7,11.76,11.83,11.7,1740.0,0.0
2018-09-11,11.7,11.64,11.7,11.64,7980.0,0.0
2018-09-12,11.7,11.65,11.74,11.65,6660.0,0.0
2018-09-13,11.81,11.84,11.84,11.71,8109.999999999999,0.009399999999999999
2018-09-14,11.81,11.81,11.86,11.76,8160.0,0.0
2018-09-15,0,0,0,0,0,0
2018-09-16,0,0,0,0,0,0
2018-09-17,11.89,11.84,11.96,11.81,4500.0,0.0068000000000000005
2018-09-18,11.98,11.88,11.98,11.88,3580.0,0.0076
2018-09-19,12.05,11.98,12.05,11.98,4750.0,0.0058
2018-09-20,12.1,12.08,12.18,12.07,14030.0,0.0040999999999999995
2018-09-21,12.16,12.33,12.33,12.16,990.0,0.005
2018-09-22,0,0,0,0,0,0
2018-09-23,0,0,0,0,0,0
2018-09-24,12.13,12.34,12.34,12.13,3380.0,-0.0025
2018-09-25,12.12,12.25,12.27,12.06,7390.0,-0.0008
2018-09-26,11.98,12.08,12.21,11.98,6090.0,-0.0116
2018-09-27,11.95,11.96,12.06,11.95,3250.0,-0.0025
2018-09-28,11.98,11.96,11.98,11.86,2060.0,0.0025
2018-09-29,0,0,0,0,0,0
2018-09-30,0,0,0,0,0,0
2018-10-01,11.9,11.98,12.04,11.88,4019.9999999999995,-0.0067
2018-10-02,11.9,11.9,12.02,11.9,10310.0,0.0
2018-10-03,11.8,11.95,11.95,11.8,2430.0,-0.0084
2018-10-04,11.55,11.65,11.65,11.55,6050.0,-0.0212
2018-10-05,11.35,11.55,11.65,11.31,10310.0,-0.0173
2018-10-06,0,0,0,0,0,0
2018-10-07,0,0,0,0,0,0
2018-10-08,11.3,11.36,11.36,11.22,10230.0,-0.0044
2018-10-09,11.3,11.22,11.34,11.22,4500.0,0.0
2018-10-10,10.93,11.22,11.22,10.9,7610.0,-0.0327
2018-10-11,10.84,10.94,10.94,10.7,19060.0,-0.008199999999999999
2018-10-12,10.98,10.98,10.99,10.84,7810.0,0.0129
2018-10-13,0,0,0,0,0,0
2018-10-14,0,0,0,0,0,0
2018-10-15,11.01,10.98,11.01,10.94,7320.0,0.0027
2018-10-16,11.29,10.88,11.29,10.88,7330.0,0.0254
2018-10-17,11.21,11.28,11.28,11.21,4600.0,-0.0070999999999999995
2018-10-18,11.13,11.22,11.22,11.04,7030.0,-0.0070999999999999995
2018-10-19,11.01,11.15,11.15,11.0,6140.0,-0.0108
2018-10-20,0,0,0,0,0,0
2018-10-21,0,0,0,0,0,0
2018-10-22,11.03,11.08,11.1,11.0,10200.0,0.0018
2018-10-23,10.89,10.77,10.9,10.75,22720.0,-0.0127
2018-10-24,10.6,10.92,10.92,10.6,5840.0,-0.026600000000000002
2018-10-25,10.8,10.6,10.81,10.52,5930.0,0.0189
2018-10-26,10.65,10.69,10.74,10.5,18630.0,-0.0139
2018-10-27,0,0,0,0,0,0
2018-10-28,0,0,0,0,0,0
2018-10-29,10.5,10.71,10.74,10.5,14450.0,-0.0141
2018-10-30,10.74,10.44,10.74,10.44,9020.0,0.0229
2018-10-31,10.93,10.74,10.99,10.74,9570.0,0.0177
2018-11-01,11.17,11.05,11.17,11.04,2900.0,0.022000000000000002
2018-11-02,11.15,11.28,11.28,11.11,7280.0,-0.0018
2018-11-03,0,0,0,0,0,0
2018-11-04,0,0,0,0,0,0
2018-11-05,11.3,11.28,11.34,11.15,7250.0,0.013500000000000002
2018-11-06,11.37,11.41,11.41,11.28,2610.0,0.0062
2018-11-07,11.48,11.51,11.54,11.44,1880.0,0.0097
2018-11-08,11.59,11.42,11.59,11.35,3500.0,0.0096
2018-11-09,11.25,11.4,11.4,11.25,5660.0,-0.029300000000000003
2018-11-10,0,0,0,0,0,0
2018-11-11,0,0,0,0,0,0
2018-11-12,11.33,11.14,11.36,11.07,1960.0,0.0070999999999999995
2018-11-13,11.22,11.16,11.33,11.15,6020.0,-0.0097
2018-11-14,11.43,11.14,11.43,11.14,950.0,0.0187
2018-11-15,11.25,11.1,11.25,11.05,2840.0,-0.015700000000000002
2018-11-16,11.03,11.33,11.33,11.03,810.0,-0.0196
2018-11-17,0,0,0,0,0,0
2018-11-18,0,0,0,0,0,0
2018-11-19,11.16,11.22,11.22,11.06,21070.0,0.0118
2018-11-20,11.04,10.97,11.15,10.97,1560.0,-0.0108
2018-11-21,11.16,11.17,11.18,10.79,8860.0,0.0109
2018-11-22,0,0,0,0,0,0
2018-11-23,11.19,11.19,11.19,11.19,460.0,0.0027
2018-11-24,0,0,0,0,0,0
2018-11-25,0,0,0,0,0,0
2018-11-26,10.81,11.1,11.23,10.81,3310.0,-0.034
2018-11-27,11.39,11.22,11.39,11.02,5520.0,0.0537
2018-11-28,11.6,11.4,11.6,11.4,15480.0,0.0184
2018-11-29,11.3,11.6,11.76,11.3,4230.0,-0.0259
2018-11-30,11.57,11.29,11.6,11.29,3830.0,0.0239
2018-12-01,0,0,0,0,0,0
2018-12-02,0,0,0,0,0,0
2018-12-03,11.69,11.7,11.77,11.57,3520.0,0.0104
2018-12-04,11.42,11.71,11.71,11.4,10030.0,-0.0231
2018-12-05,0,0,0,0,0,0
2018-12-06,11.28,11.11,11.39,11.0,7090.0,-0.0123
2018-12-07,11.29,11.28,11.39,11.16,5750.0,0.0009
2018-12-08,0,0,0,0,0,0
2018-12-09,0,0,0,0,0,0
2018-12-10,11.1,11.12,11.29,10.99,14570.0,-0.0168
2018-12-11,11.12,10.91,11.21,10.91,11900.0,0.0018
2018-12-12,10.98,11.27,11.34,10.89,16650.0,-0.0126
2018-12-13,11.02,11.0,11.25,10.79,10930.0,0.0036
2018-12-14,11.04,11.08,11.28,10.79,7240.0,0.0018
2018-12-15,0,0,0,0,0,0
2018-12-16,0,0,0,0,0,0
2018-12-17,10.96,10.88,10.97,10.79,4120.0,-0.0072
2018-12-18,10.9,10.77,11.1,10.7,15030.0,-0.0055000000000000005
2018-12-19,10.61,10.71,10.9,10.61,118260.0,-0.026600000000000002
2018-12-20,10.62,10.35,10.78,10.33,18400.0,0.0009
2018-12-21,10.42,10.38,10.58,10.27,26020.0,-0.018799999999999997
2018-12-22,0,0,0,0,0,0
2018-12-23,0,0,0,0,0,0
2018-12-24,10.02,10.05,10.55,10.01,6080.0,-0.0384
2018-12-25,0,0,0,0,0,0
2018-12-26,9.75,9.98,10.25,9.75,23060.0,-0.0269
2018-12-27,10.22,10.28,10.94,10.0,53260.0,0.0482
2018-12-28,10.26,10.46,10.5,10.01,35510.0,0.0039000000000000003
2018-12-29,0,0,0,0,0,0
2018-12-30,0,0,0,0,0,0
2018-12-31,10.42,10.55,10.91,10.26,61990.0,0.015600000000000001
2019-01-01,0,0,0,0,0,0
2019-01-02,10.34,10.24,10.7,10.15,15270.0,-0.0077
2019-01-03,10.36,10.1,10.53,10.1,5010.0,0.0019
2019-01-04,10.53,10.34,10.55,10.34,5990.0,0.016399999999999998
2019-01-05,0,0,0,0,0,0
2019-01-06,0,0,0,0,0,0
2019-01-07,10.68,10.42,10.8,10.42,9810.0,0.014199999999999999
2019-01-08,10.7,10.57,10.72,10.4,26000.0,0.0019
2019-01-09,10.96,10.86,11.0,10.84,5690.0,0.024300000000000002
2019-01-10,10.99,11.0,11.0,10.9,19720.0,0.0027
2019-01-11,11.03,11.03,11.03,11.0,10440.0,0.0036
2019-01-12,0,0,0,0,0,0
2019-01-13,0,0,0,0,0,0
2019-01-14,11.03,10.95,11.1,10.92,5200.0,0.0
2019-01-15,10.98,11.02,11.02,10.92,8050.000000000001,-0.0045000000000000005
2019-01-16,11.03,11.01,11.11,10.98,6270.0,0.0046
2019-01-17,11.12,10.98,11.19,10.94,9060.0,0.008199999999999999
2019-01-18,11.14,11.07,11.14,11.07,490.0,0.0018
2019-01-19,0,0,0,0,0,0
2019-01-20,0,0,0,0,0,0
2019-01-21,0,0,0,0,0,0
2019-01-22,10.99,11.08,11.18,10.99,8270.0,-0.013500000000000002
2019-01-23,11.07,11.1,11.21,10.98,11480.0,0.0073
2019-01-24,11.3,11.15,11.32,11.15,1610.0,0.0208
2019-01-25,11.46,11.41,11.53,10.99,11550.0,0.014199999999999999
2019-01-26,0,0,0,0,0,0
2019-01-27,0,0,0,0,0,0
2019-01-28,11.41,11.32,11.43,11.32,9570.0,-0.0044
2019-01-29,11.46,11.42,11.48,11.42,3630.0,0.0044
2019-01-30,11.57,11.5,11.59,11.5,3130.0,0.0096
2019-01-31,11.71,11.6,11.72,11.6,8550.0,0.0121
2019-02-01,11.69,11.71,11.77,11.67,14130.0,-0.0017000000000000001
2019-02-02,0,0,0,0,0,0
2019-02-03,0,0,0,0,0,0
2019-02-04,11.79,11.79,11.81,11.76,13410.0,0.0086
2019-02-05,11.84,11.85,11.85,11.84,7010.0,0.0042
2019-02-06,11.86,11.84,11.93,11.84,3960.0,0.0017000000000000001
2019-02-07,11.74,11.86,11.86,11.68,14090.0,-0.0101
2019-02-08,11.67,11.61,11.67,11.61,4270.0,-0.006
2019-02-09,0,0,0,0,0,0
2019-02-10,0,0,0,0,0,0
2019-02-11,11.66,11.62,11.66,11.62,1400.0,-0.0009
2019-02-12,11.79,11.8,11.81,11.78,6010.0,0.0111
2019-02-13,11.89,11.85,11.92,11.85,1230.0,0.0085
2019-02-14,11.95,11.79,11.99,11.79,9510.0,0.005
2019-02-15,11.94,12.0,12.0,11.94,4490.0,-0.0008
2019-02-16,0,0,0,0,0,0
2019-02-17,0,0,0,0,0,0
2019-02-18,0,0,0,0,0,0
2019-02-19,12.07,11.91,12.07,11.91,42430.0,0.0109
2019-02-20,12.12,12.05,12.14,12.05,2830.0,0.0040999999999999995
2019-02-21,12.16,12.15,12.18,12.12,2760.0,0.0033
2019-02-22,12.36,12.2,12.36,12.2,3720.0,0.016399999999999998
2019-02-23,0,0,0,0,0,0
2019-02-24,0,0,0,0,0,0
2019-02-25,12.44,12.5,12.52,12.43,5040.0,0.006500000000000001
2019-02-26,12.47,12.46,12.48,12.4,8530.0,0.0024
2019-02-27,12.42,12.38,12.42,12.38,5680.0,-0.004
2019-02-28,12.35,12.32,12.38,12.32,26080.0,-0.005600000000000001
2019-03-01,12.36,12.37,12.38,12.34,10320.0,0.0008
2019-03-02,0,0,0,0,0,0
2019-03-03,0,0,0,0,0,0
2019-03-04,12.36,12.41,12.45,12.3,4950.0,0.0
2019-03-05,12.42,12.35,12.43,12.35,2940.0,0.0049
2019-03-06,12.2,12.32,12.32,12.2,4960.0,-0.0177
2019-03-07,12.0,12.17,12.17,11.99,6970.0,-0.016399999999999998
2019-03-08,11.89,11.78,11.89,11.78,3450.0,-0.0092
2019-03-09,0,0,0,0,0,0
2019-03-10,0,0,0,0,0,0
2019-03-11,12.11,11.97,12.11,11.97,5040.0,0.018500000000000003
2019-03-12,12.16,12.17,12.19,12.13,6310.0,0.0040999999999999995
2019-03-13,12.24,12.25,12.25,12.2,1440.0,0.0066
2019-03-14,12.18,12.19,12.19,12.17,2290.0,-0.0049
2019-03-15,12.17,12.16,12.23,12.16,15230.0,-0.0008
2019-03-16,0,0,0,0,0,0
2019-03-17,0,0,0,0,0,0
2019-03-18,12.22,12.24,12.24,12.2,3640.0,0.0040999999999999995
2019-03-19,12.22,12.22,12.27,12.21,6170.0,0.0
2019-03-20,12.26,12.28,12.31,12.18,3510.0,0.0033
2019-03-21,12.23,12.24,12.28,12.21,5450.0,-0.0024
2019-03-22,11.95,12.03,12.03,11.95,3180.0,-0.0229
2019-03-23,0,0,0,0,0,0
2019-03-24,0,0,0,0,0,0
2019-03-25,11.88,11.91,11.91,11.86,2360.0,-0.0059
2019-03-26,11.86,11.83,11.93,11.83,5390.0,-0.0017000000000000001
2019-03-27,11.91,11.91,11.93,11.84,2960.0,0.0042
2019-03-28,11.9,11.94,11.94,11.86,5890.0,-0.0008
2019-03-29,11.97,11.95,11.97,11.95,3020.0,0.0059
2019-03-30,0,0,0,0,0,0
2019-03-31,0,0,0,0,0,0
2019-04-01,12.12,12.02,12.12,12.02,2620.0,0.0125
2019-04-02,12.19,12.15,12.19,12.15,2370.0,0.0058
2019-04-03,12.31,12.25,12.35,12.25,2680.0,0.0098
2019-04-04,12.31,12.34,12.34,12.26,9580.0,0.0
2019-04-05,12.4,12.38,12.4,12.36,4530.0,0.0073
2019-04-06,0,0,0,0,0,0
2019-04-07,0,0,0,0,0,0
2019-04-08,12.43,12.37,12.43,12.37,4100.0,0.0024
2019-04-09,12.36,12.38,12.42,12.36,6870.0,-0.005600000000000001
2019-04-10,12.47,12.46,12.47,12.38,5090.0,0.0089
2019-04-11,12.35,12.43,12.43,12.33,1570.0,-0.0096
2019-04-12,12.39,12.37,12.39,12.37,5050.0,0.0032
2019-04-13,0,0,0,0,0,0
2019-04-14,0,0,0,0,0,0
2019-04-15,12.42,12.4,12.42,12.4,1720.0,0.0024
2019-04-16,12.46,12.46,12.49,12.46,3430.0,0.0032
2019-04-17,12.54,12.5,12.57,12.5,11300.0,0.0064
2019-04-18,12.48,12.5,12.52,12.48,3470.0,-0.0048
2019-04-19,0,0,0,0,0,0
2019-04-20,0,0,0,0,0,0
2019-04-21,0,0,0,0,0,0
2019-04-22,12.48,12.52,12.52,12.45,5610.0,0.0
2019-04-23,12.52,12.5,12.52,12.44,1140.0,0.0032
2019-04-24,12.46,12.44,12.51,12.43,3590.0,-0.0048
2019-04-25,12.38,12.43,12.43,12.35,3390.0,-0.0064
2019-04-26,12.4,12.38,12.4,12.38,340.0,0.0016
2019-04-27,0,0,0,0,0,0
2019-04-28,0,0,0,0,0,0
2019-04-29,12.41,12.42,12.42,12.41,770.0,0.0008
2019-04-30,12.42,12.4,12.42,12.38,4630.0,0.0008
2019-05-01,12.37,12.4,12.44,12.37,780.0,-0.004
2019-05-02,12.29,12.26,12.33,12.26,6200.0,-0.006500000000000001
2019-05-03,12.47,12.35,12.47,12.35,3380.0,0.0146
2019-05-04,0,0,0,0,0,0
2019-05-05,0,0,0,0,0,0
2019-05-06,12.24,12.19,12.3,12.19,8350.0,-0.0184
2019-05-07,12.31,12.29,12.31,12.26,650.0,0.005699999999999999
2019-05-08,12.25,12.36,12.36,12.25,6270.0,-0.0049
2019-05-09,12.11,12.02,12.15,12.01,6750.0,-0.011399999999999999
2019-05-10,12.19,12.16,12.19,12.11,2940.0,0.0066
2019-05-11,0,0,0,0,0,0
2019-05-12,0,0,0,0,0,0
2019-05-13,11.82,11.97,11.97,11.79,3540.0,-0.0304
2019-05-14,11.93,11.92,11.98,11.92,2980.0,0.009300000000000001
2019-05-15,12.06,11.88,12.11,11.88,4270.0,0.0109
2019-05-16,12.13,12.04,12.17,12.04,2900.0,0.0058
2019-05-17,11.97,11.95,12.03,11.95,1120.0,-0.0132
2019-05-18,0,0,0,0,0,0
2019-05-19,0,0,0,0,0,0
2019-05-20,11.8,11.79,11.83,11.76,2550.0,-0.014199999999999999
2019-05-21,11.99,11.85,12.01,11.85,4550.0,0.0161
2019-05-22,11.98,12.04,12.04,11.95,6030.0,-0.0008
2019-05-23,11.77,11.87,11.87,11.71,4059.9999999999995,-0.0175
2019-05-24,11.9,11.83,11.9,11.83,2260.0,0.011000000000000001
2019-05-25,0,0,0,0,0,0
2019-05-26,0,0,0,0,0,0
2019-05-27,0,0,0,0,0,0
2019-05-28,11.91,11.95,11.95,11.91,5100.0,0.0008
2019-05-29,11.8,11.87,11.87,11.75,4960.0,-0.0092
2019-05-30,11.84,11.84,11.87,11.81,6000.0,0.0034000000000000002
2019-05-31,11.76,11.7,11.78,11.7,3190.0,-0.0068000000000000005
2019-06-01,0,0,0,0,0,0
2019-06-02,0,0,0,0,0,0
2019-06-03,11.85,11.85,11.87,11.82,4650.0,0.0077
2019-06-04,12.01,11.89,12.01,11.85,4910.0,0.013500000000000002
2019-06-05,12.04,12.03,12.04,12.02,950.0,0.0025
2019-06-06,12.0,11.96,12.0,11.92,3180.0,-0.0033
2019-06-07,12.15,12.14,12.16,12.14,9960.0,0.0125
2019-06-08,0,0,0,0,0,0
2019-06-09,0,0,0,0,0,0
2019-06-10,12.21,12.15,12.24,12.15,7580.0,0.0049
2019-06-11,12.27,12.23,12.29,12.23,7760.0,0.0049
2019-06-12,12.15,12.21,12.21,12.15,2060.0,-0.0098
2019-06-13,12.27,12.18,12.29,12.18,3240.0,0.009899999999999999
2019-06-14,12.19,12.19,12.19,12.19,350.0,-0.006500000000000001
2019-06-15,0,0,0,0,0,0
2019-06-16,0,0,0,0,0,0
2019-06-17,12.17,12.21,12.21,12.15,6110.0,-0.0016
2019-06-18,12.36,12.33,12.39,12.33,930.0,0.015600000000000001
2019-06-19,12.45,12.35,12.46,12.33,4080.0,0.0073
2019-06-20,12.58,12.58,12.63,12.54,6520.0,0.0104
2019-06-21,12.54,12.58,12.58,12.54,1640.0,-0.0032
2019-06-22,0,0,0,0,0,0
2019-06-23,0,0,0,0,0,0
2019-06-24,12.47,12.48,12.48,12.47,1990.0,-0.005600000000000001
2019-06-25,12.35,12.54,12.54,12.35,30300.0,-0.0096
2019-06-26,12.4,12.45,12.47,12.38,4600.0,0.004
2019-06-27,12.52,12.41,12.54,12.41,6500.0,0.0097
2019-06-28,12.55,12.65,12.65,12.54,7410.0,0.0024
2019-06-29,0,0,0,0,0,0
2019-06-30,0,0,0,0,0,0
2019-07-01,12.65,12.67,12.72,12.63,16490.0,0.008
2019-07-02,12.69,12.71,12.71,12.62,2450.0,0.0032
2019-07-03,12.77,12.75,12.78,12.75,2320.0,0.0063
2019-07-04,0,0,0,0,0,0
2019-07-05,12.7,12.74,12.74,12.62,4710.0,-0.0055000000000000005
2019-07-06,0,0,0,0,0,0
2019-07-07,0,0,0,0,0,0
2019-07-08,12.65,12.65,12.65,12.61,1820.0,-0.0039000000000000003
2019-07-09,12.61,12.64,12.64,12.57,8230.0,-0.0032
2019-07-10,12.71,12.66,12.74,12.66,4110.0,0.0079
2019-07-11,12.64,12.68,12.71,12.6,1670.0,-0.0055000000000000005
2019-07-12,12.66,12.63,12.67,12.62,2620.0,0.0016
2019-07-13,0,0,0,0,0,0
2019-07-14,0,0,0,0,0,0
2019-07-15,12.64,12.65,12.65,12.62,3160.0,-0.0016
2019-07-16,12.63,12.67,12.67,12.62,3770.0,-0.0008
2019-07-17,12.6,12.6,12.62,12.58,3050.0,-0.0024
2019-07-18,12.61,12.49,12.61,12.49,1090.0,0.0008
2019-07-19,12.63,12.58,12.67,12.58,11130.0,0.0016
2019-07-20,0,0,0,0,0,0
2019-07-21,0,0,0,0,0,0
2019-07-22,12.61,12.61,12.63,12.57,2820.0,-0.0016
2019-07-23,12.62,12.57,12.62,12.55,1160.0,0.0008
2019-07-24,12.66,12.67,12.68,12.55,10510.0,0.0032
2019-07-25,12.5,12.54,12.57,12.48,5710.0,-0.0126
2019-07-26,12.54,12.54,12.54,12.5,650.0,0.0032
2019-07-27,0,0,0,0,0,0
2019-07-28,0,0,0,0,0,0
2019-07-29,12.55,12.54,12.55,12.5,2960.0,0.0008
2019-07-30,12.46,12.45,12.46,12.43,1220.0,-0.0072
2019-07-31,12.48,12.54,12.6,12.48,10080.0,0.0016
2019-08-01,12.45,12.47,12.51,12.45,2820.0,-0.0024
2019-08-02,12.44,12.53,12.53,12.4,1800.0,-0.0008
2019-08-03,0,0,0,0,0,0
2019-08-04,0,0,0,0,0,0
2019-08-05,12.0,12.23,12.23,11.96,3400.0,-0.0354
2019-08-06,12.15,12.19,12.21,12.1,14530.0,0.0125
2019-08-07,12.27,12.21,12.29,12.07,4600.0,0.009899999999999999
2019-08-08,12.44,12.32,12.47,12.31,10830.0,0.0139
2019-08-09,12.32,12.44,12.44,12.25,6390.0,-0.0096
2019-08-10,0,0,0,0,0,0
2019-08-11,0,0,0,0,0,0
2019-08-12,12.18,12.3,12.3,12.13,6430.0,-0.011399999999999999
2019-08-13,12.14,12.04,12.21,12.04,12250.0,-0.0033
2019-08-14,11.81,12.0,12.0,11.77,3470.0,-0.027200000000000002
2019-08-15,11.78,11.78,11.78,11.78,520.0,-0.0025
2019-08-16,11.92,11.96,11.96,11.92,1660.0,0.011899999999999999
2019-08-17,0,0,0,0,0,0
2019-08-18,0,0,0,0,0,0
2019-08-19,12.07,12.0,12.1,12.0,6860.0,0.0126
2019-08-20,12.11,12.12,12.13,12.1,4050.0,0.0033
2019-08-21,12.19,12.17,12.2,12.16,3220.0,0.0066
2019-08-22,12.11,12.15,12.15,12.1,5970.0,-0.0066
2019-08-23,11.84,11.99,12.06,11.84,2930.0,-0.0223
2019-08-24,0,0,0,0,0,0
2019-08-25,0,0,0,0,0,0
2019-08-26,11.95,11.99,11.99,11.88,3300.0,0.009300000000000001
2019-08-27,11.95,11.97,12.01,11.92,5610.0,0.0
2019-08-28,11.97,11.9,12.02,11.9,9600.0,0.0017000000000000001
2019-08-29,12.05,12.0,12.07,12.0,4620.0,0.0067
2019-08-30,12.07,12.15,12.15,12.04,4330.0,0.0017000000000000001
2019-08-31,0,0,0,0,0,0
2019-09-01,0,0,0,0,0,0
2019-09-02,0,0,0,0,0,0
2019-09-03,12.06,12.01,12.08,12.01,1130.0,-0.0008
2019-09-04,12.2,12.09,12.2,12.09,2950.0,0.0116
2019-09-05,12.28,12.23,12.3,12.23,4050.0,0.0066
2019-09-06,12.26,12.26,12.26,12.26,1330.0,-0.0016
2019-09-07,0,0,0,0,0,0
2019-09-08,0,0,0,0,0,0
2019-09-09,12.26,12.25,12.3,12.23,14050.0,0.0
2019-09-10,12.26,12.2,12.29,12.17,4280.0,0.0
2019-09-11,12.38,12.25,12.38,12.25,5380.0,0.0098
2019-09-12,12.44,12.4,12.46,12.4,1470.0,0.0048
2019-09-13,12.48,12.48,12.5,12.48,3310.0,0.0032
2019-09-14,0,0,0,0,0,0
2019-09-15,0,0,0,0,0,0
2019-09-16,12.53,12.5,12.53,12.5,2009.9999999999998,0.004
2019-09-17,12.59,12.49,12.59,12.49,1600.0,0.0048
2019-09-18,12.62,12.57,12.62,12.49,7230.0,0.0024
2019-09-19,12.67,12.69,12.72,12.67,8870.0,0.004
2019-09-20,12.65,12.64,12.65,12.64,1720.0,-0.0016
2019-09-21,0,0,0,0,0,0
2019-09-22,0,0,0,0,0,0
2019-09-23,12.59,12.57,12.6,12.5,3440.0,-0.004699999999999999
2019-09-24,12.43,12.51,12.51,12.42,2890.0,-0.0127
2019-09-25,12.36,12.35,12.36,12.28,12300.0,-0.005600000000000001
2019-09-26,12.28,12.35,12.35,12.27,8570.0,-0.006500000000000001
2019-09-27,12.13,12.25,12.25,12.12,2320.0,-0.012199999999999999
2019-09-28,0,0,0,0,0,0
2019-09-29,0,0,0,0,0,0
2019-09-30,12.17,12.23,12.23,12.15,5030.0,0.0033
2019-10-01,12.04,12.2,12.2,12.02,2770.0,-0.010700000000000001
2019-10-02,11.92,12.01,12.01,11.88,3760.0,-0.01
2019-10-03,11.99,11.95,11.99,11.95,1150.0,0.0059
2019-10-04,12.19,12.12,12.19,12.12,5110.0,0.0167
2019-10-05,0,0,0,0,0,0
2019-10-06,0,0,0,0,0,0
2019-10-07,12.11,12.05,12.18,12.05,2860.0,-0.0066
2019-10-08,12.03,12.08,12.12,12.03,10190.0,-0.0066
2019-10-09,12.09,12.11,12.12,12.06,5000.0,0.005
2019-10-10,12.2,12.16,12.24,12.16,11060.0,0.0091
2019-10-11,12.32,12.23,12.32,12.23,350.0,0.0098
2019-10-12,0,0,0,0,0,0
2019-10-13,0,0,0,0,0,0
2019-10-14,12.24,12.26,12.28,12.21,10960.0,-0.006500000000000001
2019-10-15,12.35,12.25,12.36,12.25,3020.0,0.009000000000000001
2019-10-16,12.35,12.37,12.37,12.34,2740.0,0.0
2019-10-17,12.4,12.43,12.43,12.37,9870.0,0.004
2019-10-18,12.46,12.4,12.46,12.4,3460.0,0.0048
2019-10-19,0,0,0,0,0,0
2019-10-20,0,0,0,0,0,0
2019-10-21,12.51,12.45,12.51,12.45,3030.0,0.004
2019-10-22,12.46,12.51,12.51,12.45,8360.0,-0.004
2019-10-23,12.51,12.53,12.53,12.51,360.0,0.004
2019-10-24,12.57,12.57,12.59,12.54,6420.0,0.0048
2019-10-25,12.56,12.51,12.56,12.49,3780.0,-0.0008
2019-10-26,0,0,0,0,0,0
2019-10-27,0,0,0,0,0,0
2019-10-28,12.66,12.64,12.67,12.64,2210.0,0.008
2019-10-29,12.63,12.65,12.68,12.63,1130.0,-0.0024
2019-10-30,12.62,12.59,12.62,12.55,1290.0,-0.0008
2019-10-31,12.56,12.61,12.61,12.53,5370.0,-0.0048
2019-11-01,12.68,12.7,12.7,12.65,5290.0,0.0096
2019-11-02,0,0,0,0,0,0
2019-11-03,0,0,0,0,0,0
2019-11-04,12.73,12.8,12.8,12.73,4440.0,0.0039000000000000003
2019-11-05,12.8,12.8,12.8,12.74,10610.0,0.0055000000000000005
2019-11-06,12.79,12.8,12.86,12.77,2990.0,-0.0008
2019-11-07,12.8,12.82,12.84,12.8,1400.0,0.0008
2019-11-08,12.84,12.83,12.9,12.81,8410.0,0.0031
2019-11-09,0,0,0,0,0,0
2019-11-10,0,0,0,0,0,0
2019-11-11,12.88,12.83,12.91,12.83,16750.0,0.0031
2019-11-12,12.91,12.94,12.94,12.91,1830.0,0.0023
2019-11-13,12.88,12.9,12.91,12.87,2460.0,-0.0023
2019-11-14,12.94,12.9,12.95,12.88,1330.0,0.004699999999999999
2019-11-15,13.06,12.97,13.06,12.97,7030.0,0.009300000000000001
2019-11-16,0,0,0,0,0,0
2019-11-17,0,0,0,0,0,0
2019-11-18,13.07,13.06,13.11,13.06,2200.0,0.0008
2019-11-19,13.04,13.06,13.07,13.04,12260.0,-0.0023
2019-11-20,13.0,13.07,13.07,12.96,4000.0,-0.0031
2019-11-21,12.95,12.99,12.99,12.91,1890.0,-0.0038
2019-11-22,13.0,12.94,13.02,12.94,3170.0,0.0039000000000000003
2019-11-23,0,0,0,0,0,0
2019-11-24,0,0,0,0,0,0
2019-11-25,13.16,13.11,13.17,13.1,7830.0,0.0123
2019-11-26,13.16,13.14,13.2,13.12,14090.0,0.0
2019-11-27,13.24,13.2,13.24,13.16,5300.0,0.0060999999999999995
2019-11-28,0,0,0,0,0,0
2019-11-29,13.18,13.11,13.18,13.11,1530.0,-0.0045000000000000005
2019-11-30,0,0,0,0,0,0
2019-12-01,0,0,0,0,0,0
2019-12-02,13.14,13.17,13.19,13.14,10490.0,-0.003
2019-12-03,13.18,13.1,13.21,13.08,20870.0,0.003
2019-12-04,13.33,13.27,13.33,13.27,21800.0,0.011399999999999999
2019-12-05,13.29,13.33,13.34,13.28,12230.0,-0.003
2019-12-06,13.41,13.38,13.41,13.38,1330.0,0.009000000000000001
2019-12-07,0,0,0,0,0,0
2019-12-08,0,0,0,0,0,0
2019-12-09,13.39,13.43,13.43,13.39,12330.0,-0.0015
2019-12-10,13.43,13.4,13.44,13.39,14090.0,0.003
2019-12-11,13.51,13.43,13.51,13.43,2790.0,0.006
2019-12-12,13.66,13.59,13.66,13.53,5350.0,0.0111
2019-12-13,13.68,13.7,13.71,13.65,4730.0,0.0015
2019-12-14,0,0,0,0,0,0
2019-12-15,0,0,0,0,0,0
2019-12-16,13.88,13.77,13.92,13.77,6930.0,0.0146
2019-12-17,14.0,14.0,14.01,13.94,9740.0,0.0086
2019-12-18,13.98,14.0,14.0,13.93,5430.0,-0.0014000000000000002
2019-12-19,13.98,14.07,14.07,13.96,5490.0,0.0
2019-12-20,14.07,14.0,14.09,14.0,13170.0,0.0064
2019-12-21,0,0,0,0,0,0
2019-12-22,0,0,0,0,0,0
2019-12-23,14.03,14.01,14.04,13.96,19470.0,-0.0028000000000000004
2019-12-24,14.04,14.04,14.04,14.0,11900.0,0.0007000000000000001
2019-12-25,0,0,0,0,0,0
2019-12-26,14.14,14.16,14.18,14.12,2060.0,0.0070999999999999995
2019-12-27,14.16,14.31,14.31,14.16,18560.0,0.0014000000000000002
2019-12-28,0,0,0,0,0,0
2019-12-29,0,0,0,0,0,0
2019-12-30,14.24,14.33,14.33,14.17,9590.0,0.005600000000000001
2019-12-31,14.3,14.39,14.39,14.28,8810.0,0.0042
2020-01-01,0,0,0,0,0,0
2020-01-02,14.54,14.44,14.54,14.42,19380.0,0.0168
2020-01-03,14.43,14.33,14.46,14.33,44190.0,-0.0076
2020-01-04,0,0,0,0,0,0
2020-01-05,0,0,0,0,0,0
2020-01-06,14.43,14.41,14.44,14.37,5640.0,0.0
2020-01-07,14.45,14.49,14.5,14.42,77100.0,0.0014000000000000002
2020-01-08,14.55,14.48,14.59,14.48,32950.0,0.0069
2020-01-09,14.65,14.61,14.69,14.61,17150.0,0.0069
2020-01-10,14.68,14.72,14.72,14.65,42690.0,0.002
2020-01-11,0,0,0,0,0,0
2020-01-12,0,0,0,0,0,0
2020-01-13,15.05,14.97,15.1,14.92,45930.0,0.0252
2020-01-14,15.09,15.04,15.14,15.04,28540.0,0.0027
2020-01-15,15.17,15.19,15.21,15.14,117490.0,0.0053
2020-01-16,15.33,15.34,15.35,15.28,21890.0,0.0105
2020-01-17,15.4,15.35,15.42,15.33,30050.0,0.0046
2020-01-18,0,0,0,0,0,0
2020-01-19,0,0,0,0,0,0
2020-01-20,0,0,0,0,0,0
2020-01-21,15.4,15.48,15.51,15.37,31360.0,0.0
2020-01-22,15.31,15.55,15.55,15.31,27030.0,-0.0058
2020-01-23,15.3,15.18,15.3,15.14,13740.0,-0.0007000000000000001
2020-01-24,15.25,15.41,15.41,15.23,10290.0,-0.0033
2020-01-25,0,0,0,0,0,0
2020-01-26,0,0,0,0,0,0
2020-01-27,14.85,14.97,14.97,14.62,44080.0,-0.0262
2020-01-28,15.11,15.05,15.13,14.89,28920.0,0.0175
2020-01-29,15.08,15.11,15.15,15.05,6630.0,-0.002
2020-01-30,14.97,14.99,14.99,14.85,29810.0,-0.0073
2020-01-31,14.76,14.89,14.93,14.71,28270.0,-0.013999999999999999
2020-02-01,0,0,0,0,0,0
2020-02-02,0,0,0,0,0,0
2020-02-03,14.96,14.84,15.0,14.84,7610.0,0.013600000000000001
2020-02-04,15.46,15.27,15.51,15.27,24490.0,0.0334
2020-02-05,15.59,15.59,15.61,15.51,66650.0,0.0084
2020-02-06,15.67,15.62,15.71,15.59,13280.0,0.0051
2020-02-07,15.49,15.49,15.54,15.47,14420.0,-0.0115
2020-02-08,0,0,0,0,0,0
2020-02-09,0,0,0,0,0,0
2020-02-10,15.63,15.57,15.63,15.5,15910.0,0.009000000000000001
2020-02-11,15.97,15.9,16.0,15.89,35890.0,0.0218
2020-02-12,16.25,16.0,16.26,16.0,115550.0,0.0175
2020-02-13,16.15,16.04,16.17,16.02,69900.0,-0.0062
2020-02-14,16.23,16.24,16.28,16.17,42730.0,0.005
2020-02-15,0,0,0,0,0,0
2020-02-16,0,0,0,0,0,0
2020-02-17,16.23,16.23,16.23,16.23,0.0,0.0
2020-02-18,16.32,16.24,16.38,16.24,57290.0,0.0055000000000000005
2020-02-19,16.95,16.66,16.95,16.64,18300.0,0.038599999999999995
2020-02-20,16.93,16.98,17.1,16.77,42000.0,-0.0012
2020-02-21,16.74,16.9,16.9,16.68,29450.0,-0.011200000000000002
2020-02-22,0,0,0,0,0,0
2020-02-23,0,0,0,0,0,0
2020-02-24,16.0,16.01,16.05,15.85,41630.0,-0.044199999999999996
2020-02-25,15.67,16.2,16.2,15.62,30790.0,-0.0206
2020-02-26,15.61,15.64,15.87,15.55,24550.0,-0.0038
2020-02-27,14.83,15.19,15.25,14.83,45700.0,-0.05
2020-02-28,14.65,14.25,14.71,14.14,45540.0,-0.0121
2020-02-29,0,0,0,0,0,0
2020-03-01,0,0,0,0,0,0
2020-03-02,15.19,14.81,15.25,14.78,65150.00000000001,0.0369
2020-03-03,15.3,15.4,15.84,15.17,38900.0,0.0072
2020-03-04,15.7,15.6,15.74,15.41,161670.0,0.026099999999999998
2020-03-05,15.38,15.38,15.58,15.3,7840.0,-0.0204
2020-03-06,14.97,15.12,15.15,14.9,16480.0,-0.026699999999999998
2020-03-07,0,0,0,0,0,0
2020-03-08,0,0,0,0,0,0
2020-03-09,13.72,13.5,14.07,13.5,24790.0,-0.08349999999999999
2020-03-10,14.04,14.24,14.24,13.62,38270.0,0.0233
2020-03-11,13.28,13.62,13.62,13.08,127620.0,-0.0541
2020-03-12,11.64,12.27,12.27,11.55,43880.0,-0.1235
2020-03-13,12.91,12.66,13.0,11.51,49000.0,0.1091
2020-03-14,12.91,12.91,12.91,12.91,0.0,0.0
2020-03-15,0,0,0,0,0,0
2020-03-16,10.55,10.5,11.03,10.5,35900.0,-0.18280000000000002
2020-03-17,11.1,10.62,11.1,10.5,53270.0,0.0521
2020-03-18,10.06,10.12,10.54,9.81,51960.0,-0.09369999999999999
2020-03-19,10.22,9.7,10.33,9.7,27520.0,0.0159
2020-03-20,10.23,10.5,10.81,10.22,23820.0,0.0005
2020-03-21,10.22,10.22,10.22,10.22,0.0,-0.0005
2020-03-22,0,0,0,0,0,0
2020-03-23,10.13,9.97,10.24,9.9,59400.0,-0.0088
2020-03-24,11.13,10.89,11.2,10.87,44030.0,0.0987
2020-03-25,11.58,11.4,11.81,11.22,11640.0,0.0404
2020-03-26,12.05,11.63,12.1,11.63,40110.0,0.0406
2020-03-27,11.45,11.49,11.73,11.39,15920.0,-0.049800000000000004
2020-03-28,11.45,11.45,11.45,11.45,0.0,0.0
2020-03-29,0,0,0,0,0,0
2020-03-30,11.58,11.35,11.58,11.35,21020.0,0.011399999999999999
2020-03-31,11.57,11.49,11.77,11.49,9060.0,-0.0009
2020-04-01,11.08,11.32,11.44,11.01,70740.0,-0.042300000000000004
2020-04-02,11.16,11.14,11.32,11.05,51240.0,0.0072
2020-04-03,11.11,11.14,11.26,11.03,24370.0,-0.0045000000000000005
2020-04-04,0,0,0,0,0,0
2020-04-05,0,0,0,0,0,0
2020-04-06,11.76,11.33,11.82,11.33,18310.0,0.058499999999999996
2020-04-07,11.97,12.12,12.4,11.96,37140.0,0.0179
2020-04-08,12.24,12.05,12.31,12.05,26650.0,0.0226
2020-04-09,12.51,12.4,12.64,12.4,9190.0,0.022099999999999998
2020-04-10,0,0,0,0,0,0
2020-04-11,0,0,0,0,0,0
2020-04-12,0,0,0,0,0,0
2020-04-13,12.45,12.55,12.55,12.25,29420.0,-0.0048
2020-04-14,12.89,12.58,12.95,12.58,9090.0,0.0353
2020-04-15,12.46,12.44,12.53,12.35,10920.0,-0.0334
2020-04-16,12.42,12.48,12.5,12.36,30610.0,-0.0032
2020-04-17,12.77,12.81,12.81,12.68,16760.0,0.0282
2020-04-18,0,0,0,0,0,0
2020-04-19,0,0,0,0,0,0
2020-04-20,12.66,12.73,12.9,12.61,28670.0,-0.0086
2020-04-21,12.35,12.48,12.49,12.28,14970.0,-0.0245
2020-04-22,12.64,12.6,12.68,12.56,8390.0,0.0235
2020-04-23,12.7,12.85,12.93,12.69,9160.0,0.004699999999999999
2020-04-24,12.73,12.67,12.77,12.66,5370.0,0.0024
2020-04-25,0,0,0,0,0,0
2020-04-26,0,0,0,0,0,0
2020-04-27,13.05,12.79,13.06,12.79,40650.0,0.025099999999999997
2020-04-28,13.14,13.21,13.3,13.14,21640.0,0.0069
2020-04-29,13.67,13.46,13.71,13.46,18060.0,0.0403
2020-04-30,13.39,13.6,13.62,13.31,25970.0,-0.020499999999999997
2020-05-01,12.9,13.18,13.19,12.85,33290.0,-0.0366
2020-05-02,12.9,12.9,12.9,12.9,0.0,0.0
2020-05-03,12.9,12.9,12.9,12.9,0.0,0.0
2020-05-04,13.08,12.86,13.12,12.81,12760.0,0.013999999999999999
2020-05-05,13.19,13.29,13.31,13.14,24420.0,0.0084
2020-05-06,13.25,13.19,13.3,13.19,5690.0,0.0045000000000000005
2020-05-07,13.4,13.48,13.48,13.33,14660.0,0.0113
2020-05-08,13.76,13.53,13.76,13.53,18130.0,0.0265
2020-05-09,0,0,0,0,0,0
2020-05-10,0,0,0,0,0,0
2020-05-11,13.68,13.71,13.76,13.56,15960.0,-0.0055000000000000005
2020-05-12,13.55,13.73,13.89,13.55,11650.0,-0.0092
2020-05-13,13.33,13.55,13.55,13.33,13770.0,-0.0165
2020-05-14,13.23,12.97,13.23,12.97,19410.0,-0.0075
2020-05-15,13.17,13.15,13.17,13.15,3440.0,-0.0045000000000000005
2020-05-16,0,0,0,0,0,0
2020-05-17,0,0,0,0,0,0
2020-05-18,13.76,13.63,13.76,13.63,14330.0,0.044800000000000006
2020-05-19,13.75,13.81,13.84,13.75,5770.0,-0.0007000000000000001
2020-05-20,13.95,14.0,14.0,13.93,13360.0,0.014499999999999999
2020-05-21,13.8,13.76,13.8,13.76,4330.0,-0.0108
2020-05-22,13.7,13.68,13.71,13.67,3880.0,-0.0072
2020-05-23,0,0,0,0,0,0
2020-05-24,0,0,0,0,0,0
2020-05-25,0,0,0,0,0,0
2020-05-26,14.26,14.3,14.3,14.26,5430.0,0.0409
2020-05-27,14.39,14.15,14.39,14.15,17460.0,0.0091
2020-05-28,14.33,14.51,14.52,14.33,4860.0,-0.0045000000000000005
2020-05-29,14.48,14.32,14.48,14.31,15430.0,0.0109
2020-05-30,0,0,0,0,0,0
2020-05-31,0,0,0,0,0,0
2020-06-01,14.85,14.73,14.85,14.73,11780.0,0.0254
2020-06-02,14.92,14.91,14.92,14.88,6470.0,0.004699999999999999
2020-06-03,15.2,15.24,15.24,15.2,12620.0,0.018799999999999997
2020-06-04,15.29,15.32,15.32,15.23,4690.0,0.0059
2020-06-05,15.56,15.66,15.66,15.56,16320.0,0.0177
2020-06-06,0,0,0,0,0,0
2020-06-07,15.56,15.56,15.56,15.56,0.0,0.0
2020-06-08,15.81,15.69,15.81,15.69,15010.0,0.0161
2020-06-09,15.68,15.67,15.73,15.57,3860.0,-0.008199999999999999
2020-06-10,15.73,15.7,15.85,15.69,6530.0,0.003
2020-06-11,14.76,15.26,15.28,14.75,8950.0,-0.0613
2020-06-12,15.07,15.02,15.08,14.88,4010.0,0.0209
2020-06-13,0,0,0,0,0,0
2020-06-14,0,0,0,0,0,0
2020-06-15,15.26,15.24,15.26,15.24,13590.0,0.0125
2020-06-16,15.45,15.5,15.5,15.45,10540.0,0.0125
2020-06-17,15.42,15.54,15.54,15.41,5870.0,-0.0019
2020-06-18,15.51,15.53,15.56,15.49,5580.0,0.0058
2020-06-19,15.47,15.62,15.7,15.47,7970.0,-0.0025
2020-06-20,0,0,0,0,0,0
2020-06-21,0,0,0,0,0,0
2020-06-22,15.57,15.6,15.6,15.54,5840.0,0.0064
2020-06-23,15.74,15.85,15.85,15.73,6910.0,0.0108
2020-06-24,15.56,15.54,15.57,15.54,23080.0,-0.0113
2020-06-25,15.55,15.41,15.56,15.4,31930.0,-0.0006
2020-06-26,15.21,15.54,15.54,15.21,24400.0,-0.0219
2020-06-27,0,0,0,0,0,0
2020-06-28,0,0,0,0,0,0
2020-06-29,15.62,15.56,15.62,15.56,4980.0,0.027000000000000003
2020-06-30,15.86,15.75,15.86,15.75,5720.0,0.0154
2020-07-01,15.96,15.87,15.99,15.87,9200.0,0.0063
2020-07-02,16.29,16.3,16.32,16.29,9050.0,0.0207
2020-07-03,0,0,0,0,0,0
2020-07-04,16.29,16.29,16.29,16.29,0.0,0.0
2020-07-05,16.29,16.29,16.29,16.29,0.0,0.0
2020-07-06,16.98,16.88,16.98,16.88,19540.0,0.0424
2020-07-07,16.97,17.03,17.1,16.93,11180.0,-0.0005
2020-07-08,17.28,17.21,17.28,17.19,32110.0,0.0181
2020-07-09,17.19,17.3,17.3,16.99,13610.0,-0.0052
2020-07-10,17.32,17.14,17.32,17.14,18810.0,0.0076
2020-07-11,17.32,17.32,17.32,17.32,0.0,0.0
2020-07-12,17.32,17.32,17.32,17.32,0.0,0.0
2020-07-13,17.2,17.7,17.73,17.2,27060.0,-0.0069
2020-07-14,17.52,17.35,17.52,17.35,28180.0,0.018600000000000002
2020-07-15,17.84,17.76,17.84,17.75,20490.0,0.0183
2020-07-16,17.73,17.77,17.77,17.73,14690.0,-0.0062
2020-07-17,17.83,17.81,17.84,17.73,6910.0,0.005699999999999999
2020-07-18,0,0,0,0,0,0
2020-07-19,0,0,0,0,0,0
2020-07-20,18.23,18.07,18.23,18.07,21280.0,0.0223
2020-07-21,18.35,18.51,18.51,18.33,36790.0,0.0066
2020-07-22,18.46,18.4,18.47,18.4,29590.0,0.006
2020-07-23,18.3,18.35,18.35,18.3,25200.0,-0.0087
2020-07-24,18.03,17.9,18.06,17.9,27790.0,-0.0148
2020-07-25,18.03,18.03,18.03,18.03,0.0,0.0
2020-07-26,18.03,18.03,18.03,18.03,0.0,0.0
2020-07-27,18.37,18.22,18.39,18.14,17060.0,0.0189
2020-07-28,18.17,18.26,18.31,18.17,30660.0,-0.0109
2020-07-29,18.24,18.19,18.44,18.15,26580.0,0.0036
2020-07-30,18.18,18.13,18.18,18.13,54080.0,-0.0031
2020-07-31,18.09,18.2,18.32,17.95,43210.0,-0.0048
2020-08-01,0,0,0,0,0,0
2020-08-02,18.09,18.09,18.09,18.09,0.0,0.0
2020-08-03,18.6,18.43,18.6,18.43,18270.0,0.0282
2020-08-04,18.96,18.78,18.96,18.77,35680.0,0.0194
2020-08-05,19.29,19.28,19.29,19.11,72630.0,0.0174
2020-08-06,19.26,19.29,19.29,19.2,44700.0,-0.0016
2020-08-07,19.35,19.2,19.45,19.2,54170.0,0.004699999999999999
2020-08-08,19.35,19.35,19.35,19.35,0.0,0.0
2020-08-09,19.35,19.35,19.35,19.35,0.0,0.0
2020-08-10,19.45,19.49,19.6,19.42,60040.0,0.0052
2020-08-11,19.29,19.6,19.6,19.25,40990.0,-0.008199999999999999
2020-08-12,19.64,19.46,19.69,19.46,36010.0,0.0181
2020-08-13,19.92,19.97,19.99,19.85,50570.0,0.0143
2020-08-14,19.67,19.89,19.9,19.63,30650.0,-0.0126
2020-08-15,0,0,0,0,0,0
2020-08-16,0,0,0,0,0,0
2020-08-17,19.96,19.95,20.03,19.93,39120.0,0.0147
2020-08-18,20.02,20.15,20.15,19.89,64060.0,0.003
2020-08-19,20.02,20.22,20.22,20.02,141660.0,0.0
2020-08-20,19.8,19.7,19.82,19.7,34470.0,-0.011000000000000001
2020-08-21,19.83,19.66,19.86,19.64,32689.999999999996,0.0017000000000000001
2020-08-22,0,0,0,0,0,0
2020-08-23,19.83,19.83,19.83,19.83,0.0,0.0
2020-08-24,20.16,20.14,20.16,20.06,41890.0,0.0166
2020-08-25,20.52,20.51,20.52,20.3,50700.0,0.0179
2020-08-26,20.73,20.67,20.78,20.65,43610.0,0.0102
2020-08-27,20.64,20.68,20.68,20.55,21120.0,-0.0043
2020-08-28,20.92,20.69,20.92,20.66,29820.0,0.013600000000000001
2020-08-29,0,0,0,0,0,0
2020-08-30,20.92,20.92,20.92,20.92,0.0,0.0
2020-08-31,20.93,20.98,21.0,20.88,23660.0,0.0005
2020-09-01,21.16,21.03,21.16,20.96,34300.0,0.011000000000000001
2020-09-02,21.17,21.31,21.31,20.89,23490.0,0.0005
2020-09-03,20.19,20.99,20.99,20.17,101870.0,-0.0463
2020-09-04,20.07,20.31,20.32,19.43,52630.0,-0.0059
2020-09-05,0,0,0,0,0,0
2020-09-06,0,0,0,0,0,0
2020-09-07,0,0,0,0,0,0
2020-09-08,19.73,19.98,20.0,19.73,39920.0,-0.0169
2020-09-09,20.34,20.23,20.34,20.23,37330.0,0.030899999999999997
2020-09-10,20.05,20.34,20.34,20.03,22380.0,-0.0143
2020-09-11,20.08,20.21,20.28,19.94,15200.0,0.0015
2020-09-12,0,0,0,0,0,0
2020-09-13,20.08,20.08,20.08,20.08,0.0,0.0
2020-09-14,20.64,20.51,20.64,20.48,37070.0,0.0279
2020-09-15,21.09,21.08,21.16,21.03,61390.0,0.0218
2020-09-16,21.06,21.13,21.27,21.06,54690.0,-0.0014000000000000002
2020-09-17,20.98,20.88,21.05,20.83,20090.0,-0.0038
2020-09-18,21.13,21.07,21.25,21.0,73300.0,0.0070999999999999995
2020-09-19,0,0,0,0,0,0
2020-09-20,0,0,0,0,0,0
2020-09-21,20.69,20.45,20.69,20.29,30420.0,-0.0208
2020-09-22,20.73,20.63,20.73,20.54,20530.0,0.0019
2020-09-23,20.3,20.68,20.74,20.3,22270.0,-0.0207
2020-09-24,20.26,19.87,20.35,19.87,56590.0,-0.002
2020-09-25,20.49,20.24,20.54,20.24,18200.0,0.011399999999999999
2020-09-26,20.49,20.49,20.49,20.49,0.0,0.0
2020-09-27,20.49,20.49,20.49,20.49,0.0,0.0
2020-09-28,21.24,21.07,21.26,21.07,57930.0,0.0366
2020-09-29,21.65,21.47,21.65,21.47,25370.0,0.019299999999999998
2020-09-30,21.94,21.83,22.09,21.83,294490.0,0.0134
2020-10-01,22.44,22.29,22.51,22.27,57250.0,0.022799999999999997
2020-10-02,22.49,22.28,22.61,22.28,53380.0,0.0022
2020-10-03,22.49,22.49,22.49,22.49,0.0,0.0
2020-10-04,22.49,22.49,22.49,22.49,0.0,0.0
2020-10-05,23.25,23.03,23.25,23.03,59130.0,0.0338
2020-10-06,23.21,23.44,23.64,23.11,49670.0,-0.0017000000000000001
2020-10-07,24.13,23.79,24.18,23.79,107160.0,0.039599999999999996
2020-10-08,24.37,24.58,24.6,24.3,137190.0,0.009899999999999999
2020-10-09,24.7,24.36,24.74,24.33,84300.0,0.013500000000000002
2020-10-10,0,0,0,0,0,0
2020-10-11,24.7,24.7,24.7,24.7,0.0,0.0
2020-10-12,24.69,24.8,24.8,24.56,86860.0,-0.0004
2020-10-13,24.58,24.53,24.64,24.48,58920.0,-0.0045000000000000005
2020-10-14,24.89,24.86,24.92,24.76,76550.0,0.0126
2020-10-15,24.57,24.42,24.6,24.33,88340.0,-0.0129
2020-10-16,24.45,24.69,24.73,24.4,61420.0,-0.0049
2020-10-17,0,0,0,0,0,0
2020-10-18,0,0,0,0,0,0
2020-10-19,24.45,24.51,24.76,24.41,98080.0,0.0
2020-10-20,24.92,24.73,24.98,24.6,31950.0,0.0192
2020-10-21,24.04,24.85,24.85,23.99,72950.0,-0.0353
2020-10-22,23.9,23.93,24.0,23.5,98290.0,-0.006
2020-10-23,23.96,24.11,24.19,23.77,61680.0,0.0027
2020-10-24,0,0,0,0,0,0
2020-10-25,0,0,0,0,0,0
2020-10-26,0,0,0,0,0,0
2020-10-26,23.32,23.54,23.65,23.03,114850.0,-0.026699999999999998
2020-10-27,23.2,23.35,23.46,23.15,69180.0,-0.0051
2020-10-28,22.73,22.83,22.95,22.62,104770.0,-0.0203
2020-10-29,23.21,22.9,23.27,22.87,47710.0,0.021099999999999997
2020-10-30,22.97,23.19,23.19,22.7,57160.0,-0.0103
2020-10-30,22.97,23.19,23.19,22.7,57160.0,-0.0103
2020-11-01,0,0,0,0,0,0
2020-11-02,0,0,0,0,0,0
2020-11-02,23.47,23.49,23.5,23.31,92480.0,0.0218
2020-11-03,24.12,23.74,24.15,23.74,132000.0,0.0277
2020-11-04,23.83,23.83,24.0,23.35,96310.0,-0.012
2020-11-05,25.62,24.83,25.62,24.83,140070.0,0.0751
2020-11-06,25.72,25.79,26.0,25.61,74170.0,0.0039000000000000003
2020-11-08,0,0,0,0,0,0
2020-11-09,0,0,0,0,0,0
2020-11-09,25.92,27.02,27.02,25.85,231010.0,0.0078000000000000005
2020-11-10,0,0,0,0,0,0
2020-11-10,25.45,25.84,25.88,25.19,110100.0,-0.0181
2020-11-11,26.19,25.68,26.2,25.68,95690.0,0.0291
2020-11-12,26.34,26.51,26.59,26.21,98610.0,0.005699999999999999
2020-11-13,26.54,26.65,26.83,26.32,52040.0,0.0076
2020-11-15,0,0,0,0,0,0
2020-11-16,0,0,0,0,0,0
2020-11-16,26.93,26.69,26.93,26.57,182490.0,0.0147
2020-11-17,27.02,26.93,27.11,26.71,111310.0,0.0033
2020-11-18,27.02,27.21,27.44,27.02,110850.0,0.0
2020-11-19,27.52,27.16,27.53,27.13,81950.0,0.018500000000000003
2020-11-20,27.95,27.69,28.11,27.69,281790.0,0.015600000000000001
2020-11-22,0,0,0,0,0,0
2020-11-23,0,0,0,0,0,0
2020-11-23,29.16,28.5,29.19,28.4,223950.0,0.0433
2020-11-24,29.39,29.55,29.68,29.05,198280.0,0.0079
2020-11-25,29.65,29.17,29.71,29.05,109850.0,0.0088
2020-11-27,0,0,0,0,0,0
2020-11-27,30.35,30.05,30.6,29.88,817490.0,0.023799999999999998
