2015-01-02,33.98,34.26,34.47,33.33,119290.0,-0.0034999999999999996
2015-01-03,0,0,0,0,0,0
2015-01-04,0,0,0,0,0,0
2015-01-05,33.09,34.22,34.22,32.92,140780.0,-0.0262
2015-01-06,32.45,33.3,33.3,31.92,155620.0,-0.019299999999999998
2015-01-07,32.46,32.82,33.15,32.38,78430.0,0.0003
2015-01-08,33.22,32.96,33.3,32.71,139790.0,0.023399999999999997
2015-01-09,33.44,33.45,33.61,33.09,95190.0,0.0066
2015-01-10,0,0,0,0,0,0
2015-01-11,0,0,0,0,0,0
2015-01-12,33.18,33.68,33.68,32.6,103400.0,-0.0078000000000000005
2015-01-13,33.82,33.6,34.2,33.37,215740.0,0.019299999999999998
2015-01-14,33.8,33.31,33.91,33.12,120510.0,-0.0006
2015-01-15,32.52,33.81,33.95,32.5,118900.0,-0.0379
2015-01-16,32.78,32.67,32.86,32.54,112470.0,0.008
2015-01-17,0,0,0,0,0,0
2015-01-18,0,0,0,0,0,0
2015-01-19,0,0,0,0,0,0
2015-01-20,32.08,32.83,32.83,31.77,185040.0,-0.021400000000000002
2015-01-21,32.5,32.0,32.81,32.0,78780.0,0.0131
2015-01-22,32.63,32.51,32.72,32.11,114460.0,0.004
2015-01-23,33.19,32.82,33.5,32.8,612860.0,0.0172
2015-01-24,0,0,0,0,0,0
2015-01-25,0,0,0,0,0,0
2015-01-26,34.35,33.58,34.5,33.58,250080.0,0.035
2015-01-27,34.88,34.28,34.97,34.04,209410.0,0.0154
2015-01-28,33.75,35.0,35.05,33.68,169620.0,-0.032400000000000005
2015-01-29,34.04,33.93,34.17,33.31,279680.0,0.0086
2015-01-30,33.83,33.82,34.34,33.65,217840.0,-0.0062
2015-01-31,0,0,0,0,0,0
2015-02-01,0,0,0,0,0,0
2015-02-02,34.89,34.12,35.0,34.03,426620.0,0.0313
2015-02-03,36.58,35.47,36.61,35.35,360320.0,0.0484
2015-02-04,36.53,36.62,37.27,36.37,245920.0,-0.0014000000000000002
2015-02-05,36.92,36.8,36.97,36.61,182920.0,0.010700000000000001
2015-02-06,37.04,37.0,37.38,36.9,117630.0,0.0033
2015-02-07,0,0,0,0,0,0
2015-02-08,0,0,0,0,0,0
2015-02-09,37.21,37.0,37.42,36.91,210180.0,0.0046
2015-02-10,37.7,37.67,37.87,37.07,149040.0,0.0132
2015-02-11,37.84,37.93,37.99,37.41,162620.0,0.0037
2015-02-12,38.54,37.85,38.57,37.85,223880.0,0.018500000000000003
2015-02-13,38.79,38.83,38.99,38.5,326790.0,0.006500000000000001
2015-02-14,0,0,0,0,0,0
2015-02-15,0,0,0,0,0,0
2015-02-16,0,0,0,0,0,0
2015-02-17,38.8,38.79,38.93,38.53,155250.0,0.0003
2015-02-18,38.89,38.92,39.23,38.77,140240.0,0.0023
2015-02-19,38.38,38.31,38.51,37.94,168790.0,-0.0131
2015-02-20,38.44,38.25,38.47,37.95,153810.0,0.0016
2015-02-21,0,0,0,0,0,0
2015-02-22,0,0,0,0,0,0
2015-02-23,38.12,38.29,38.37,37.92,178390.0,-0.0083
2015-02-24,39.48,39.15,39.94,39.15,311060.0,0.035699999999999996
2015-02-25,39.65,39.64,39.85,39.4,187540.0,0.0043
2015-02-26,39.47,39.67,39.68,39.28,101070.0,-0.0045000000000000005
2015-02-27,39.5,39.42,39.64,39.25,94230.0,0.0008
2015-02-28,0,0,0,0,0,0
2015-03-01,0,0,0,0,0,0
2015-03-02,40.51,39.79,40.58,39.7,136480.0,0.0256
2015-03-03,41.12,41.26,41.55,41.01,240540.0,0.0151
2015-03-04,42.91,42.69,42.96,42.38,361460.0,0.0435
2015-03-05,45.12,44.4,45.2,44.22,844800.0,0.051500000000000004
2015-03-06,43.79,44.92,44.92,43.75,609560.0,-0.029500000000000002
2015-03-07,0,0,0,0,0,0
2015-03-08,0,0,0,0,0,0
2015-03-09,43.09,43.69,43.75,43.03,481670.0,-0.016
2015-03-10,42.25,42.68,42.75,42.18,436520.0,-0.0195
2015-03-11,42.69,42.47,42.84,42.19,248440.0,0.0104
2015-03-12,43.14,43.0,43.28,42.87,111750.0,0.0105
2015-03-13,42.79,43.07,43.07,42.31,191550.0,-0.008100000000000001
2015-03-14,0,0,0,0,0,0
2015-03-15,0,0,0,0,0,0
2015-03-16,43.16,43.17,43.5,42.75,152430.0,0.0086
2015-03-17,43.8,42.79,43.81,42.55,146800.0,0.0148
2015-03-18,44.58,43.92,44.74,43.71,166770.0,0.0178
2015-03-19,44.46,44.39,44.68,44.2,154380.0,-0.0027
2015-03-20,45.34,44.8,45.34,44.69,168370.0,0.019799999999999998
2015-03-21,0,0,0,0,0,0
2015-03-22,0,0,0,0,0,0
2015-03-23,45.47,45.41,45.66,45.02,144810.0,0.0029
2015-03-24,45.99,45.37,46.14,45.35,359140.0,0.011399999999999999
2015-03-25,44.03,46.02,46.06,44.01,718060.0,-0.0426
2015-03-26,43.82,43.75,44.11,43.34,461160.0,-0.0048
2015-03-27,44.45,43.93,44.47,43.93,95780.0,0.0144
2015-03-28,0,0,0,0,0,0
2015-03-29,0,0,0,0,0,0
2015-03-30,44.87,44.98,45.02,44.4,166030.0,0.009399999999999999
2015-03-31,44.43,44.34,44.58,44.01,86890.0,-0.0098
2015-04-01,45.1,44.43,45.12,44.1,181460.0,0.0151
2015-04-02,45.7,45.31,45.8,45.16,137540.0,0.013300000000000001
2015-04-03,0,0,0,0,0,0
2015-04-04,0,0,0,0,0,0
2015-04-05,0,0,0,0,0,0
2015-04-06,46.17,45.61,46.37,45.5,299050.0,0.0103
2015-04-07,45.84,46.21,46.38,45.84,150460.0,-0.0070999999999999995
2015-04-08,46.62,46.6,46.75,46.2,136920.0,0.017
2015-04-09,47.7,46.99,47.74,46.96,362270.0,0.0232
2015-04-10,48.02,47.9,48.19,47.58,315840.0,0.0067
2015-04-11,0,0,0,0,0,0
2015-04-12,0,0,0,0,0,0
2015-04-13,48.54,48.5,48.65,48.14,378580.0,0.0108
2015-04-14,48.3,48.49,48.66,47.79,223760.0,-0.0049
2015-04-15,48.75,48.45,48.95,48.05,437310.0,0.009300000000000001
2015-04-16,49.19,49.0,49.5,48.75,354470.0,0.009000000000000001
2015-04-17,48.0,48.57,48.57,47.79,315930.0,-0.0242
2015-04-18,0,0,0,0,0,0
2015-04-19,0,0,0,0,0,0
2015-04-20,48.0,48.11,48.36,47.84,206440.0,0.0
2015-04-21,48.45,48.19,48.59,48.01,304160.0,0.009399999999999999
2015-04-22,49.02,48.45,49.06,48.38,344360.0,0.0118
2015-04-23,49.95,49.46,50.0,49.3,413730.0,0.019
2015-04-24,48.51,49.44,49.64,48.51,439180.0,-0.0288
2015-04-25,0,0,0,0,0,0
2015-04-26,0,0,0,0,0,0
2015-04-27,48.33,48.71,49.07,48.21,380060.0,-0.0037
2015-04-28,48.79,48.0,48.79,47.54,293000.0,0.0095
2015-04-29,48.05,48.22,48.43,47.83,154280.0,-0.0152
2015-04-30,47.0,47.91,48.09,46.62,434050.0,-0.0219
2015-05-01,47.49,46.84,47.7,46.5,192750.0,0.0104
2015-05-02,0,0,0,0,0,0
2015-05-03,0,0,0,0,0,0
2015-05-04,47.42,47.29,47.75,47.29,156010.0,-0.0015
2015-05-05,46.68,47.2,47.58,46.43,202660.0,-0.015600000000000001
2015-05-06,45.47,46.43,46.78,45.15,414550.0,-0.0259
2015-05-07,45.6,45.33,45.64,45.05,267440.0,0.0029
2015-05-08,47.04,46.51,47.06,46.45,193010.0,0.0316
2015-05-09,0,0,0,0,0,0
2015-05-10,0,0,0,0,0,0
2015-05-11,47.22,46.9,47.44,46.87,210380.0,0.0038
2015-05-12,47.04,46.76,47.08,46.53,106830.0,-0.0038
2015-05-13,47.75,47.36,47.91,47.28,187560.0,0.0151
2015-05-14,48.16,48.05,48.29,47.7,963900.0,0.0086
2015-05-15,48.44,48.24,48.52,47.91,158060.0,0.0058
2015-05-16,0,0,0,0,0,0
2015-05-17,0,0,0,0,0,0
2015-05-18,48.19,48.44,48.56,48.08,181820.0,-0.0052
2015-05-19,47.52,48.37,48.37,47.15,235800.0,-0.0139
2015-05-20,43.82,43.7,44.19,42.65,1620000.0,-0.0779
2015-05-21,45.0,43.91,45.45,43.91,339730.0,0.0269
2015-05-22,44.27,45.08,45.22,44.27,243390.0,-0.016200000000000003
2015-05-23,0,0,0,0,0,0
2015-05-24,0,0,0,0,0,0
2015-05-25,0,0,0,0,0,0
2015-05-26,43.92,44.57,44.65,43.8,446130.0,-0.0079
2015-05-27,43.69,43.93,44.2,43.42,533130.0,-0.0052
2015-05-28,42.59,43.19,43.67,41.9,423450.0,-0.0252
2015-05-29,42.49,42.32,42.75,41.84,302180.0,-0.0023
2015-05-30,0,0,0,0,0,0
2015-05-31,0,0,0,0,0,0
2015-06-01,41.88,42.51,42.85,41.8,291840.0,-0.0144
2015-06-02,41.84,41.68,42.04,41.27,247140.0,-0.001
2015-06-03,41.75,43.12,43.12,41.25,145200.0,-0.0022
2015-06-04,41.34,41.76,42.24,41.21,112390.0,-0.0098
2015-06-05,41.85,41.26,42.0,41.03,200990.0,0.0123
2015-06-06,0,0,0,0,0,0
2015-06-07,0,0,0,0,0,0
2015-06-08,41.03,41.73,42.29,40.88,133920.0,-0.0196
2015-06-09,40.05,40.62,41.0,39.78,218040.0,-0.0239
2015-06-10,40.98,40.47,41.24,40.3,152800.0,0.0232
2015-06-11,42.53,41.03,42.53,40.9,285900.0,0.0378
2015-06-12,42.34,42.18,42.46,42.02,137080.0,-0.0045000000000000005
2015-06-13,0,0,0,0,0,0
2015-06-14,0,0,0,0,0,0
2015-06-15,42.51,41.93,42.53,41.13,193000.0,0.004
2015-06-16,42.45,42.28,42.53,42.07,126840.0,-0.0014000000000000002
2015-06-17,42.5,42.71,43.17,42.42,180390.0,0.0012
2015-06-18,42.77,42.65,42.99,42.55,103070.0,0.0064
2015-06-19,42.7,43.08,43.08,42.13,168290.0,-0.0016
2015-06-20,0,0,0,0,0,0
2015-06-21,0,0,0,0,0,0
2015-06-22,42.6,43.01,43.18,42.33,241170.0,-0.0023
2015-06-23,42.84,42.64,42.85,42.47,94670.0,0.005600000000000001
2015-06-24,42.57,42.52,43.0,42.51,85980.0,-0.0063
2015-06-25,42.18,42.33,42.65,42.03,103590.0,-0.0092
2015-06-26,41.13,42.07,42.07,40.81,179720.0,-0.024900000000000002
2015-06-27,0,0,0,0,0,0
2015-06-28,0,0,0,0,0,0
2015-06-29,39.04,40.05,40.39,38.92,1040000.0,-0.0508
2015-06-30,39.22,39.6,39.78,38.92,175910.0,0.0046
2015-07-01,38.84,39.58,39.96,38.77,134360.0,-0.0097
2015-07-02,38.55,38.91,39.3,38.35,185970.0,-0.0075
2015-07-03,0,0,0,0,0,0
2015-07-04,0,0,0,0,0,0
2015-07-05,0,0,0,0,0,0
2015-07-06,36.37,37.23,37.5,36.23,421560.0,-0.0565
2015-07-07,36.1,35.96,36.14,34.68,368440.0,-0.0074
2015-07-08,33.67,35.38,35.38,33.62,663760.0,-0.0673
2015-07-09,35.23,35.7,36.25,35.13,395900.0,0.0463
2015-07-10,36.49,35.93,37.19,35.93,236850.0,0.0358
2015-07-11,0,0,0,0,0,0
2015-07-12,0,0,0,0,0,0
2015-07-13,37.37,37.03,37.47,36.9,213810.0,0.0241
2015-07-14,37.86,37.63,38.21,37.63,213060.0,0.0131
2015-07-15,37.06,37.8,37.9,36.74,236120.0,-0.021099999999999997
2015-07-16,37.51,37.48,37.73,37.22,209300.0,0.0121
2015-07-17,37.48,37.72,37.91,37.3,129639.99999999999,-0.0008
2015-07-18,0,0,0,0,0,0
2015-07-19,0,0,0,0,0,0
2015-07-20,37.66,38.22,38.65,37.65,246800.0,0.0048
2015-07-21,37.06,37.63,37.63,37.05,149420.0,-0.0159
2015-07-22,36.62,36.97,37.13,36.35,191860.0,-0.011899999999999999
2015-07-23,35.88,36.42,36.74,35.87,260920.00000000003,-0.0202
2015-07-24,35.47,35.94,35.99,35.27,280690.0,-0.011399999999999999
2015-07-25,0,0,0,0,0,0
2015-07-26,0,0,0,0,0,0
2015-07-27,34.58,34.77,34.99,34.08,190960.0,-0.025099999999999997
2015-07-28,35.27,34.9,35.54,34.33,201560.0,0.02
2015-07-29,36.24,35.57,36.26,35.25,88580.0,0.0275
2015-07-30,36.05,36.1,36.19,35.73,115610.0,-0.0052
2015-07-31,35.32,35.94,36.05,35.21,182410.0,-0.0202
2015-08-01,0,0,0,0,0,0
2015-08-02,0,0,0,0,0,0
2015-08-03,34.22,35.0,35.19,34.05,212580.0,-0.0311
2015-08-04,33.93,34.33,34.33,33.72,198450.0,-0.0085
2015-08-05,35.59,34.6,35.86,34.6,431160.0,0.0489
2015-08-06,33.91,35.76,35.98,33.75,572800.0,-0.0472
2015-08-07,33.29,34.06,34.06,33.15,154610.0,-0.0183
2015-08-08,0,0,0,0,0,0
2015-08-09,0,0,0,0,0,0
2015-08-10,34.16,33.86,34.19,33.5,411480.0,0.026099999999999998
2015-08-11,32.78,33.77,33.87,32.68,466430.0,-0.0404
2015-08-12,33.1,32.45,33.23,31.43,295600.0,0.0098
2015-08-13,33.31,33.37,33.88,33.19,176170.0,0.0063
2015-08-14,33.17,33.25,33.62,33.07,54590.0,-0.0042
2015-08-15,0,0,0,0,0,0
2015-08-16,0,0,0,0,0,0
2015-08-17,33.59,33.15,33.61,32.81,131600.0,0.0127
2015-08-18,33.11,33.54,33.54,32.66,148350.0,-0.0143
2015-08-19,31.85,32.62,32.69,31.61,209400.0,-0.0381
2015-08-20,30.05,31.4,31.51,30.05,410290.0,-0.0565
2015-08-21,28.15,29.51,29.66,28.06,329390.0,-0.0632
2015-08-22,0,0,0,0,0,0
2015-08-23,0,0,0,0,0,0
2015-08-24,27.02,25.64,28.62,25.51,377280.0,-0.0401
2015-08-25,27.64,27.56,29.2,27.56,369460.0,0.0229
2015-08-26,28.2,28.19,29.2,27.34,369020.0,0.0203
2015-08-27,29.69,29.1,29.78,28.86,237470.0,0.0528
2015-08-28,30.1,29.34,30.45,29.34,125270.0,0.0138
2015-08-29,0,0,0,0,0,0
2015-08-30,0,0,0,0,0,0
2015-08-31,29.57,29.64,30.03,29.25,87780.0,-0.0176
2015-09-01,28.87,29.05,29.56,28.65,126010.0,-0.023700000000000002
2015-09-02,29.33,29.44,29.49,28.82,103350.0,0.0159
2015-09-03,29.78,29.49,30.21,29.49,85010.0,0.015300000000000001
2015-09-04,29.09,29.32,29.62,29.0,87100.0,-0.0232
2015-09-05,0,0,0,0,0,0
2015-09-06,0,0,0,0,0,0
2015-09-07,0,0,0,0,0,0
2015-09-08,30.19,30.06,30.28,29.9,161590.0,0.0378
2015-09-09,30.16,30.88,30.93,30.06,223390.0,-0.001
2015-09-10,30.23,30.34,30.53,29.96,70180.0,0.0023
2015-09-11,30.22,29.8,30.25,29.52,59530.0,-0.0003
2015-09-12,0,0,0,0,0,0
2015-09-13,0,0,0,0,0,0
2015-09-14,29.81,30.23,30.23,29.75,58790.0,-0.013600000000000001
2015-09-15,30.2,29.71,30.32,29.71,66040.0,0.0131
2015-09-16,30.58,30.26,30.86,30.26,32920.0,0.0126
2015-09-17,30.43,30.34,31.0,30.02,76030.0,-0.0049
2015-09-18,29.43,30.0,30.07,29.35,292540.0,-0.0329
2015-09-19,0,0,0,0,0,0
2015-09-20,0,0,0,0,0,0
2015-09-21,29.47,29.7,29.93,29.33,73330.0,0.0014000000000000002
2015-09-22,28.78,29.24,29.27,28.53,97280.0,-0.023399999999999997
2015-09-23,27.64,28.85,28.89,27.63,89750.0,-0.039599999999999996
2015-09-24,27.28,27.21,27.5,26.55,137530.0,-0.013000000000000001
2015-09-25,26.86,27.68,27.83,26.73,117270.0,-0.0154
2015-09-26,0,0,0,0,0,0
2015-09-27,0,0,0,0,0,0
2015-09-28,25.35,26.75,26.81,25.26,233150.0,-0.0562
2015-09-29,25.44,25.49,26.16,25.25,102740.0,0.0036
2015-09-30,26.54,26.07,26.59,25.98,73820.0,0.0432
2015-10-01,26.63,26.69,26.85,26.12,141690.0,0.0034000000000000002
2015-10-02,28.66,26.62,28.69,26.49,111550.0,0.0762
2015-10-03,0,0,0,0,0,0
2015-10-04,0,0,0,0,0,0
2015-10-05,30.0,29.04,30.03,29.0,185810.0,0.046799999999999994
2015-10-06,30.28,29.77,30.6,29.6,97310.0,0.009300000000000001
2015-10-07,31.25,30.8,31.34,30.17,240500.0,0.032
2015-10-08,31.77,31.09,31.8,30.78,178300.0,0.0166
2015-10-09,31.69,31.72,31.85,31.43,87020.0,-0.0025
2015-10-10,0,0,0,0,0,0
2015-10-11,0,0,0,0,0,0
2015-10-12,31.23,31.78,31.78,30.96,93070.0,-0.014499999999999999
2015-10-13,30.91,31.05,31.59,30.61,75990.0,-0.0102
2015-10-14,31.98,31.47,32.18,31.45,124150.0,0.0346
2015-10-15,32.77,32.43,32.8,32.18,83380.0,0.024700000000000003
2015-10-16,32.24,32.59,32.6,31.95,87140.0,-0.016200000000000003
2015-10-17,0,0,0,0,0,0
2015-10-18,0,0,0,0,0,0
2015-10-19,31.59,31.89,32.28,31.35,109490.0,-0.0202
2015-10-20,31.42,31.53,32.1,31.32,34060.0,-0.0054
2015-10-21,30.51,31.52,31.58,30.45,84820.0,-0.028999999999999998
2015-10-22,30.81,30.77,31.12,30.63,114470.0,0.0098
2015-10-23,31.08,31.07,31.56,30.7,99480.0,0.0088
2015-10-24,0,0,0,0,0,0
2015-10-25,0,0,0,0,0,0
2015-10-26,30.67,31.09,31.18,30.61,89650.0,-0.0132
2015-10-27,29.34,30.22,30.25,29.02,161330.0,-0.0434
2015-10-28,30.27,29.26,30.32,29.26,147010.0,0.0317
2015-10-29,30.33,30.12,30.51,30.03,55230.0,0.002
2015-10-30,29.8,30.02,30.14,29.45,90360.0,-0.0175
2015-10-31,0,0,0,0,0,0
2015-11-01,0,0,0,0,0,0
2015-11-02,30.36,29.83,30.49,29.75,70120.0,0.018799999999999997
2015-11-03,30.81,30.28,31.13,30.28,122570.0,0.0148
2015-11-04,30.5,30.92,30.99,30.23,55370.0,-0.0101
2015-11-05,30.09,30.56,30.77,29.81,77140.0,-0.0134
2015-11-06,30.45,30.0,30.45,29.6,36190.0,0.012
2015-11-07,0,0,0,0,0,0
2015-11-08,0,0,0,0,0,0
2015-11-09,29.91,30.23,30.48,29.63,57200.0,-0.0177
2015-11-10,28.08,30.06,30.06,28.03,188140.0,-0.061200000000000004
2015-11-11,27.54,28.31,28.33,27.22,196000.0,-0.0192
2015-11-12,26.92,27.36,27.7,26.88,144960.0,-0.0225
2015-11-13,26.68,26.72,27.05,26.43,121120.0,-0.0089
2015-11-14,0,0,0,0,0,0
2015-11-15,0,0,0,0,0,0
2015-11-16,27.4,26.75,27.4,26.5,177790.0,0.027000000000000003
2015-11-17,26.0,27.72,27.83,25.91,185530.0,-0.051100000000000007
2015-11-18,26.55,26.17,26.66,25.93,197990.0,0.0212
2015-11-19,25.98,26.31,26.31,25.89,87650.0,-0.0215
2015-11-20,26.33,26.04,26.35,25.89,117930.0,0.013500000000000002
2015-11-21,0,0,0,0,0,0
2015-11-22,0,0,0,0,0,0
2015-11-23,26.49,26.34,26.81,26.3,73070.0,0.0060999999999999995
2015-11-24,27.08,26.35,27.13,26.26,130169.99999999999,0.0223
2015-11-25,26.76,26.65,26.95,26.61,108480.0,-0.0118
2015-11-26,0,0,0,0,0,0
2015-11-27,26.41,26.92,26.92,26.16,75100.0,-0.0131
2015-11-28,0,0,0,0,0,0
2015-11-29,0,0,0,0,0,0
2015-11-30,26.54,26.35,26.69,26.31,87500.0,0.0049
2015-12-01,27.33,26.75,27.39,26.67,177300.0,0.0298
2015-12-02,27.71,27.29,27.88,27.28,351290.0,0.0139
2015-12-03,27.96,27.75,28.38,27.63,855190.0,0.009000000000000001
2015-12-04,28.25,27.94,28.3,27.66,1160000.0,0.0104
2015-12-05,0,0,0,0,0,0
2015-12-06,0,0,0,0,0,0
2015-12-07,27.9,27.73,28.22,27.67,1240000.0,-0.0124
2015-12-08,27.43,27.24,27.59,26.75,281190.0,-0.0168
2015-12-09,27.69,27.82,28.39,27.53,113760.0,0.0095
2015-12-10,27.4,27.23,27.42,26.98,735290.0,-0.0105
2015-12-11,26.69,26.92,27.03,26.37,133110.0,-0.0259
2015-12-12,0,0,0,0,0,0
2015-12-13,0,0,0,0,0,0
2015-12-14,28.38,27.25,28.39,27.22,243570.0,0.0633
2015-12-15,29.23,28.55,29.63,28.39,794600.0,0.03
2015-12-16,31.84,30.9,31.98,30.75,896530.0,0.08929999999999999
2015-12-17,31.5,32.66,32.98,31.39,336980.0,-0.010700000000000001
2015-12-18,31.8,31.07,32.13,30.92,627860.0,0.0095
2015-12-19,0,0,0,0,0,0
2015-12-20,0,0,0,0,0,0
2015-12-21,32.91,32.74,32.97,32.07,657210.0,0.0349
2015-12-22,31.48,32.64,32.75,30.92,452950.0,-0.0435
2015-12-23,31.83,31.53,31.96,31.53,162580.0,0.0111
2015-12-24,31.76,31.21,31.93,31.21,136020.0,-0.0022
2015-12-25,0,0,0,0,0,0
2015-12-26,0,0,0,0,0,0
2015-12-27,0,0,0,0,0,0
2015-12-28,31.18,31.53,31.59,30.85,161810.0,-0.0183
2015-12-29,30.73,31.13,31.13,30.4,204000.0,-0.0144
2015-12-30,30.6,30.56,30.85,30.46,129710.00000000001,-0.0042
2015-12-31,30.64,30.47,30.74,30.4,104760.0,0.0013
2016-01-01,0,0,0,0,0,0
2016-01-02,0,0,0,0,0,0
2016-01-03,0,0,0,0,0,0
2016-01-04,30.77,30.05,30.77,29.62,222590.0,0.0042
2016-01-05,30.3,31.06,31.3,30.22,218850.0,-0.015300000000000001
2016-01-06,29.71,29.75,30.1,29.46,402940.0,-0.0195
2016-01-07,26.99,28.69,28.79,26.83,448300.0,-0.0916
2016-01-08,27.3,27.98,28.06,27.2,219370.0,0.0115
2016-01-09,0,0,0,0,0,0
2016-01-10,0,0,0,0,0,0
2016-01-11,26.32,27.43,27.59,26.05,225080.0,-0.0359
2016-01-12,25.75,26.96,27.17,25.46,350610.0,-0.0217
2016-01-13,24.85,26.15,26.54,24.65,223740.0,-0.035
2016-01-14,25.01,24.84,25.15,24.01,222530.0,0.0064
2016-01-15,23.52,23.68,23.96,22.78,248150.0,-0.0596
2016-01-16,0,0,0,0,0,0
2016-01-17,0,0,0,0,0,0
2016-01-18,0,0,0,0,0,0
2016-01-19,23.08,24.08,24.26,22.78,312540.0,-0.0187
2016-01-20,23.18,22.33,23.33,21.5,184710.0,0.0043
2016-01-21,23.46,23.13,23.94,22.86,169700.0,0.0121
2016-01-22,24.36,24.17,24.73,24.0,169210.0,0.0384
2016-01-23,0,0,0,0,0,0
2016-01-24,0,0,0,0,0,0
2016-01-25,23.71,24.36,24.42,23.7,75790.0,-0.026699999999999998
2016-01-26,24.9,23.81,25.0,23.5,241520.0,0.050199999999999995
2016-01-27,24.62,24.64,25.2,24.39,162300.0,-0.011200000000000002
2016-01-28,24.67,24.75,25.09,24.22,74950.0,0.002
2016-01-29,25.21,24.77,25.33,24.76,63570.0,0.0219
2016-01-30,0,0,0,0,0,0
2016-01-31,0,0,0,0,0,0
2016-02-01,25.03,24.96,25.19,24.52,52390.0,-0.0070999999999999995
2016-02-02,24.07,25.02,25.02,23.91,91780.0,-0.0384
2016-02-03,24.3,24.32,24.39,23.44,85470.0,0.0096
2016-02-04,24.58,24.38,25.0,24.35,63730.0,0.0115
2016-02-05,23.94,24.51,24.51,23.88,73160.0,-0.026000000000000002
2016-02-06,0,0,0,0,0,0
2016-02-07,0,0,0,0,0,0
2016-02-08,22.62,23.23,23.39,22.25,89980.0,-0.055099999999999996
2016-02-09,22.25,22.17,22.58,21.79,151240.0,-0.016399999999999998
2016-02-10,21.38,21.45,21.9,21.38,179110.0,-0.0391
2016-02-11,20.35,20.73,20.94,20.05,215720.0,-0.0482
2016-02-12,20.43,20.72,21.0,20.0,100710.0,0.0039000000000000003
2016-02-13,0,0,0,0,0,0
2016-02-14,0,0,0,0,0,0
2016-02-15,0,0,0,0,0,0
2016-02-16,21.67,21.08,21.83,21.05,173070.0,0.060700000000000004
2016-02-17,22.29,22.06,22.58,21.93,132160.0,0.0286
2016-02-18,22.3,22.62,22.63,22.1,83450.0,0.0004
2016-02-19,21.87,22.15,22.15,21.78,68230.0,-0.019299999999999998
2016-02-20,0,0,0,0,0,0
2016-02-21,0,0,0,0,0,0
2016-02-22,22.33,22.18,22.67,22.18,92610.0,0.021
2016-02-23,21.98,22.38,22.38,21.92,39450.0,-0.015700000000000002
2016-02-24,22.55,21.72,22.62,21.47,80720.0,0.0259
2016-02-25,22.65,22.47,22.65,21.95,54040.0,0.0044
2016-02-26,23.12,23.27,23.46,23.02,81950.0,0.0208
2016-02-27,0,0,0,0,0,0
2016-02-28,0,0,0,0,0,0
2016-02-29,23.45,23.37,23.81,23.17,44520.0,0.0143
2016-03-01,23.31,23.51,23.51,23.0,100700.0,-0.006
2016-03-02,23.96,23.33,23.98,23.18,98470.0,0.0279
2016-03-03,23.85,23.85,23.94,23.55,91720.0,-0.0046
2016-03-04,24.12,24.12,24.5,23.91,94420.0,0.0113
2016-03-05,0,0,0,0,0,0
2016-03-06,0,0,0,0,0,0
2016-03-07,24.68,24.24,24.77,24.24,66470.0,0.0232
2016-03-08,24.11,24.92,24.92,24.06,81580.0,-0.0231
2016-03-09,24.36,24.43,24.44,24.12,30890.0,0.0102
2016-03-10,23.97,24.49,24.49,23.82,195790.0,-0.0158
2016-03-11,24.55,24.41,24.56,24.13,68320.0,0.0242
2016-03-12,0,0,0,0,0,0
2016-03-13,0,0,0,0,0,0
2016-03-14,24.53,24.47,24.68,24.26,52420.0,-0.0008
2016-03-15,24.28,24.29,24.29,23.95,60280.0,-0.0102
2016-03-16,24.42,23.81,24.45,23.72,79620.0,0.0058
2016-03-17,24.49,24.27,24.59,24.26,59200.0,0.0029
2016-03-18,24.4,24.86,25.2,24.4,153870.0,-0.0037
2016-03-19,0,0,0,0,0,0
2016-03-20,0,0,0,0,0,0
2016-03-21,24.48,24.42,24.57,24.2,81450.0,0.0033
2016-03-22,23.59,24.18,24.22,23.58,95460.0,-0.0364
2016-03-23,22.59,23.44,23.45,22.59,116630.0,-0.0424
2016-03-24,22.34,22.28,22.5,22.06,105610.0,-0.0111
2016-03-25,0,0,0,0,0,0
2016-03-26,0,0,0,0,0,0
2016-03-27,0,0,0,0,0,0
2016-03-28,22.3,22.4,22.79,22.18,93450.0,-0.0018
2016-03-29,22.35,21.85,22.42,21.69,119320.0,0.0022
2016-03-30,22.6,22.65,22.91,22.56,60990.0,0.011200000000000002
2016-03-31,22.66,22.66,22.85,22.64,73400.0,0.0027
2016-04-01,22.64,22.47,22.7,22.31,40280.0,-0.0009
2016-04-02,0,0,0,0,0,0
2016-04-03,0,0,0,0,0,0
2016-04-04,22.17,22.64,22.68,22.14,58060.0,-0.0208
2016-04-05,22.0,21.81,22.12,21.7,52300.0,-0.0077
2016-04-06,22.59,22.24,22.64,22.19,58370.0,0.0268
2016-04-07,22.26,22.77,22.88,22.17,85060.0,-0.0146
2016-04-08,22.44,22.66,22.78,22.43,76630.0,0.008100000000000001
2016-04-09,0,0,0,0,0,0
2016-04-10,0,0,0,0,0,0
2016-04-11,22.53,22.7,22.87,22.5,66630.0,0.004
2016-04-12,23.05,22.89,23.1,22.64,80270.0,0.0231
2016-04-13,23.37,23.17,23.42,23.13,90600.0,0.0139
2016-04-14,23.45,23.49,23.59,23.37,65220.0,0.0034000000000000002
2016-04-15,23.19,23.45,23.54,23.18,47180.0,-0.0111
2016-04-16,0,0,0,0,0,0
2016-04-17,0,0,0,0,0,0
2016-04-18,23.58,23.07,23.62,23.03,70930.0,0.0168
2016-04-19,23.71,23.87,23.89,23.56,55340.0,0.0055000000000000005
2016-04-20,24.16,23.63,24.33,23.63,506460.0,0.019
2016-04-21,24.21,24.06,24.37,24.02,225860.0,0.0021
2016-04-22,24.33,24.24,24.56,24.24,88290.0,0.005
2016-04-23,0,0,0,0,0,0
2016-04-24,0,0,0,0,0,0
2016-04-25,23.94,24.31,24.45,23.87,68650.0,-0.016
2016-04-26,24.33,24.02,24.33,23.99,100920.0,0.0163
2016-04-27,24.79,24.46,24.88,24.44,146940.0,0.0189
2016-04-28,24.18,24.5,24.61,24.13,102160.0,-0.0246
2016-04-29,23.82,24.25,24.42,23.64,128910.0,-0.0149
2016-04-30,0,0,0,0,0,0
2016-05-01,0,0,0,0,0,0
2016-05-02,23.53,23.78,23.78,23.33,166820.0,-0.012199999999999999
2016-05-03,22.74,23.44,23.44,22.73,143340.0,-0.0336
2016-05-04,22.47,22.9,23.14,22.41,68280.0,-0.011899999999999999
2016-05-05,22.09,22.67,22.75,22.08,64390.0,-0.0169
2016-05-06,22.13,22.02,22.36,21.91,83740.0,0.0018
2016-05-07,0,0,0,0,0,0
2016-05-08,0,0,0,0,0,0
2016-05-09,21.64,22.07,22.11,21.5,62550.0,-0.022099999999999998
2016-05-10,21.4,21.3,21.4,21.01,161110.0,-0.0111
2016-05-11,21.62,21.59,21.98,21.59,78760.0,0.0103
2016-05-12,21.17,21.79,21.92,21.03,95980.0,-0.0208
2016-05-13,20.98,21.19,21.31,20.9,72560.0,-0.009000000000000001
2016-05-14,0,0,0,0,0,0
2016-05-15,0,0,0,0,0,0
2016-05-16,21.28,21.09,21.4,21.09,60310.0,0.0143
2016-05-17,21.11,21.33,21.4,21.06,84810.0,-0.008
2016-05-18,21.2,21.09,21.46,21.05,122690.0,0.0043
2016-05-19,20.93,20.99,21.13,20.75,68490.0,-0.0127
2016-05-20,21.49,21.13,21.55,21.13,54210.0,0.0268
2016-05-21,0,0,0,0,0,0
2016-05-22,0,0,0,0,0,0
2016-05-23,21.82,21.57,21.91,21.52,162140.0,0.0154
2016-05-24,22.06,21.9,22.14,21.9,56490.0,0.011000000000000001
2016-05-25,22.09,22.12,22.15,21.95,55840.0,0.0014000000000000002
2016-05-26,21.97,22.27,22.27,21.85,54600.0,-0.0054
2016-05-27,21.96,21.97,22.15,21.9,41980.0,-0.0005
2016-05-28,0,0,0,0,0,0
2016-05-29,0,0,0,0,0,0
2016-05-30,0,0,0,0,0,0
2016-05-31,22.01,21.93,22.13,21.92,72140.0,0.0023
2016-06-01,22.1,22.12,22.16,21.86,79540.0,0.0040999999999999995
2016-06-02,21.98,22.09,22.09,21.89,39120.0,-0.0054
2016-06-03,21.53,21.83,21.83,21.4,47810.0,-0.020499999999999997
2016-06-04,0,0,0,0,0,0
2016-06-05,0,0,0,0,0,0
2016-06-06,21.84,21.55,21.88,21.48,108090.0,0.0144
2016-06-07,21.97,21.95,22.14,21.84,93820.0,0.006
2016-06-08,22.13,22.15,22.31,22.05,186810.0,0.0073
2016-06-09,21.66,22.02,22.02,21.55,141830.0,-0.0212
2016-06-10,20.65,21.23,21.23,20.61,184870.0,-0.0466
2016-06-11,0,0,0,0,0,0
2016-06-12,0,0,0,0,0,0
2016-06-13,20.14,20.37,20.49,20.12,118760.0,-0.024700000000000003
2016-06-14,20.07,20.13,20.38,19.89,226870.0,-0.0034999999999999996
2016-06-15,20.05,20.13,20.48,20.05,91290.0,-0.001
2016-06-16,20.03,19.88,20.06,19.54,131430.0,-0.001
2016-06-17,20.35,20.14,20.37,20.14,65170.0,0.016
2016-06-18,0,0,0,0,0,0
2016-06-19,0,0,0,0,0,0
2016-06-20,20.68,20.79,20.97,20.64,142720.0,0.016200000000000003
2016-06-21,20.58,20.63,20.71,20.37,135430.0,-0.0048
2016-06-22,20.4,20.76,20.88,20.4,192080.0,-0.0087
2016-06-23,20.85,20.65,20.92,20.58,49320.0,0.022099999999999998
2016-06-24,19.86,19.75,20.15,19.61,295090.0,-0.0475
2016-06-25,0,0,0,0,0,0
2016-06-26,0,0,0,0,0,0
2016-06-27,19.32,19.66,19.66,19.02,122270.0,-0.027200000000000002
2016-06-28,20.02,19.68,20.2,19.68,81400.0,0.0362
2016-06-29,20.64,20.33,20.75,20.2,101480.0,0.031
2016-06-30,20.96,20.74,21.0,20.65,52130.0,0.0155
2016-07-01,21.0,21.03,21.12,20.91,53170.0,0.0019
2016-07-02,0,0,0,0,0,0
2016-07-03,0,0,0,0,0,0
2016-07-04,0,0,0,0,0,0
2016-07-05,20.62,21.04,21.49,20.55,62320.0,-0.0181
2016-07-06,21.14,20.71,21.16,20.63,62610.0,0.0252
2016-07-07,20.97,21.2,21.38,20.9,63180.0,-0.008
2016-07-08,21.44,21.34,21.5,21.27,79960.0,0.022400000000000003
2016-07-09,0,0,0,0,0,0
2016-07-10,0,0,0,0,0,0
2016-07-11,21.75,21.57,21.92,21.48,116610.0,0.014499999999999999
2016-07-12,21.77,21.83,22.0,21.77,89200.0,0.0009
2016-07-13,21.44,21.7,21.75,21.31,69190.0,-0.0152
2016-07-14,21.54,21.7,21.72,21.49,61750.0,0.004699999999999999
2016-07-15,21.38,21.57,21.57,21.3,53150.0,-0.0074
2016-07-16,0,0,0,0,0,0
2016-07-17,0,0,0,0,0,0
2016-07-18,21.74,21.4,21.79,21.19,68210.0,0.0168
2016-07-19,21.4,21.7,21.78,21.35,72760.0,-0.015600000000000001
2016-07-20,21.85,21.39,21.96,21.39,69340.0,0.021
2016-07-21,21.75,21.92,22.03,21.7,57300.0,-0.0046
2016-07-22,21.62,21.68,21.78,21.5,40700.0,-0.006
2016-07-23,0,0,0,0,0,0
2016-07-24,0,0,0,0,0,0
2016-07-25,21.81,21.71,21.91,21.67,53540.0,0.0088
2016-07-26,22.13,21.85,22.14,21.85,54570.0,0.0147
2016-07-27,21.96,22.06,22.25,21.9,55950.0,-0.0077
2016-07-28,21.4,21.85,21.85,21.37,82180.0,-0.0255
2016-07-29,21.42,21.38,21.5,21.27,49090.0,0.0009
2016-07-30,0,0,0,0,0,0
2016-07-31,0,0,0,0,0,0
2016-08-01,21.65,21.34,21.93,21.12,293300.0,0.010700000000000001
2016-08-02,21.58,21.67,21.67,21.38,86510.0,-0.0032
2016-08-03,21.91,21.47,21.96,21.47,114810.0,0.015300000000000001
2016-08-04,21.76,21.95,21.95,21.67,95970.0,-0.0068000000000000005
2016-08-05,21.97,21.62,21.97,21.5,59070.0,0.0097
2016-08-06,0,0,0,0,0,0
2016-08-07,0,0,0,0,0,0
2016-08-08,22.19,22.1,22.27,22.07,71310.0,0.01
2016-08-09,22.16,22.28,22.45,22.1,94210.0,-0.0014000000000000002
2016-08-10,21.26,21.49,21.77,21.21,231850.0,-0.0406
2016-08-11,21.41,21.35,21.48,21.25,100120.0,0.0070999999999999995
2016-08-12,21.47,21.55,21.86,21.4,143230.0,0.0028000000000000004
2016-08-13,0,0,0,0,0,0
2016-08-14,0,0,0,0,0,0
2016-08-15,21.79,21.48,21.84,21.48,60860.0,0.0149
2016-08-16,21.58,21.79,21.85,21.56,62030.0,-0.0096
2016-08-17,21.37,21.41,21.54,21.2,79400.0,-0.0097
2016-08-18,21.8,21.62,21.86,21.62,68120.0,0.020099999999999996
2016-08-19,21.64,21.72,21.74,21.55,25550.0,-0.0073
2016-08-20,0,0,0,0,0,0
2016-08-21,0,0,0,0,0,0
2016-08-22,21.29,21.49,21.49,21.21,56130.0,-0.016200000000000003
2016-08-23,21.39,21.43,21.6,21.36,180340.0,0.004699999999999999
2016-08-24,21.21,21.51,21.54,21.11,59380.0,-0.0084
2016-08-25,21.1,21.1,21.2,21.0,58350.0,-0.0052
2016-08-26,21.12,21.11,21.66,21.05,176700.0,0.0009
2016-08-27,0,0,0,0,0,0
2016-08-28,0,0,0,0,0,0
2016-08-29,21.08,21.17,21.24,21.07,84710.0,-0.0019
2016-08-30,21.15,21.15,21.24,21.08,198340.0,0.0033
2016-08-31,20.91,21.0,21.0,20.77,67410.0,-0.0113
2016-09-01,20.82,20.94,20.97,20.71,232790.0,-0.0043
2016-09-02,21.13,21.02,21.17,21.02,123690.0,0.0149
2016-09-03,0,0,0,0,0,0
2016-09-04,0,0,0,0,0,0
2016-09-05,0,0,0,0,0,0
2016-09-06,21.29,21.2,21.37,21.13,121420.0,0.0076
2016-09-07,21.09,21.24,21.24,21.04,51200.0,-0.009399999999999999
2016-09-08,21.2,21.1,21.27,20.97,39040.0,0.0052
2016-09-09,20.69,21.11,21.11,20.69,71900.0,-0.0241
2016-09-10,0,0,0,0,0,0
2016-09-11,0,0,0,0,0,0
2016-09-12,20.72,20.49,20.77,20.11,109480.0,0.0014000000000000002
2016-09-13,20.06,20.53,20.54,19.97,89650.0,-0.0319
2016-09-14,19.63,20.05,20.05,19.58,95900.0,-0.021400000000000002
2016-09-15,19.8,19.68,19.87,19.59,80360.0,0.0087
2016-09-16,19.66,19.71,19.71,19.53,53270.0,-0.0070999999999999995
2016-09-17,0,0,0,0,0,0
2016-09-18,0,0,0,0,0,0
2016-09-19,19.49,19.6,19.76,19.45,71130.0,-0.0086
2016-09-20,19.55,19.53,19.63,19.4,81820.0,0.0031
2016-09-21,19.67,19.55,19.72,19.45,63170.0,0.0060999999999999995
2016-09-22,20.08,19.75,20.15,19.71,61050.0,0.0208
2016-09-23,20.05,19.82,20.17,19.68,87900.0,-0.0015
2016-09-24,0,0,0,0,0,0
2016-09-25,0,0,0,0,0,0
2016-09-26,19.94,19.94,20.01,19.83,52900.0,-0.0055000000000000005
2016-09-27,20.24,19.9,20.25,19.86,55430.0,0.015
2016-09-28,20.45,20.25,20.45,19.95,68500.0,0.0104
2016-09-29,20.27,20.43,20.6,20.22,79560.0,-0.0088
2016-09-30,20.31,20.25,20.35,20.11,119240.0,0.002
2016-10-01,0,0,0,0,0,0
2016-10-02,0,0,0,0,0,0
2016-10-03,20.13,20.29,20.43,20.05,175330.0,-0.0089
2016-10-04,19.9,20.19,20.19,19.82,63420.0,-0.011399999999999999
2016-10-05,20.7,20.16,20.74,20.14,88540.0,0.04019999999999999
2016-10-06,20.71,20.84,20.86,20.52,69410.0,0.0005
2016-10-07,20.2,20.71,20.71,20.17,58110.0,-0.0246
2016-10-08,0,0,0,0,0,0
2016-10-09,0,0,0,0,0,0
2016-10-10,20.52,20.32,20.58,20.31,106040.0,0.0158
2016-10-11,20.26,20.51,20.59,20.16,56930.0,-0.0127
2016-10-12,20.15,20.27,20.34,20.1,57610.0,-0.0054
2016-10-13,20.24,19.99,20.31,19.85,53650.0,0.0045000000000000005
2016-10-14,20.21,20.21,20.4,20.14,41560.0,-0.0015
2016-10-15,0,0,0,0,0,0
2016-10-16,0,0,0,0,0,0
2016-10-17,20.16,20.23,20.39,20.11,224390.0,-0.0025
2016-10-18,20.38,20.4,20.43,20.25,91640.0,0.0109
2016-10-19,20.73,20.41,20.85,20.4,150680.0,0.0172
2016-10-20,20.72,20.67,20.77,20.42,217530.0,-0.0005
2016-10-21,20.58,20.66,20.72,20.51,70740.0,-0.0068000000000000005
2016-10-22,0,0,0,0,0,0
2016-10-23,0,0,0,0,0,0
2016-10-24,20.12,20.36,20.55,20.0,57160.0,-0.022400000000000003
2016-10-25,19.89,20.12,20.25,19.86,101100.0,-0.011399999999999999
2016-10-26,19.77,19.83,19.98,19.75,150930.0,-0.006
2016-10-27,19.55,19.95,19.97,19.53,125930.0,-0.0111
2016-10-28,19.34,19.56,19.57,19.31,123860.0,-0.010700000000000001
2016-10-29,0,0,0,0,0,0
2016-10-30,0,0,0,0,0,0
2016-10-31,19.1,19.44,19.44,19.1,131550.0,-0.0124
2016-11-01,19.0,19.2,19.25,18.81,100560.0,-0.0052
2016-11-02,18.95,18.98,19.12,18.85,65530.0,-0.0026
2016-11-03,18.42,18.97,19.0,18.33,172460.0,-0.027999999999999997
2016-11-04,18.31,18.34,18.54,18.22,96780.0,-0.006
2016-11-05,0,0,0,0,0,0
2016-11-06,0,0,0,0,0,0
2016-11-07,18.65,18.85,19.12,18.63,138080.0,0.018600000000000002
2016-11-08,18.86,18.63,18.95,18.56,91520.0,0.0113
2016-11-09,17.81,17.11,17.98,16.93,461350.0,-0.0557
2016-11-10,17.67,17.86,17.98,17.38,349840.0,-0.0079
2016-11-11,17.56,17.57,17.66,17.4,135360.0,-0.0062
2016-11-12,0,0,0,0,0,0
2016-11-13,0,0,0,0,0,0
2016-11-14,17.57,17.46,17.67,17.44,155840.0,0.0006
2016-11-15,17.71,17.72,17.79,17.57,107530.0,0.008
2016-11-16,17.65,17.76,17.85,17.52,86770.0,-0.0034000000000000002
2016-11-17,17.48,17.39,17.58,17.34,164850.0,-0.0096
2016-11-18,17.32,17.44,17.56,17.31,83190.0,-0.0092
2016-11-19,0,0,0,0,0,0
2016-11-20,0,0,0,0,0,0
2016-11-21,17.1,17.35,17.35,17.05,156590.0,-0.0127
2016-11-22,17.37,17.24,17.38,17.1,106520.0,0.0158
2016-11-23,17.67,17.46,17.73,17.32,83840.0,0.0173
2016-11-24,0,0,0,0,0,0
2016-11-25,17.88,17.85,17.98,17.8,56340.0,0.011899999999999999
2016-11-26,0,0,0,0,0,0
2016-11-27,0,0,0,0,0,0
2016-11-28,17.86,18.07,18.2,17.83,122420.0,-0.0011
2016-11-29,17.5,17.93,17.93,17.5,81460.0,-0.0202
2016-11-30,17.53,17.56,17.64,17.52,101510.0,0.0017000000000000001
2016-12-01,17.35,17.71,17.72,17.32,72580.0,-0.0103
2016-12-02,17.28,17.3,17.43,17.22,73990.0,-0.004
2016-12-03,0,0,0,0,0,0
2016-12-04,0,0,0,0,0,0
2016-12-05,17.64,17.29,17.72,17.28,222770.0,0.0208
2016-12-06,17.87,17.79,17.92,17.64,136630.0,0.013000000000000001
2016-12-07,18.22,17.99,18.33,17.71,744940.0,0.0196
2016-12-08,18.5,18.49,18.68,18.33,369460.0,0.0154
2016-12-09,18.36,18.33,18.5,18.22,190090.0,-0.0076
2016-12-10,0,0,0,0,0,0
2016-12-11,0,0,0,0,0,0
2016-12-12,18.0,18.34,18.36,17.93,309910.0,-0.0196
2016-12-13,17.93,18.06,18.12,17.8,103420.0,-0.0039000000000000003
2016-12-14,17.54,17.82,17.85,17.51,177420.0,-0.0218
2016-12-15,17.59,17.51,17.65,17.44,134730.0,0.0029
2016-12-16,17.65,17.59,17.79,17.48,166560.0,0.0034000000000000002
2016-12-17,0,0,0,0,0,0
2016-12-18,0,0,0,0,0,0
2016-12-19,18.03,17.82,18.05,17.6,143220.0,0.0215
2016-12-20,17.91,18.12,18.13,17.84,196410.0,-0.0067
2016-12-21,17.67,17.96,17.96,17.65,80220.0,-0.0134
2016-12-22,17.67,17.71,17.74,17.6,120460.0,0.0
2016-12-23,16.76,16.88,17.0,16.73,154990.0,-0.051500000000000004
2016-12-24,0,0,0,0,0,0
2016-12-25,0,0,0,0,0,0
2016-12-26,0,0,0,0,0,0
2016-12-27,16.89,16.76,16.95,16.76,329470.0,0.0078000000000000005
2016-12-28,16.67,17.02,17.04,16.63,209880.0,-0.013000000000000001
2016-12-29,16.7,16.78,16.87,16.67,179180.0,0.0018
2016-12-30,16.57,16.75,16.75,16.45,222330.0,-0.0078000000000000005
2016-12-31,0,0,0,0,0,0
2017-01-01,0,0,0,0,0,0
2017-01-02,0,0,0,0,0,0
2017-01-03,16.96,16.73,17.03,16.73,185530.0,0.0235
2017-01-04,17.35,17.11,17.43,17.11,137910.0,0.023
2017-01-05,17.46,17.4,17.48,17.32,127880.0,0.0063
2017-01-06,17.4,17.5,17.57,17.39,74880.0,-0.0034000000000000002
2017-01-07,0,0,0,0,0,0
2017-01-08,0,0,0,0,0,0
2017-01-09,17.46,17.45,17.54,17.39,66110.0,0.0034000000000000002
2017-01-10,17.57,17.47,17.63,17.47,69250.0,0.0063
2017-01-11,17.7,17.66,17.78,17.51,106670.0,0.0074
2017-01-12,17.51,17.63,17.64,17.34,89680.0,-0.010700000000000001
2017-01-13,17.67,17.52,17.78,17.52,124990.0,0.0091
2017-01-14,0,0,0,0,0,0
2017-01-15,0,0,0,0,0,0
2017-01-16,0,0,0,0,0,0
2017-01-17,17.8,17.7,17.96,17.67,101720.0,0.0074
2017-01-18,17.73,17.95,17.96,17.71,73400.0,-0.0039000000000000003
2017-01-19,17.64,17.63,17.85,17.58,61090.0,-0.0051
2017-01-20,17.69,17.85,17.85,17.66,61370.0,0.0028000000000000004
2017-01-21,0,0,0,0,0,0
2017-01-22,0,0,0,0,0,0
2017-01-23,17.61,17.74,17.77,17.54,83840.0,-0.0045000000000000005
2017-01-24,17.52,17.62,17.62,17.5,92710.0,-0.0051
2017-01-25,17.79,17.7,17.82,17.65,88080.0,0.0154
2017-01-26,17.68,17.84,17.88,17.66,43210.0,-0.0062
2017-01-27,17.55,17.69,17.7,17.28,57770.0,-0.0074
2017-01-28,0,0,0,0,0,0
2017-01-29,0,0,0,0,0,0
2017-01-30,17.18,17.45,17.46,17.15,85360.0,-0.021099999999999997
2017-01-31,17.29,17.12,17.3,17.03,60630.0,0.0064
2017-02-01,17.37,17.39,17.41,17.27,134860.0,0.0046
2017-02-02,17.32,17.33,17.4,17.27,43960.0,-0.0029
2017-02-03,17.47,17.38,17.5,17.34,103600.0,0.0087
2017-02-04,0,0,0,0,0,0
2017-02-05,0,0,0,0,0,0
2017-02-06,17.41,17.5,17.51,17.33,213450.0,-0.0034000000000000002
2017-02-07,17.29,17.41,17.41,17.22,50440.0,-0.0069
2017-02-08,17.36,17.18,17.39,17.18,61430.0,0.004
2017-02-09,17.42,17.48,17.51,17.41,67900.0,0.0034999999999999996
2017-02-10,17.79,17.51,17.8,17.47,232030.0,0.0212
2017-02-11,0,0,0,0,0,0
2017-02-12,0,0,0,0,0,0
2017-02-13,18.08,17.86,18.15,17.82,240340.0,0.0163
2017-02-14,18.18,18.09,18.27,18.0,706750.0,0.0055000000000000005
2017-02-15,18.58,18.27,18.6,18.27,590400.0,0.022000000000000002
2017-02-16,18.44,18.64,18.75,18.37,273820.0,-0.0075
2017-02-17,18.53,18.3,18.56,18.01,139930.0,0.0049
2017-02-18,0,0,0,0,0,0
2017-02-19,0,0,0,0,0,0
2017-02-20,0,0,0,0,0,0
2017-02-21,18.96,18.82,19.04,18.59,1340000.0,0.0232
2017-02-22,18.72,19.01,19.03,18.62,381960.0,-0.0127
2017-02-23,18.95,18.78,19.1,18.72,255310.0,0.0123
2017-02-24,18.96,18.83,19.0,18.77,129449.99999999999,0.0005
2017-02-25,0,0,0,0,0,0
2017-02-26,0,0,0,0,0,0
2017-02-27,19.1,19.02,19.19,18.93,209090.0,0.0074
2017-02-28,18.76,19.15,19.16,18.71,227680.0,-0.0178
2017-03-01,18.65,19.01,19.02,18.59,187220.0,-0.0059
2017-03-02,18.45,18.49,18.73,18.4,145760.0,-0.010700000000000001
2017-03-03,18.25,18.43,18.48,18.18,187120.0,-0.0108
2017-03-04,0,0,0,0,0,0
2017-03-05,0,0,0,0,0,0
2017-03-06,18.21,18.27,18.29,18.07,154910.0,-0.0022
2017-03-07,18.04,18.21,18.21,18.02,141630.0,-0.009300000000000001
2017-03-08,17.98,18.1,18.13,17.95,91790.0,-0.0033
2017-03-09,17.93,17.88,18.06,17.83,62030.0,-0.0028000000000000004
2017-03-10,17.87,17.92,17.94,17.78,139140.0,-0.0033
2017-03-11,0,0,0,0,0,0
2017-03-12,0,0,0,0,0,0
2017-03-13,18.02,17.93,18.05,17.9,249560.0,0.0084
2017-03-14,17.81,17.96,18.01,17.78,194160.0,-0.011699999999999999
2017-03-15,18.09,17.86,18.1,17.85,66950.0,0.015700000000000002
2017-03-16,18.34,18.21,18.4,18.21,170890.0,0.0138
2017-03-17,17.96,18.38,18.38,17.96,188590.0,-0.0207
2017-03-18,0,0,0,0,0,0
2017-03-19,0,0,0,0,0,0
2017-03-20,17.86,18.0,18.03,17.71,115570.0,-0.005600000000000001
2017-03-21,17.51,17.93,17.93,17.5,335450.0,-0.0196
2017-03-22,17.41,17.49,17.51,17.29,347210.0,-0.005699999999999999
2017-03-23,17.32,17.36,17.45,17.29,138150.0,-0.0052
2017-03-24,17.29,17.29,17.4,17.25,93230.0,-0.0017000000000000001
2017-03-25,0,0,0,0,0,0
2017-03-26,0,0,0,0,0,0
2017-03-27,17.29,17.25,17.3,17.08,129070.0,0.0
2017-03-28,17.36,17.21,17.43,17.19,166650.0,0.004
2017-03-29,17.34,17.35,17.44,17.32,56880.0,-0.0012
2017-03-30,17.3,17.29,17.36,17.23,62480.0,-0.0023
2017-03-31,17.28,17.26,17.4,17.19,79010.0,-0.0012
2017-04-01,0,0,0,0,0,0
2017-04-02,0,0,0,0,0,0
2017-04-03,17.26,17.37,17.38,17.22,76580.0,-0.0012
2017-04-04,17.36,17.3,17.47,17.24,259550.0,0.0058
2017-04-05,17.21,17.45,17.52,17.16,125700.0,-0.0086
2017-04-06,17.24,17.1,17.27,17.04,75160.0,0.0017000000000000001
2017-04-07,17.2,17.21,17.27,17.15,118400.0,-0.0023
2017-04-08,0,0,0,0,0,0
2017-04-09,0,0,0,0,0,0
2017-04-10,17.51,17.2,17.57,17.15,287510.0,0.018000000000000002
2017-04-11,17.5,17.57,17.57,17.33,63350.0,-0.0006
2017-04-12,17.49,17.49,17.52,17.38,163440.0,-0.0006
2017-04-13,17.31,17.39,17.5,17.31,89470.0,-0.0103
2017-04-14,0,0,0,0,0,0
2017-04-15,0,0,0,0,0,0
2017-04-16,0,0,0,0,0,0
2017-04-17,17.43,17.48,17.48,17.33,62180.0,0.0069
2017-04-18,17.39,17.39,17.43,17.3,68580.0,-0.0023
2017-04-19,17.2,17.36,17.41,17.2,152130.0,-0.0109
2017-04-20,17.12,17.24,17.24,17.07,177200.0,-0.004699999999999999
2017-04-21,17.04,17.13,17.13,17.0,69390.0,-0.004699999999999999
2017-04-22,0,0,0,0,0,0
2017-04-23,0,0,0,0,0,0
2017-04-24,17.26,17.22,17.29,17.15,77490.0,0.0129
2017-04-25,17.44,17.31,17.45,17.3,84410.0,0.0104
2017-04-26,17.54,17.44,17.65,17.41,148640.0,0.005699999999999999
2017-04-27,17.54,17.57,17.57,17.36,228020.0,0.0
2017-04-28,17.5,17.56,17.6,17.37,88800.0,-0.0023
2017-04-29,0,0,0,0,0,0
2017-04-30,0,0,0,0,0,0
2017-05-01,17.46,17.54,17.58,17.46,73110.0,-0.0023
2017-05-02,17.67,17.55,17.68,17.51,101510.0,0.012
2017-05-03,17.74,17.8,18.06,17.74,216210.0,0.004
2017-05-04,17.53,17.76,17.79,17.49,241350.0,-0.0118
2017-05-05,17.87,17.63,17.87,17.53,137860.0,0.0194
2017-05-06,0,0,0,0,0,0
2017-05-07,0,0,0,0,0,0
2017-05-08,17.84,17.8,17.88,17.75,90030.0,-0.0017000000000000001
2017-05-09,18.02,17.87,18.06,17.83,135750.0,0.0101
2017-05-10,18.2,17.96,18.24,17.82,101740.0,0.01
2017-05-11,18.18,18.18,18.27,18.0,92410.0,-0.0011
2017-05-12,18.14,18.18,18.18,17.93,148000.0,-0.0022
2017-05-13,0,0,0,0,0,0
2017-05-14,0,0,0,0,0,0
2017-05-15,18.34,18.15,18.39,18.11,178920.0,0.011000000000000001
2017-05-16,18.2,18.35,18.37,18.1,90330.0,-0.0076
2017-05-17,17.82,18.02,18.08,17.76,232340.0,-0.0209
2017-05-18,17.76,17.68,17.8,17.5,85480.0,-0.0034000000000000002
2017-05-19,18.09,17.8,18.2,17.8,54490.0,0.018600000000000002
2017-05-20,0,0,0,0,0,0
2017-05-21,0,0,0,0,0,0
2017-05-22,18.18,18.1,18.2,18.03,50450.0,0.005
2017-05-23,18.2,18.18,18.34,18.13,47540.0,0.0011
2017-05-24,18.47,18.34,18.49,18.28,96790.0,0.0148
2017-05-25,18.56,18.5,18.65,18.48,103590.0,0.0049
2017-05-26,18.4,18.56,18.57,18.37,139340.0,-0.0086
2017-05-27,0,0,0,0,0,0
2017-05-28,0,0,0,0,0,0
2017-05-29,0,0,0,0,0,0
2017-05-30,18.57,18.44,18.68,18.4,300690.0,0.0092
2017-05-31,18.51,18.68,18.69,18.35,142260.0,-0.0032
2017-06-01,18.55,18.6,18.68,18.42,149640.0,0.0022
2017-06-02,18.55,18.58,18.58,18.45,68710.0,0.0
2017-06-03,0,0,0,0,0,0
2017-06-04,0,0,0,0,0,0
2017-06-05,18.41,18.57,18.57,18.38,67310.0,-0.0074
2017-06-06,18.62,18.4,18.68,18.4,279180.0,0.0113
2017-06-07,18.49,18.6,18.64,18.45,363810.0,-0.006999999999999999
2017-06-08,18.82,18.46,18.84,18.4,1720000.0,0.0178
2017-06-09,18.6,18.82,18.88,18.5,141250.0,-0.011699999999999999
2017-06-10,0,0,0,0,0,0
2017-06-11,0,0,0,0,0,0
2017-06-12,18.49,18.57,18.58,18.44,71980.0,-0.0059
2017-06-13,18.69,18.6,18.7,18.58,65400.00000000001,0.0108
2017-06-14,18.49,18.69,18.69,18.4,107400.0,-0.010700000000000001
2017-06-15,18.19,18.41,18.41,18.16,145060.0,-0.016200000000000003
2017-06-16,18.34,18.21,18.36,18.19,182090.0,0.008199999999999999
2017-06-17,0,0,0,0,0,0
2017-06-18,0,0,0,0,0,0
2017-06-19,18.61,18.47,18.69,18.41,81180.0,0.0147
2017-06-20,18.64,18.71,18.93,18.55,89880.0,0.0016
2017-06-21,18.91,18.64,18.91,18.64,234950.0,0.014499999999999999
2017-06-22,19.39,18.97,19.56,18.96,616060.0,0.0254
2017-06-23,19.8,19.48,19.89,19.41,566700.0,0.021099999999999997
2017-06-24,0,0,0,0,0,0
2017-06-25,0,0,0,0,0,0
2017-06-26,19.89,19.99,20.09,19.81,439230.0,0.0045000000000000005
2017-06-27,19.76,19.8,19.91,19.68,226860.0,-0.006500000000000001
2017-06-28,19.92,19.82,20.06,19.72,355270.0,0.008100000000000001
2017-06-29,19.81,19.95,19.97,19.59,183430.0,-0.0055000000000000005
2017-06-30,19.89,19.91,20.06,19.75,388070.0,0.004
2017-07-01,0,0,0,0,0,0
2017-07-02,0,0,0,0,0,0
2017-07-03,19.96,20.04,20.12,19.93,285500.0,0.0034999999999999996
2017-07-04,0,0,0,0,0,0
2017-07-05,19.56,20.01,20.01,19.5,174720.0,-0.02
2017-07-06,19.45,19.51,19.69,19.41,140610.0,-0.005600000000000001
2017-07-07,19.76,19.56,19.81,19.55,99680.0,0.0159
2017-07-08,0,0,0,0,0,0
2017-07-09,0,0,0,0,0,0
2017-07-10,19.8,19.8,19.97,19.76,661060.0,0.002
2017-07-11,19.93,19.89,19.98,19.73,129470.0,0.0066
2017-07-12,20.32,20.01,20.37,20.01,373520.0,0.0196
2017-07-13,20.18,20.35,20.35,20.1,240300.0,-0.0069
2017-07-14,20.64,20.29,20.69,20.29,174670.0,0.022799999999999997
2017-07-15,0,0,0,0,0,0
2017-07-16,0,0,0,0,0,0
2017-07-17,20.63,20.77,20.77,20.58,287580.0,-0.0005
2017-07-18,20.97,20.7,21.02,20.66,464200.0,0.0165
2017-07-19,21.48,21.29,21.56,21.2,528770.0,0.024300000000000002
2017-07-20,21.45,21.47,21.48,21.26,199640.0,-0.0014000000000000002
2017-07-21,21.32,21.43,21.46,21.17,217430.0,-0.0060999999999999995
2017-07-22,0,0,0,0,0,0
2017-07-23,0,0,0,0,0,0
2017-07-24,21.44,21.36,21.46,21.32,365940.0,0.005600000000000001
2017-07-25,21.32,21.5,21.5,21.3,120490.0,-0.005600000000000001
2017-07-26,21.3,21.41,21.41,21.24,134760.0,-0.0009
2017-07-27,21.21,21.34,21.44,21.01,204580.0,-0.0042
2017-07-28,21.6,21.62,21.68,21.3,154890.0,0.0184
2017-07-29,0,0,0,0,0,0
2017-07-30,0,0,0,0,0,0
2017-07-31,21.64,21.7,21.7,21.4,229810.0,0.0019
2017-08-01,21.74,21.81,21.85,21.61,136840.0,0.0046
2017-08-02,21.4,21.68,21.71,21.22,238280.0,-0.015600000000000001
2017-08-03,21.6,21.59,21.79,21.54,125770.0,0.009300000000000001
2017-08-04,21.83,21.61,21.87,21.6,183320.0,0.0106
2017-08-05,0,0,0,0,0,0
2017-08-06,0,0,0,0,0,0
2017-08-07,22.28,21.96,22.3,21.88,443450.0,0.0206
2017-08-08,21.98,22.25,22.25,21.93,336840.0,-0.013500000000000002
2017-08-09,21.84,21.82,21.9,21.66,264010.0,-0.0064
2017-08-10,21.24,21.66,21.66,21.17,1520000.0,-0.0275
2017-08-11,21.47,21.18,21.49,21.06,116020.0,0.0108
2017-08-12,0,0,0,0,0,0
2017-08-13,0,0,0,0,0,0
2017-08-14,21.72,21.55,21.76,21.43,169160.0,0.0116
2017-08-15,21.93,21.84,21.97,21.72,146840.0,0.0097
2017-08-16,21.74,21.95,22.0,21.7,153920.0,-0.0087
2017-08-17,21.24,21.62,21.73,21.24,152380.0,-0.023
2017-08-18,21.63,21.48,21.72,21.45,101910.0,0.0184
2017-08-19,0,0,0,0,0,0
2017-08-20,0,0,0,0,0,0
2017-08-21,21.13,21.5,21.5,21.06,219540.0,-0.0231
2017-08-22,21.26,21.28,21.33,21.2,103020.0,0.0062
2017-08-23,21.31,21.18,21.41,21.1,78530.0,0.0024
2017-08-24,21.5,21.39,21.6,21.31,163450.0,0.0089
2017-08-25,21.48,21.6,21.65,21.44,70260.0,-0.0009
2017-08-26,0,0,0,0,0,0
2017-08-27,0,0,0,0,0,0
2017-08-28,21.44,21.5,21.52,21.34,86820.0,-0.0019
2017-08-29,21.48,21.2,21.54,21.16,56900.0,0.0019
2017-08-30,21.5,21.54,21.63,21.5,141180.0,0.0009
2017-08-31,21.7,21.59,21.74,21.56,264700.0,0.009300000000000001
2017-09-01,21.92,21.77,21.93,21.73,154920.0,0.0101
2017-09-02,0,0,0,0,0,0
2017-09-03,0,0,0,0,0,0
2017-09-04,0,0,0,0,0,0
2017-09-05,21.82,21.89,21.91,21.65,354020.0,-0.0046
2017-09-06,21.87,21.72,21.91,21.66,91540.0,0.0023
2017-09-07,22.0,21.92,22.0,21.89,101690.0,0.0059
2017-09-08,21.84,21.99,22.05,21.79,191550.0,-0.0073
2017-09-09,0,0,0,0,0,0
2017-09-10,0,0,0,0,0,0
2017-09-11,21.88,21.95,21.98,21.78,165760.0,0.0018
2017-09-12,21.84,21.88,22.0,21.83,107610.0,-0.0018
2017-09-13,21.88,21.91,21.98,21.85,168480.0,0.0018
2017-09-14,22.45,22.12,22.45,22.1,212660.0,0.026099999999999998
2017-09-15,22.37,22.5,22.71,22.36,326910.0,-0.0036
2017-09-16,0,0,0,0,0,0
2017-09-17,0,0,0,0,0,0
2017-09-18,22.27,22.57,22.57,22.22,397070.0,-0.0045000000000000005
2017-09-19,22.56,22.57,22.77,22.4,269640.0,0.013000000000000001
2017-09-20,22.33,22.62,22.65,22.15,250990.0,-0.0102
2017-09-21,22.01,22.22,22.22,21.9,231200.0,-0.0143
2017-09-22,22.19,22.0,22.27,21.82,377870.0,0.008199999999999999
2017-09-23,0,0,0,0,0,0
2017-09-24,0,0,0,0,0,0
2017-09-25,21.23,21.97,22.0,21.19,749320.0,-0.0433
2017-09-26,21.16,21.25,21.33,21.05,452380.0,-0.0033
2017-09-27,21.64,21.43,21.75,21.31,856090.0,0.0227
2017-09-28,21.49,21.59,21.61,21.37,206740.0,-0.0069
2017-09-29,21.65,21.5,21.65,21.49,363150.0,0.0074
2017-09-30,0,0,0,0,0,0
2017-10-01,0,0,0,0,0,0
2017-10-02,21.67,21.65,21.72,21.5,270250.0,0.0009
2017-10-03,21.82,21.7,21.85,21.7,137760.0,0.0069
2017-10-04,21.88,21.83,21.97,21.8,108370.0,0.0027
2017-10-05,21.95,21.96,22.07,21.9,167940.0,0.0032
2017-10-06,21.93,21.94,21.94,21.81,100720.0,-0.0009
2017-10-07,0,0,0,0,0,0
2017-10-08,0,0,0,0,0,0
2017-10-09,21.63,21.9,21.9,21.6,161290.0,-0.0137
2017-10-10,21.96,21.76,21.99,21.76,257740.0,0.015300000000000001
2017-10-11,21.86,21.91,21.92,21.71,98340.0,-0.0046
2017-10-12,22.14,22.04,22.3,22.04,187150.0,0.0128
2017-10-13,22.38,22.31,22.5,22.31,168460.0,0.0108
2017-10-14,0,0,0,0,0,0
2017-10-15,0,0,0,0,0,0
2017-10-16,22.54,22.54,22.59,22.47,153880.0,0.0070999999999999995
2017-10-17,22.64,22.6,22.69,22.5,155560.0,0.0044
2017-10-18,22.67,22.52,22.7,22.46,256980.00000000003,0.0013
2017-10-19,22.3,22.28,22.32,22.14,115550.0,-0.0163
2017-10-20,22.52,22.41,22.52,22.33,113830.0,0.009899999999999999
2017-10-21,0,0,0,0,0,0
2017-10-22,0,0,0,0,0,0
2017-10-23,23.0,22.83,23.08,22.75,299090.0,0.0213
2017-10-24,22.91,22.9,23.04,22.85,115180.0,-0.0039000000000000003
2017-10-25,22.93,23.17,23.17,22.77,330480.0,0.0009
2017-10-26,23.14,23.16,23.31,23.03,191210.0,0.0092
2017-10-27,23.97,23.47,24.0,23.41,462920.0,0.0359
2017-10-28,0,0,0,0,0,0
2017-10-29,0,0,0,0,0,0
2017-10-30,24.13,23.93,24.24,23.75,489370.0,0.0067
2017-10-31,23.98,24.3,24.34,23.81,1040000.0,-0.0062
2017-11-01,24.09,24.02,24.18,23.98,340490.0,0.0046
2017-11-02,24.14,24.12,24.26,24.01,445070.0,0.0021
2017-11-03,24.34,24.17,24.35,24.04,330370.0,0.0083
2017-11-04,0,0,0,0,0,0
2017-11-05,0,0,0,0,0,0
2017-11-06,24.79,24.51,24.9,24.5,340630.0,0.018500000000000003
2017-11-07,24.47,24.73,24.73,24.43,207930.0,-0.0129
2017-11-08,24.66,24.5,24.7,24.37,214860.0,0.0078000000000000005
2017-11-09,24.35,24.46,24.53,24.2,393210.0,-0.0126
2017-11-10,24.67,24.49,24.75,24.49,197120.0,0.0131
2017-11-11,0,0,0,0,0,0
2017-11-12,0,0,0,0,0,0
2017-11-13,24.86,24.66,24.97,24.66,500700.0,0.0077
2017-11-14,25.12,25.04,25.21,24.99,312980.0,0.0105
2017-11-15,24.44,24.63,24.71,24.39,245710.0,-0.0271
2017-11-16,24.72,24.76,24.89,24.68,152790.0,0.0115
2017-11-17,24.55,24.53,24.55,24.36,255760.0,-0.0069
2017-11-18,0,0,0,0,0,0
2017-11-19,0,0,0,0,0,0
2017-11-20,25.02,24.76,25.02,24.67,137610.0,0.0191
2017-11-21,24.97,25.11,25.13,24.9,480900.0,-0.002
2017-11-22,25.03,25.02,25.09,24.87,190980.0,0.0024
2017-11-23,0,0,0,0,0,0
2017-11-24,25.4,25.34,25.5,25.25,244380.0,0.0148
2017-11-25,0,0,0,0,0,0
2017-11-26,0,0,0,0,0,0
2017-11-27,24.95,25.01,25.12,24.83,295440.0,-0.0177
2017-11-28,25.11,25.05,25.18,24.95,186840.0,0.0064
2017-11-29,24.46,25.1,25.1,24.41,511950.0,-0.0259
2017-11-30,24.57,24.43,24.65,24.42,377430.0,0.0045000000000000005
2017-12-01,24.21,24.49,24.49,23.75,784100.0,-0.0147
2017-12-02,0,0,0,0,0,0
2017-12-03,0,0,0,0,0,0
2017-12-04,23.33,24.4,24.52,23.21,1110000.0,-0.0363
2017-12-05,23.49,23.16,23.55,23.06,225270.0,0.0069
2017-12-06,23.47,23.44,23.63,23.4,302540.0,-0.0009
2017-12-07,23.85,23.35,23.86,23.19,256430.0,0.016200000000000003
2017-12-08,24.35,24.18,24.38,24.15,193830.0,0.021
2017-12-09,0,0,0,0,0,0
2017-12-10,0,0,0,0,0,0
2017-12-11,24.49,24.53,24.76,24.45,225130.0,0.005699999999999999
2017-12-12,24.2,24.41,24.52,24.15,179340.0,-0.0118
2017-12-13,24.43,24.5,24.6,24.38,111260.0,0.0095
2017-12-14,24.48,24.43,24.56,24.39,73020.0,0.002
2017-12-15,24.53,24.41,24.59,24.28,96030.0,0.002
2017-12-16,0,0,0,0,0,0
2017-12-17,0,0,0,0,0,0
2017-12-18,24.89,24.75,24.91,24.74,174500.0,0.0147
2017-12-19,24.71,25.0,25.02,24.65,218210.0,-0.0072
2017-12-20,24.81,24.9,25.09,24.75,109920.0,0.004
2017-12-21,25.2,25.07,25.25,25.07,199240.0,0.015700000000000002
2017-12-22,25.29,25.26,25.29,25.17,187170.0,0.0036
2017-12-23,0,0,0,0,0,0
2017-12-24,0,0,0,0,0,0
2017-12-25,0,0,0,0,0,0
2017-12-26,24.69,24.93,24.95,24.52,157680.0,-0.023700000000000002
2017-12-27,25.05,24.71,25.05,24.71,194440.0,0.0146
2017-12-28,25.23,25.12,25.27,25.12,126900.0,0.0072
2017-12-29,25.13,25.3,25.3,25.11,316300.0,-0.004
2017-12-30,0,0,0,0,0,0
2017-12-31,0,0,0,0,0,0
2018-01-01,0,0,0,0,0,0
2018-01-02,25.69,25.42,25.69,25.38,292650.0,0.0223
2018-01-03,25.99,26.07,26.21,25.87,296820.0,0.011699999999999999
2018-01-04,25.79,26.05,26.07,25.63,210180.0,-0.0077
2018-01-05,25.91,25.8,25.98,25.79,125180.0,0.004699999999999999
2018-01-06,0,0,0,0,0,0
2018-01-07,0,0,0,0,0,0
2018-01-08,25.93,25.97,25.99,25.75,225800.0,0.0008
2018-01-09,25.92,26.01,26.08,25.83,132760.0,-0.0004
2018-01-10,25.93,25.95,26.0,25.82,134200.0,0.0004
2018-01-11,26.57,25.93,26.59,25.91,305830.0,0.024700000000000003
2018-01-12,26.6,26.64,26.7,26.51,255740.0,0.0011
2018-01-13,0,0,0,0,0,0
2018-01-14,0,0,0,0,0,0
2018-01-15,0,0,0,0,0,0
2018-01-16,25.93,26.62,26.69,25.83,394500.0,-0.0252
2018-01-17,25.98,25.93,26.02,25.8,209890.0,0.0019
2018-01-18,25.98,26.01,26.07,25.63,404260.0,0.0
2018-01-19,25.97,26.01,26.04,25.8,169490.0,-0.0004
2018-01-20,0,0,0,0,0,0
2018-01-21,0,0,0,0,0,0
2018-01-22,25.75,25.74,25.86,25.61,169110.0,-0.0085
2018-01-23,25.57,25.91,26.19,25.5,325330.0,-0.006999999999999999
2018-01-24,25.2,25.45,25.55,24.92,495210.0,-0.014499999999999999
2018-01-25,25.4,25.34,25.5,25.26,178610.0,0.0079
2018-01-26,25.51,25.49,25.56,25.33,294160.0,0.0043
2018-01-27,0,0,0,0,0,0
2018-01-28,0,0,0,0,0,0
2018-01-29,25.58,25.53,25.67,25.38,203420.0,0.0027
2018-01-30,25.19,25.37,25.47,25.13,216610.0,-0.0152
2018-01-31,25.06,25.35,25.45,24.96,446310.0,-0.0052
2018-02-01,24.74,24.83,24.93,24.62,205560.0,-0.0128
2018-02-02,24.05,24.55,24.59,24.02,1070000.0,-0.0279
2018-02-03,0,0,0,0,0,0
2018-02-04,0,0,0,0,0,0
2018-02-05,23.19,23.94,24.17,23.16,672940.0,-0.0358
2018-02-06,23.43,22.66,23.5,22.58,412270.0,0.0103
2018-02-07,23.19,23.23,23.47,23.16,177310.0,-0.0102
2018-02-08,22.5,23.15,23.3,22.5,265120.0,-0.0298
2018-02-09,22.4,22.43,22.65,21.74,847760.0,-0.0044
2018-02-10,0,0,0,0,0,0
2018-02-11,0,0,0,0,0,0
2018-02-12,23.02,22.74,23.15,22.74,173910.0,0.0277
2018-02-13,23.52,23.16,23.55,23.16,180190.0,0.0217
2018-02-14,23.97,23.39,24.0,23.39,113850.0,0.0191
2018-02-15,24.62,24.38,24.67,24.21,160160.0,0.0271
2018-02-16,24.84,24.61,24.96,24.57,145390.0,0.0089
2018-02-17,0,0,0,0,0,0
2018-02-18,0,0,0,0,0,0
2018-02-19,0,0,0,0,0,0
2018-02-20,24.91,24.63,25.03,24.53,179830.0,0.0028000000000000004
2018-02-21,25.05,25.17,25.48,25.03,145420.0,0.005600000000000001
2018-02-22,24.9,25.13,25.14,24.8,172210.0,-0.006
2018-02-23,24.91,24.97,25.06,24.67,116070.0,0.0004
2018-02-24,0,0,0,0,0,0
2018-02-25,0,0,0,0,0,0
2018-02-26,25.07,24.79,25.07,24.74,97950.0,0.0064
2018-02-27,24.63,25.02,25.08,24.62,131800.0,-0.0176
2018-02-28,24.27,24.75,24.75,24.27,126350.0,-0.0146
2018-03-01,24.34,24.36,24.54,24.08,159750.0,0.0029
2018-03-02,24.31,24.0,24.34,23.71,85520.0,-0.0012
2018-03-03,0,0,0,0,0,0
2018-03-04,0,0,0,0,0,0
2018-03-05,24.65,24.3,24.68,24.3,97350.0,0.013999999999999999
2018-03-06,24.89,24.66,24.95,24.66,105540.0,0.0097
2018-03-07,24.75,24.76,24.95,24.65,58940.0,-0.005600000000000001
2018-03-08,24.88,24.8,24.91,24.71,82590.0,0.0053
2018-03-09,25.25,25.18,25.28,25.04,124060.0,0.0149
2018-03-10,0,0,0,0,0,0
2018-03-11,0,0,0,0,0,0
2018-03-12,25.41,25.24,25.45,25.21,113100.0,0.0063
2018-03-13,25.19,25.53,25.55,25.15,206330.0,-0.0087
2018-03-14,25.28,25.32,25.35,25.11,51210.0,0.0036
2018-03-15,25.16,25.35,25.37,25.12,82650.0,-0.004699999999999999
2018-03-16,25.22,25.08,25.3,25.05,34180.0,0.0024
2018-03-17,0,0,0,0,0,0
2018-03-18,0,0,0,0,0,0
2018-03-19,25.26,25.24,25.45,25.09,60590.0,0.0016
2018-03-20,25.62,25.27,25.65,25.23,86920.0,0.0143
2018-03-21,25.83,25.55,25.97,25.44,188450.0,0.008199999999999999
2018-03-22,24.88,25.01,25.27,24.83,170050.0,-0.0368
2018-03-23,24.64,24.79,25.01,24.64,131630.0,-0.0096
2018-03-24,0,0,0,0,0,0
2018-03-25,0,0,0,0,0,0
2018-03-26,25.67,25.37,25.68,25.14,261410.00000000003,0.0418
2018-03-27,25.02,25.48,25.72,24.91,180660.0,-0.0253
2018-03-28,24.27,24.92,24.92,24.22,209120.0,-0.03
2018-03-29,24.56,24.3,24.77,24.26,88710.0,0.011899999999999999
2018-03-30,0,0,0,0,0,0
2018-03-31,0,0,0,0,0,0
2018-04-01,0,0,0,0,0,0
2018-04-02,24.36,24.44,24.52,24.11,81550.0,-0.008100000000000001
2018-04-03,24.41,24.44,24.5,23.99,112670.0,0.0021
2018-04-04,24.34,23.76,24.36,23.55,143530.0,-0.0029
2018-04-05,24.97,24.53,25.02,24.53,200480.0,0.0259
2018-04-06,24.38,24.64,24.95,24.26,83190.0,-0.0236
2018-04-07,0,0,0,0,0,0
2018-04-08,0,0,0,0,0,0
2018-04-09,24.61,24.65,24.92,24.61,42000.0,0.009399999999999999
2018-04-10,25.06,25.17,25.33,25.05,92170.0,0.0183
2018-04-11,24.97,25.0,25.13,24.9,52160.0,-0.0036
2018-04-12,24.93,24.95,25.05,24.82,51620.0,-0.0016
2018-04-13,24.69,24.95,24.96,24.6,69670.0,-0.0096
2018-04-14,0,0,0,0,0,0
2018-04-15,0,0,0,0,0,0
2018-04-16,24.53,24.72,24.76,24.44,107430.0,-0.006500000000000001
2018-04-17,24.79,24.41,24.85,24.41,103390.0,0.0106
2018-04-18,25.34,25.04,25.43,25.04,177320.0,0.0222
2018-04-19,25.29,25.46,25.47,25.16,73030.0,-0.002
2018-04-20,25.3,25.24,25.36,25.14,71250.0,0.0004
2018-04-21,0,0,0,0,0,0
2018-04-22,0,0,0,0,0,0
2018-04-23,25.14,25.37,25.4,25.06,66420.0,-0.0063
2018-04-24,24.88,25.34,25.36,24.7,65160.0,-0.0103
2018-04-25,24.67,24.78,24.82,24.44,55730.0,-0.0084
2018-04-26,24.89,24.61,24.93,24.61,100510.0,0.0089
2018-04-27,25.11,25.03,25.39,25.03,75890.0,0.0088
2018-04-28,0,0,0,0,0,0
2018-04-29,0,0,0,0,0,0
2018-04-30,24.62,25.19,25.19,24.57,42420.0,-0.0195
2018-05-01,24.35,24.61,24.61,24.26,75600.0,-0.011000000000000001
2018-05-02,24.49,24.37,24.68,24.37,46540.0,0.005699999999999999
2018-05-03,24.35,24.53,24.53,24.07,326840.0,-0.005699999999999999
2018-05-04,24.25,24.06,24.4,24.05,164320.0,-0.0040999999999999995
2018-05-05,0,0,0,0,0,0
2018-05-06,0,0,0,0,0,0
2018-05-07,24.64,24.27,24.74,24.27,56400.0,0.0161
2018-05-08,24.6,24.69,24.7,24.48,47360.0,-0.0016
2018-05-09,25.0,24.75,25.24,24.4,378730.0,0.0163
2018-05-10,26.15,25.46,26.21,25.26,561470.0,0.046
2018-05-11,25.9,26.23,26.24,25.76,213850.0,-0.0096
2018-05-12,0,0,0,0,0,0
2018-05-13,0,0,0,0,0,0
2018-05-14,26.38,26.12,26.65,26.12,459590.0,0.018500000000000003
2018-05-15,26.29,26.24,26.4,25.98,190020.0,-0.0034000000000000002
2018-05-16,26.81,26.46,26.92,26.41,261290.00000000003,0.019799999999999998
2018-05-17,26.73,26.93,26.95,26.54,287550.0,-0.003
2018-05-18,26.55,26.71,26.71,26.46,135520.0,-0.0067
2018-05-19,0,0,0,0,0,0
2018-05-20,0,0,0,0,0,0
2018-05-21,26.93,26.9,27.03,26.84,409020.0,0.0143
2018-05-22,26.72,27.0,27.07,26.68,124350.0,-0.0078000000000000005
2018-05-23,26.33,26.55,26.63,26.2,181260.0,-0.0146
2018-05-24,26.04,26.33,26.33,25.86,182290.0,-0.011000000000000001
2018-05-25,25.91,25.8,25.98,25.62,434440.0,-0.005
2018-05-26,0,0,0,0,0,0
2018-05-27,0,0,0,0,0,0
2018-05-28,0,0,0,0,0,0
2018-05-29,25.57,25.37,25.57,25.19,252310.0,-0.0131
2018-05-30,25.86,25.76,26.01,25.47,77180.0,0.0113
2018-05-31,25.48,25.85,26.03,25.43,78730.0,-0.0147
2018-06-01,25.17,25.67,25.77,25.1,140250.0,-0.012199999999999999
2018-06-02,0,0,0,0,0,0
2018-06-03,0,0,0,0,0,0
2018-06-04,24.03,24.98,24.98,23.69,424730.0,-0.0453
2018-06-05,23.51,23.7,23.94,23.37,576330.0,-0.0216
2018-06-06,23.29,23.6,23.6,23.12,573820.0,-0.009399999999999999
2018-06-07,23.23,23.27,23.57,23.07,325670.0,-0.0026
2018-06-08,23.19,23.07,23.33,23.07,134250.0,-0.0017000000000000001
2018-06-09,0,0,0,0,0,0
2018-06-10,0,0,0,0,0,0
2018-06-11,23.17,23.2,23.32,23.11,219910.0,-0.0009
2018-06-12,23.3,23.34,23.48,23.11,224750.0,0.005600000000000001
2018-06-13,23.84,23.89,24.03,23.7,180920.0,0.0232
2018-06-14,23.99,23.92,24.05,23.86,106710.0,0.0063
2018-06-15,23.25,23.99,23.99,23.19,178620.0,-0.0308
2018-06-16,0,0,0,0,0,0
2018-06-17,0,0,0,0,0,0
2018-06-18,23.38,23.23,23.46,23.01,140480.0,0.005600000000000001
2018-06-19,23.38,23.13,23.39,22.96,200020.0,0.0
2018-06-20,23.51,23.63,23.67,23.34,76260.0,0.005600000000000001
2018-06-21,23.48,23.6,23.6,23.36,69970.0,-0.0013
2018-06-22,23.7,23.62,23.84,23.54,71530.0,0.009399999999999999
2018-06-23,0,0,0,0,0,0
2018-06-24,0,0,0,0,0,0
2018-06-25,23.31,23.66,23.7,23.13,84020.0,-0.0165
2018-06-26,23.41,23.32,23.5,23.2,169580.0,0.0043
2018-06-27,22.96,23.4,23.54,22.9,175650.0,-0.0192
2018-06-28,23.08,22.79,23.09,22.6,226250.0,0.0052
2018-06-29,23.1,23.19,23.29,23.09,80060.0,0.0009
2018-06-30,0,0,0,0,0,0
2018-07-01,0,0,0,0,0,0
2018-07-02,23.26,22.84,23.3,22.75,87310.0,0.0069
2018-07-03,23.08,23.29,23.31,23.05,72580.0,-0.0077
2018-07-04,0,0,0,0,0,0
2018-07-05,23.26,23.05,23.26,22.92,73890.0,0.0078000000000000005
2018-07-06,23.54,23.04,23.56,23.04,87370.0,0.012
2018-07-07,0,0,0,0,0,0
2018-07-08,0,0,0,0,0,0
2018-07-09,23.93,23.73,23.95,23.57,84090.0,0.0166
2018-07-10,23.8,23.78,23.86,23.73,84640.0,-0.0054
2018-07-11,23.37,23.36,23.56,23.35,76420.0,-0.0181
2018-07-12,23.49,23.51,23.55,23.37,115960.0,0.0051
2018-07-13,23.28,23.28,23.38,23.24,111460.0,-0.0089
2018-07-14,0,0,0,0,0,0
2018-07-15,0,0,0,0,0,0
2018-07-16,23.26,23.35,23.5,23.13,125000.0,-0.0009
2018-07-17,23.05,23.15,23.24,23.01,99460.0,-0.009000000000000001
2018-07-18,23.06,22.95,23.07,22.83,87950.0,0.0004
2018-07-19,23.07,22.65,23.13,22.65,59330.0,0.0004
2018-07-20,22.86,23.01,23.16,22.82,63410.0,-0.0091
2018-07-21,0,0,0,0,0,0
2018-07-22,0,0,0,0,0,0
2018-07-23,22.75,22.75,22.86,22.65,107260.0,-0.0048
2018-07-24,22.98,23.02,23.22,22.85,62780.0,0.0101
2018-07-25,23.5,22.88,23.5,22.88,87690.0,0.0226
2018-07-26,23.19,23.16,23.42,23.13,72360.0,-0.0132
2018-07-27,22.76,22.87,22.94,22.49,121520.0,-0.018500000000000003
2018-07-28,0,0,0,0,0,0
2018-07-29,0,0,0,0,0,0
2018-07-30,22.45,22.63,22.81,22.34,164420.0,-0.013600000000000001
2018-07-31,22.74,22.54,22.85,22.54,172180.0,0.0129
2018-08-01,22.62,22.53,22.64,22.32,190710.0,-0.0053
2018-08-02,22.77,22.35,22.83,22.35,75650.0,0.0066
2018-08-03,22.15,22.41,22.48,22.02,133830.0,-0.027200000000000002
2018-08-04,0,0,0,0,0,0
2018-08-05,0,0,0,0,0,0
2018-08-06,22.42,22.06,22.46,22.06,71610.0,0.012199999999999999
2018-08-07,22.6,22.6,22.83,22.58,64670.0,0.008
2018-08-08,22.73,22.69,22.75,22.52,52570.0,0.0058
2018-08-09,22.61,22.7,22.9,22.57,36580.0,-0.0053
2018-08-10,22.16,22.29,22.29,22.0,49790.0,-0.0199
2018-08-11,0,0,0,0,0,0
2018-08-12,0,0,0,0,0,0
2018-08-13,21.8,22.19,22.19,21.72,97560.0,-0.016200000000000003
2018-08-14,21.53,21.74,21.74,21.36,126070.0,-0.0124
2018-08-15,21.04,21.15,21.15,20.7,104090.0,-0.022799999999999997
2018-08-16,21.09,20.98,21.17,20.98,97870.0,0.0024
2018-08-17,21.08,21.04,21.14,20.89,80810.0,-0.0005
2018-08-18,0,0,0,0,0,0
2018-08-19,0,0,0,0,0,0
2018-08-20,21.43,21.19,21.47,21.18,72780.0,0.0166
2018-08-21,21.7,21.67,21.89,21.65,40070.0,0.0126
2018-08-22,21.76,21.72,21.86,21.69,46450.0,0.0028000000000000004
2018-08-23,21.54,21.84,21.84,21.53,37150.0,-0.0101
2018-08-24,21.89,21.63,21.93,21.63,43080.0,0.016200000000000003
2018-08-25,0,0,0,0,0,0
2018-08-26,0,0,0,0,0,0
2018-08-27,21.95,21.96,22.14,21.92,37820.0,0.0027
2018-08-28,21.81,21.96,21.96,21.73,38960.0,-0.0064
2018-08-29,22.16,21.86,22.25,21.83,61480.0,0.016
2018-08-30,21.67,22.02,22.08,21.65,59000.0,-0.022099999999999998
2018-08-31,21.83,21.66,21.83,21.63,93750.0,0.0074
2018-09-01,0,0,0,0,0,0
2018-09-02,0,0,0,0,0,0
2018-09-03,0,0,0,0,0,0
2018-09-04,21.85,21.83,21.89,21.72,32479.999999999996,0.0009
2018-09-05,21.41,21.63,21.63,21.28,61990.0,-0.020099999999999996
2018-09-06,21.2,21.52,21.52,21.14,36750.0,-0.0098
2018-09-07,20.79,20.96,20.98,20.73,86450.0,-0.019299999999999998
2018-09-08,0,0,0,0,0,0
2018-09-09,0,0,0,0,0,0
2018-09-10,20.72,20.82,20.82,20.67,104590.0,-0.0034000000000000002
2018-09-11,20.83,20.62,20.88,20.62,49390.0,0.0053
2018-09-12,20.98,20.81,21.01,20.75,44790.0,0.0072
2018-09-13,21.05,21.13,21.28,21.01,22100.0,0.0033
2018-09-14,20.87,21.02,21.02,20.83,57500.0,-0.0086
2018-09-15,0,0,0,0,0,0
2018-09-16,0,0,0,0,0,0
2018-09-17,20.67,20.82,20.89,20.62,38450.0,-0.0096
2018-09-18,21.06,20.67,21.12,20.65,76950.0,0.0189
2018-09-19,21.12,21.23,21.25,21.0,73300.0,0.0028000000000000004
2018-09-20,21.49,21.25,21.56,21.25,46670.0,0.0175
2018-09-21,21.58,21.71,21.74,21.51,104310.0,0.0042
2018-09-22,0,0,0,0,0,0
2018-09-23,0,0,0,0,0,0
2018-09-24,21.43,21.46,21.53,21.4,42960.0,-0.006999999999999999
2018-09-25,21.37,21.55,21.58,21.36,31590.0,-0.0028000000000000004
2018-09-26,21.31,21.39,21.47,21.28,35060.0,-0.0028000000000000004
2018-09-27,20.96,21.1,21.25,20.93,36520.0,-0.016399999999999998
2018-09-28,20.74,20.79,20.84,20.64,43630.0,-0.0105
2018-09-29,0,0,0,0,0,0
2018-09-30,0,0,0,0,0,0
2018-10-01,20.74,20.83,20.89,20.7,36350.0,0.0
2018-10-02,21.01,20.73,21.13,20.73,54530.0,0.013000000000000001
2018-10-03,20.86,21.08,21.08,20.85,54450.0,-0.0070999999999999995
2018-10-04,20.62,20.85,20.86,20.53,82810.0,-0.0115
2018-10-05,20.15,20.54,20.55,20.02,88570.0,-0.022799999999999997
2018-10-06,0,0,0,0,0,0
2018-10-07,0,0,0,0,0,0
2018-10-08,19.91,19.8,19.93,19.63,158780.0,-0.011899999999999999
2018-10-09,19.69,19.58,19.84,19.58,71360.0,-0.011000000000000001
2018-10-10,19.16,19.63,19.65,19.16,131020.00000000001,-0.0269
2018-10-11,18.89,19.01,19.18,18.81,87550.0,-0.0141
2018-10-12,19.08,18.98,19.12,18.83,62890.0,0.0101
2018-10-13,0,0,0,0,0,0
2018-10-14,0,0,0,0,0,0
2018-10-15,19.44,19.1,19.56,19.1,229560.0,0.0189
2018-10-16,19.78,19.51,19.83,19.48,115230.0,0.0175
2018-10-17,19.61,19.79,19.79,19.42,89070.0,-0.0086
2018-10-18,19.24,19.41,19.54,19.18,71760.0,-0.0189
2018-10-19,19.06,19.25,19.35,18.94,51870.0,-0.009399999999999999
2018-10-20,0,0,0,0,0,0
2018-10-21,0,0,0,0,0,0
2018-10-22,18.92,19.0,19.18,18.78,96660.0,-0.0073
2018-10-23,18.41,18.53,18.57,18.13,353060.0,-0.027000000000000003
2018-10-24,17.88,18.37,18.48,17.88,245350.0,-0.0288
2018-10-25,18.27,18.12,18.34,18.07,73940.0,0.0218
2018-10-26,17.86,17.86,18.19,17.67,191120.0,-0.022400000000000003
2018-10-27,0,0,0,0,0,0
2018-10-28,0,0,0,0,0,0
2018-10-29,17.7,18.07,18.07,17.47,78650.0,-0.009000000000000001
2018-10-30,18.2,17.75,18.25,17.6,53710.0,0.0282
2018-10-31,18.49,18.4,18.59,18.3,236500.0,0.0159
2018-11-01,19.13,18.59,19.15,18.54,54850.0,0.0346
2018-11-02,19.46,19.52,19.59,19.27,215430.0,0.0173
2018-11-03,0,0,0,0,0,0
2018-11-04,0,0,0,0,0,0
2018-11-05,20.5,20.26,20.7,20.25,230390.0,0.053399999999999996
2018-11-06,20.39,20.4,20.61,20.32,147490.0,-0.0054
2018-11-07,21.01,20.5,21.06,20.5,79800.0,0.0304
2018-11-08,20.43,20.57,20.75,20.34,56970.0,-0.0276
2018-11-09,20.19,20.3,20.3,20.01,41270.0,-0.011699999999999999
2018-11-10,0,0,0,0,0,0
2018-11-11,0,0,0,0,0,0
2018-11-12,19.99,20.2,20.27,19.99,37400.0,-0.009899999999999999
2018-11-13,19.85,20.07,20.12,19.78,40110.0,-0.006999999999999999
2018-11-14,19.68,19.79,19.93,19.46,51030.0,-0.0086
2018-11-15,20.23,19.76,20.33,19.74,48020.0,0.0279
2018-11-16,20.46,20.16,20.52,20.15,66510.0,0.011399999999999999
2018-11-17,0,0,0,0,0,0
2018-11-18,0,0,0,0,0,0
2018-11-19,20.3,20.49,20.51,20.23,53300.0,-0.0078000000000000005
2018-11-20,19.77,19.88,19.96,19.6,80880.0,-0.026099999999999998
2018-11-21,20.1,20.0,20.19,19.94,37040.0,0.0167
2018-11-22,0,0,0,0,0,0
2018-11-23,20.08,19.92,20.18,19.89,28030.0,-0.001
2018-11-24,0,0,0,0,0,0
2018-11-25,0,0,0,0,0,0
2018-11-26,20.64,20.35,20.69,20.33,90200.0,0.0279
2018-11-27,21.17,20.56,21.22,20.56,121260.0,0.025699999999999997
2018-11-28,21.81,21.36,21.85,21.36,211440.0,0.0302
2018-11-29,21.59,21.82,21.85,21.44,152150.0,-0.0101
2018-11-30,21.05,21.04,21.22,20.86,218140.0,-0.025
2018-12-01,0,0,0,0,0,0
2018-12-02,0,0,0,0,0,0
2018-12-03,21.39,21.44,21.46,21.25,111730.0,0.016200000000000003
2018-12-04,20.79,21.48,21.51,20.78,134660.0,-0.0281
2018-12-05,0,0,0,0,0,0
2018-12-06,20.82,20.4,20.85,20.24,143520.0,0.0014000000000000002
2018-12-07,20.27,20.65,20.95,20.22,65670.0,-0.0264
2018-12-08,0,0,0,0,0,0
2018-12-09,0,0,0,0,0,0
2018-12-10,20.1,20.07,20.19,19.8,109340.0,-0.0084
2018-12-11,20.11,20.29,20.42,19.94,67690.0,0.0005
2018-12-12,20.29,20.27,20.41,20.17,88120.0,0.009000000000000001
2018-12-13,20.35,20.34,20.56,20.24,61830.0,0.003
2018-12-14,20.05,20.24,20.35,20.03,43130.0,-0.0147
2018-12-15,0,0,0,0,0,0
2018-12-16,0,0,0,0,0,0
2018-12-17,19.59,19.95,19.99,19.48,140980.0,-0.0229
2018-12-18,19.42,19.63,19.8,19.33,112850.0,-0.0087
2018-12-19,19.04,19.37,19.54,18.96,95800.0,-0.0196
2018-12-20,18.7,18.97,19.22,18.28,161220.0,-0.0179
2018-12-21,18.47,18.85,18.99,18.38,115690.0,-0.0123
2018-12-22,0,0,0,0,0,0
2018-12-23,0,0,0,0,0,0
2018-12-24,18.01,18.13,18.28,17.95,72170.0,-0.024900000000000002
2018-12-25,0,0,0,0,0,0
2018-12-26,18.71,18.02,18.75,17.93,66550.0,0.038900000000000004
2018-12-27,18.53,18.28,18.55,17.97,121010.0,-0.0096
2018-12-28,18.57,18.62,18.78,18.43,180750.0,0.0022
2018-12-29,0,0,0,0,0,0
2018-12-30,0,0,0,0,0,0
2018-12-31,18.55,18.63,18.79,18.35,103310.0,-0.0011
2019-01-01,0,0,0,0,0,0
2019-01-02,18.79,18.45,18.82,18.3,134880.0,0.0129
2019-01-03,18.59,18.85,18.95,18.51,69850.0,-0.0106
2019-01-04,19.45,18.98,19.54,18.9,64370.00000000001,0.0463
2019-01-05,0,0,0,0,0,0
2019-01-06,0,0,0,0,0,0
2019-01-07,19.81,19.73,20.08,19.57,81910.0,0.018500000000000003
2019-01-08,19.82,20.05,20.13,19.73,35860.0,0.0005
2019-01-09,20.1,20.0,20.23,20.0,83370.0,0.0141
2019-01-10,20.54,20.17,20.54,20.12,229180.0,0.0219
2019-01-11,20.39,20.38,20.45,20.3,36710.0,-0.0073
2019-01-12,0,0,0,0,0,0
2019-01-13,0,0,0,0,0,0
2019-01-14,20.35,20.24,20.52,20.22,32850.0,-0.002
2019-01-15,20.36,20.36,20.5,20.28,181380.0,0.0005
2019-01-16,20.26,20.31,20.53,19.9,169200.0,-0.0049
2019-01-17,20.61,20.23,20.74,20.23,166520.0,0.0173
2019-01-18,20.46,20.75,20.82,20.41,519440.00000000006,-0.0073
2019-01-19,0,0,0,0,0,0
2019-01-20,0,0,0,0,0,0
2019-01-21,0,0,0,0,0,0
2019-01-22,20.21,20.38,20.44,20.05,149140.0,-0.012199999999999999
2019-01-23,20.6,20.39,20.75,20.39,165070.0,0.019299999999999998
2019-01-24,21.25,20.78,21.25,20.78,162730.0,0.0316
2019-01-25,21.76,21.46,21.89,21.46,106390.0,0.024
2019-01-26,0,0,0,0,0,0
2019-01-27,0,0,0,0,0,0
2019-01-28,22.26,21.78,22.29,21.77,167100.0,0.023
2019-01-29,22.0,22.29,22.29,21.97,106230.0,-0.011699999999999999
2019-01-30,22.49,22.2,22.58,22.19,119420.0,0.0223
2019-01-31,23.29,22.74,23.4,22.72,242070.0,0.0356
2019-02-01,22.72,23.36,23.36,22.6,126050.0,-0.0245
2019-02-02,0,0,0,0,0,0
2019-02-03,0,0,0,0,0,0
2019-02-04,22.99,22.79,22.99,22.79,168900.0,0.011899999999999999
2019-02-05,23.14,23.1,23.17,22.96,71290.0,0.006500000000000001
2019-02-06,23.28,23.35,23.55,23.24,167250.0,0.0060999999999999995
2019-02-07,22.9,23.0,23.19,22.69,104020.0,-0.0163
2019-02-08,22.74,22.59,22.76,22.41,74930.0,-0.006999999999999999
2019-02-09,0,0,0,0,0,0
2019-02-10,0,0,0,0,0,0
2019-02-11,22.88,22.77,22.98,22.74,115420.0,0.0062
2019-02-12,23.12,23.24,23.3,23.11,107120.0,0.0105
2019-02-13,23.29,23.23,23.35,23.15,262930.0,0.0074
2019-02-14,23.62,23.28,23.75,23.26,93080.0,0.014199999999999999
2019-02-15,23.23,23.62,23.62,23.1,75280.0,-0.0165
2019-02-16,0,0,0,0,0,0
2019-02-17,0,0,0,0,0,0
2019-02-18,0,0,0,0,0,0
2019-02-19,24.0,23.4,24.05,23.38,145040.0,0.0331
2019-02-20,23.88,24.04,24.25,23.81,102040.0,-0.005
2019-02-21,24.39,24.32,24.55,24.31,86690.0,0.021400000000000002
2019-02-22,25.16,24.58,25.16,24.5,215420.0,0.0316
2019-02-23,0,0,0,0,0,0
2019-02-24,0,0,0,0,0,0
2019-02-25,25.21,25.6,25.8,25.16,284680.0,0.002
2019-02-26,24.97,24.89,25.04,24.76,146270.0,-0.0095
2019-02-27,24.82,24.66,24.83,24.53,115790.0,-0.006
2019-02-28,24.92,24.76,24.96,24.62,298180.0,0.004
2019-03-01,25.05,25.08,25.31,24.99,152890.0,0.0052
2019-03-02,0,0,0,0,0,0
2019-03-03,0,0,0,0,0,0
2019-03-04,24.97,25.3,25.3,24.74,269660.0,-0.0032
2019-03-05,24.73,24.95,24.95,24.69,175900.0,-0.0096
2019-03-06,24.02,24.62,24.62,23.93,561350.0,-0.0287
2019-03-07,23.42,23.68,23.81,23.39,250050.0,-0.025
2019-03-08,23.19,23.0,23.24,22.76,208250.0,-0.0098
2019-03-09,0,0,0,0,0,0
2019-03-10,0,0,0,0,0,0
2019-03-11,24.01,23.49,24.07,23.45,157110.0,0.0354
2019-03-12,24.07,24.14,24.17,24.02,75160.0,0.0025
2019-03-13,24.17,24.12,24.18,23.99,87990.0,0.0042
2019-03-14,24.11,24.18,24.33,24.08,66950.0,-0.0025
2019-03-15,24.02,24.13,24.24,23.99,91690.0,-0.0037
2019-03-16,0,0,0,0,0,0
2019-03-17,0,0,0,0,0,0
2019-03-18,24.51,24.2,24.54,24.15,233170.0,0.0204
2019-03-19,24.66,24.51,24.8,24.46,89320.0,0.0060999999999999995
2019-03-20,24.77,24.61,24.88,24.48,58970.0,0.0045000000000000005
2019-03-21,24.18,24.37,24.46,24.01,89660.0,-0.023799999999999998
2019-03-22,23.27,23.97,24.0,23.19,232310.0,-0.037599999999999995
2019-03-23,0,0,0,0,0,0
2019-03-24,0,0,0,0,0,0
2019-03-25,23.12,23.18,23.26,22.94,99640.0,-0.0064
2019-03-26,23.07,23.21,23.4,22.88,128360.00000000001,-0.0022
2019-03-27,23.01,23.08,23.14,22.73,152830.0,-0.0026
2019-03-28,23.14,22.98,23.14,22.81,74550.0,0.005600000000000001
2019-03-29,23.16,23.27,23.31,23.06,354200.0,0.0009
2019-03-30,0,0,0,0,0,0
2019-03-31,0,0,0,0,0,0
2019-04-01,23.6,23.31,23.64,23.31,158460.0,0.019
2019-04-02,23.74,23.8,23.95,23.66,317560.0,0.0059
2019-04-03,24.07,23.9,24.23,23.89,100080.0,0.0139
2019-04-04,24.33,24.13,24.34,24.04,75550.0,0.0108
2019-04-05,24.8,24.52,24.87,24.52,117180.0,0.019299999999999998
2019-04-06,0,0,0,0,0,0
2019-04-07,0,0,0,0,0,0
2019-04-08,24.97,24.83,24.98,24.74,87680.0,0.0069
2019-04-09,24.5,24.84,24.87,24.47,129690.0,-0.018799999999999997
2019-04-10,24.87,24.58,24.93,24.54,198030.0,0.0151
2019-04-11,24.43,24.74,24.74,24.39,59400.0,-0.0177
2019-04-12,24.61,24.74,24.74,24.59,33410.0,0.0074
2019-04-13,0,0,0,0,0,0
2019-04-14,0,0,0,0,0,0
2019-04-15,24.72,24.79,24.83,24.55,55530.0,0.0045000000000000005
2019-04-16,24.93,24.8,24.98,24.77,113520.0,0.0085
2019-04-17,25.16,25.12,25.24,25.09,78270.0,0.0092
2019-04-18,25.09,25.25,25.26,25.04,62010.0,-0.0028000000000000004
2019-04-19,0,0,0,0,0,0
2019-04-20,0,0,0,0,0,0
2019-04-21,0,0,0,0,0,0
2019-04-22,25.32,25.03,25.32,25.01,110010.0,0.0092
2019-04-23,25.61,25.32,25.68,25.25,159810.0,0.0115
2019-04-24,25.58,25.57,25.79,25.49,87940.0,-0.0012
2019-04-25,25.5,25.55,25.58,25.35,100450.0,-0.0031
2019-04-26,25.55,25.34,25.55,25.18,113040.0,0.002
2019-04-27,0,0,0,0,0,0
2019-04-28,0,0,0,0,0,0
2019-04-29,25.37,25.53,25.56,25.31,70820.0,-0.006999999999999999
2019-04-30,25.09,25.16,25.37,24.96,154790.0,-0.011000000000000001
2019-05-01,25.37,25.39,25.71,25.37,137400.0,0.011200000000000002
2019-05-02,25.45,25.38,25.52,25.13,304890.0,0.0032
2019-05-03,26.21,25.65,26.25,25.65,261450.0,0.029900000000000003
2019-05-04,0,0,0,0,0,0
2019-05-05,0,0,0,0,0,0
2019-05-06,25.55,25.44,25.62,25.17,179000.0,-0.0252
2019-05-07,26.15,25.8,26.19,25.8,118970.0,0.0235
2019-05-08,25.76,26.09,26.09,25.68,103120.0,-0.0149
2019-05-09,24.82,25.44,25.44,24.63,1160000.0,-0.0365
2019-05-10,25.39,24.88,25.43,24.79,256079.99999999997,0.023
2019-05-11,0,0,0,0,0,0
2019-05-12,0,0,0,0,0,0
2019-05-13,24.43,24.79,24.87,24.17,158130.0,-0.0378
2019-05-14,24.72,24.53,24.87,24.52,44690.0,0.011899999999999999
2019-05-15,25.22,24.62,25.25,24.62,35450.0,0.0202
2019-05-16,25.85,25.32,26.0,25.32,78810.0,0.025
2019-05-17,25.25,25.53,25.54,25.22,105420.0,-0.0232
2019-05-18,0,0,0,0,0,0
2019-05-19,0,0,0,0,0,0
2019-05-20,24.99,25.1,25.1,24.73,69580.0,-0.0103
2019-05-21,25.76,25.18,25.86,25.18,70010.0,0.0308
2019-05-22,25.93,25.7,25.97,25.7,48120.0,0.0066
2019-05-23,25.08,25.49,25.57,24.88,114440.0,-0.032799999999999996
2019-05-24,25.5,25.4,25.56,25.28,37950.0,0.0167
2019-05-25,0,0,0,0,0,0
2019-05-26,0,0,0,0,0,0
2019-05-27,0,0,0,0,0,0
2019-05-28,25.79,25.54,25.83,25.54,50960.0,0.011399999999999999
2019-05-29,25.62,25.64,25.68,25.42,46740.0,-0.0066
2019-05-30,25.97,25.64,26.07,25.64,133160.0,0.0137
2019-05-31,25.67,25.74,25.83,25.5,108040.0,-0.0116
2019-06-01,0,0,0,0,0,0
2019-06-02,0,0,0,0,0,0
2019-06-03,26.08,25.68,26.15,25.68,90430.0,0.016
2019-06-04,26.3,26.06,26.39,26.0,255230.0,0.0084
2019-06-05,26.82,26.64,26.82,26.4,349000.0,0.019799999999999998
2019-06-06,26.64,26.56,26.72,26.3,91210.0,-0.0067
2019-06-07,27.01,26.79,27.23,26.74,529120.0,0.0139
2019-06-08,0,0,0,0,0,0
2019-06-09,0,0,0,0,0,0
2019-06-10,27.41,27.29,27.63,27.17,446970.0,0.0148
2019-06-11,27.45,27.62,27.66,27.3,202270.0,0.0015
2019-06-12,26.91,27.37,27.37,26.84,144370.0,-0.0197
2019-06-13,27.66,27.19,27.71,27.18,165820.0,0.0279
2019-06-14,27.3,27.58,27.58,27.14,125560.0,-0.013000000000000001
2019-06-15,0,0,0,0,0,0
2019-06-16,0,0,0,0,0,0
2019-06-17,26.81,27.06,27.1,26.72,268430.0,-0.0179
2019-06-18,27.81,27.08,28.1,27.06,227330.0,0.0373
2019-06-19,28.04,27.91,28.06,27.52,165910.0,0.0083
2019-06-20,28.12,28.43,28.54,28.02,228120.0,0.0029
2019-06-21,28.0,28.07,28.1,27.75,85650.0,-0.0043
2019-06-22,0,0,0,0,0,0
2019-06-23,0,0,0,0,0,0
2019-06-24,28.08,28.08,28.19,27.96,178670.0,0.0029
2019-06-25,27.31,27.99,27.99,27.3,156150.0,-0.0274
2019-06-26,27.52,27.67,27.77,27.5,163950.0,0.0077
2019-06-27,28.14,27.62,28.17,27.62,289230.0,0.0225
2019-06-28,28.27,28.23,28.32,28.05,222810.0,0.0046
2019-06-29,0,0,0,0,0,0
2019-06-30,0,0,0,0,0,0
2019-07-01,28.81,28.76,28.92,28.54,445390.0,0.0191
2019-07-02,29.07,28.9,29.07,28.67,260620.0,0.009000000000000001
2019-07-03,29.21,29.2,29.38,29.11,145110.0,0.0048
2019-07-04,0,0,0,0,0,0
2019-07-05,29.26,28.88,29.27,28.65,370140.0,0.0017000000000000001
2019-07-06,0,0,0,0,0,0
2019-07-07,0,0,0,0,0,0
2019-07-08,29.19,29.24,29.24,28.97,120980.0,-0.0024
2019-07-09,29.03,29.02,29.23,28.89,235950.0,-0.0055000000000000005
2019-07-10,29.06,29.35,29.35,28.82,139870.0,0.001
2019-07-11,28.36,29.13,29.13,28.3,272820.0,-0.0241
2019-07-12,28.75,28.57,28.89,28.57,232990.0,0.0138
2019-07-13,0,0,0,0,0,0
2019-07-14,0,0,0,0,0,0
2019-07-15,28.78,29.0,29.0,28.66,128550.00000000001,0.001
2019-07-16,28.77,28.77,28.98,28.63,80930.0,-0.0003
2019-07-17,28.9,28.88,29.11,28.84,316320.0,0.0045000000000000005
2019-07-18,28.93,28.96,29.03,28.69,111160.0,0.001
2019-07-19,29.04,29.13,29.24,28.98,300590.0,0.0038
2019-07-20,0,0,0,0,0,0
2019-07-21,0,0,0,0,0,0
2019-07-22,29.0,29.14,29.25,28.79,169730.0,-0.0014000000000000002
2019-07-23,28.67,29.2,29.2,28.35,210180.0,-0.011399999999999999
2019-07-24,28.61,28.58,28.76,28.4,120760.0,-0.0021
2019-07-25,28.26,28.5,28.5,28.23,169940.0,-0.012199999999999999
2019-07-26,28.51,28.43,28.59,28.32,95540.0,0.0088
2019-07-27,0,0,0,0,0,0
2019-07-28,0,0,0,0,0,0
2019-07-29,28.74,28.51,28.79,28.27,206140.0,0.008100000000000001
2019-07-30,28.89,28.58,28.89,28.46,117480.0,0.0052
2019-07-31,29.51,29.5,29.87,29.21,272280.0,0.0215
2019-08-01,30.37,30.18,31.36,30.1,712160.0,0.0291
2019-08-02,30.38,30.66,30.66,30.01,192080.0,0.0003
2019-08-03,0,0,0,0,0,0
2019-08-04,0,0,0,0,0,0
2019-08-05,28.64,29.37,29.45,28.27,538830.0,-0.057300000000000004
2019-08-06,29.35,29.16,29.49,28.98,386090.0,0.0248
2019-08-07,31.04,29.9,31.06,29.63,1090000.0,0.0576
2019-08-08,31.58,31.07,31.59,30.83,408840.0,0.0174
2019-08-09,30.81,31.43,31.5,30.59,347450.0,-0.024399999999999998
2019-08-10,0,0,0,0,0,0
2019-08-11,0,0,0,0,0,0
2019-08-12,30.32,30.48,30.64,30.2,316010.0,-0.0159
2019-08-13,30.31,29.95,30.64,29.83,239170.0,-0.0003
2019-08-14,29.09,29.69,29.79,28.97,375470.0,-0.0403
2019-08-15,28.92,29.43,29.45,28.74,275030.0,-0.0058
2019-08-16,29.81,29.17,29.92,29.17,219880.0,0.0308
2019-08-17,0,0,0,0,0,0
2019-08-18,0,0,0,0,0,0
2019-08-19,30.67,30.71,30.85,30.3,458090.0,0.0288
2019-08-20,30.96,30.86,31.03,30.45,234450.0,0.0095
2019-08-21,31.72,31.73,31.8,31.28,424100.0,0.0245
2019-08-22,30.99,31.36,31.4,30.66,285640.0,-0.023
2019-08-23,30.05,30.75,31.09,30.0,334600.0,-0.030299999999999997
2019-08-24,0,0,0,0,0,0
2019-08-25,0,0,0,0,0,0
2019-08-26,30.76,30.35,30.77,30.21,338080.0,0.0236
2019-08-27,30.35,30.95,31.03,30.3,262540.0,-0.013300000000000001
2019-08-28,30.5,30.32,30.66,30.18,182030.0,0.0049
2019-08-29,30.54,30.83,31.06,30.29,153450.0,0.0013
2019-08-30,30.55,30.99,31.08,30.08,124830.0,0.0003
2019-08-31,0,0,0,0,0,0
2019-09-01,0,0,0,0,0,0
2019-09-02,0,0,0,0,0,0
2019-09-03,29.76,30.11,30.4,29.76,224280.0,-0.0259
2019-09-04,30.39,29.99,30.45,29.92,174200.0,0.0212
2019-09-05,30.12,30.81,30.9,29.96,229820.0,-0.0089
2019-09-06,29.74,30.29,30.29,29.66,147220.0,-0.0126
2019-09-07,0,0,0,0,0,0
2019-09-08,0,0,0,0,0,0
2019-09-09,29.27,30.14,30.14,29.16,320330.0,-0.0158
2019-09-10,29.06,29.01,29.14,28.45,576820.0,-0.0072
2019-09-11,29.82,29.2,29.84,29.18,293950.0,0.0262
2019-09-12,29.35,30.2,30.22,29.24,289840.0,-0.0158
2019-09-13,29.59,29.37,29.72,29.31,149060.0,0.008199999999999999
2019-09-14,0,0,0,0,0,0
2019-09-15,0,0,0,0,0,0
2019-09-16,30.18,29.86,30.29,29.77,245200.0,0.0199
2019-09-17,31.19,30.24,31.25,30.2,234320.0,0.0335
2019-09-18,31.16,31.26,31.29,30.8,168500.0,-0.001
2019-09-19,32.06,31.36,32.22,31.36,403140.0,0.028900000000000002
2019-09-20,32.13,32.26,32.44,31.78,245710.0,0.0022
2019-09-21,0,0,0,0,0,0
2019-09-22,0,0,0,0,0,0
2019-09-23,32.3,32.05,32.4,31.63,319600.0,0.0053
2019-09-24,31.13,32.44,32.46,31.1,309580.0,-0.0362
2019-09-25,31.33,31.13,31.36,30.91,163880.0,0.0064
2019-09-26,30.21,31.43,31.43,30.14,393200.0,-0.035699999999999996
2019-09-27,29.21,30.02,30.09,29.04,350920.0,-0.0331
2019-09-28,0,0,0,0,0,0
2019-09-29,0,0,0,0,0,0
2019-09-30,29.37,29.36,29.59,28.98,204890.0,0.0055000000000000005
2019-10-01,28.86,29.37,29.44,28.79,293900.0,-0.0174
2019-10-02,28.59,28.75,28.86,28.45,197730.0,-0.009399999999999999
2019-10-03,28.99,28.67,29.0,28.4,196210.0,0.013999999999999999
2019-10-04,29.6,29.2,29.68,28.98,185760.0,0.021
2019-10-05,0,0,0,0,0,0
2019-10-06,0,0,0,0,0,0
2019-10-07,29.28,29.77,29.83,29.26,180030.0,-0.0108
2019-10-08,29.29,29.04,29.62,29.04,108670.0,0.0003
2019-10-09,29.15,29.6,29.6,29.04,96180.0,-0.0048
2019-10-10,29.55,29.21,29.86,29.21,102130.0,0.0137
2019-10-11,29.79,29.69,29.94,29.63,280150.0,0.008100000000000001
2019-10-12,0,0,0,0,0,0
2019-10-13,0,0,0,0,0,0
2019-10-14,29.8,29.92,29.97,29.74,113380.0,0.0003
2019-10-15,29.5,29.73,29.77,29.28,256600.00000000003,-0.0101
2019-10-16,29.11,29.41,29.5,28.91,223500.0,-0.0132
2019-10-17,29.06,29.06,29.28,28.93,214560.0,-0.0017000000000000001
2019-10-18,29.0,29.02,29.32,28.77,144120.0,-0.0021
2019-10-19,0,0,0,0,0,0
2019-10-20,0,0,0,0,0,0
2019-10-21,29.66,29.26,29.74,29.18,248580.0,0.022799999999999997
2019-10-22,28.75,29.64,29.66,28.68,348630.0,-0.030699999999999998
2019-10-23,29.07,28.66,29.28,28.65,240400.0,0.0111
2019-10-24,29.26,29.2,29.4,28.99,194650.0,0.006500000000000001
2019-10-25,29.02,29.13,29.2,28.42,280930.0,-0.008199999999999999
2019-10-26,0,0,0,0,0,0
2019-10-27,0,0,0,0,0,0
2019-10-28,29.12,29.14,29.51,29.05,200330.0,0.0034000000000000002
2019-10-29,29.19,29.23,29.57,29.05,188920.0,0.0024
2019-10-30,28.07,28.7,28.74,28.0,337370.0,-0.0384
2019-10-31,28.09,28.23,28.4,27.86,243430.0,0.0007000000000000001
2019-11-01,28.18,28.24,28.37,27.97,279500.0,0.0032
2019-11-02,0,0,0,0,0,0
2019-11-03,0,0,0,0,0,0
2019-11-04,27.77,28.48,28.56,27.77,276040.0,-0.014499999999999999
2019-11-05,28.2,27.83,28.28,27.82,284490.0,0.0155
2019-11-06,27.96,28.35,28.5,27.95,102890.0,-0.0085
2019-11-07,27.8,28.05,28.32,27.77,158460.0,-0.005699999999999999
2019-11-08,27.84,27.74,27.9,27.61,171440.0,0.0014000000000000002
2019-11-09,0,0,0,0,0,0
2019-11-10,0,0,0,0,0,0
2019-11-11,28.06,27.88,28.35,27.88,276260.0,0.0079
2019-11-12,27.93,27.97,28.28,27.9,98780.0,-0.0046
2019-11-13,27.42,27.9,27.93,27.31,202420.0,-0.0183
2019-11-14,27.71,27.47,27.71,27.24,171480.0,0.0106
2019-11-15,27.85,27.59,28.0,27.59,148540.0,0.0051
2019-11-16,0,0,0,0,0,0
2019-11-17,0,0,0,0,0,0
2019-11-18,27.55,27.78,27.79,27.47,128440.0,-0.0108
2019-11-19,27.78,27.73,27.89,27.52,278450.0,0.0083
2019-11-20,27.51,27.78,27.92,27.37,193910.0,-0.0097
2019-11-21,27.33,27.66,27.66,27.18,77420.0,-0.006500000000000001
2019-11-22,27.42,27.39,27.5,27.19,105640.0,0.0033
2019-11-23,0,0,0,0,0,0
2019-11-24,0,0,0,0,0,0
2019-11-25,27.79,27.4,27.79,27.3,169720.0,0.013500000000000002
2019-11-26,27.85,27.87,27.89,27.69,99740.0,0.0022
2019-11-27,28.28,27.74,28.28,27.7,155860.0,0.0154
2019-11-28,0,0,0,0,0,0
2019-11-29,27.99,28.27,28.27,27.84,67990.0,-0.0103
2019-11-30,0,0,0,0,0,0
2019-12-01,0,0,0,0,0,0
2019-12-02,27.88,28.16,28.16,27.72,99530.0,-0.0039000000000000003
2019-12-03,28.26,27.7,28.28,27.58,124970.0,0.013600000000000001
2019-12-04,28.51,28.44,28.56,28.34,201720.0,0.0088
2019-12-05,28.39,28.6,28.79,28.28,306940.0,-0.0042
2019-12-06,28.77,28.6,28.8,28.41,100390.0,0.0134
2019-12-07,0,0,0,0,0,0
2019-12-08,0,0,0,0,0,0
2019-12-09,28.66,28.84,28.97,28.62,223040.0,-0.0038
2019-12-10,28.53,28.68,28.68,28.35,100850.0,-0.0045000000000000005
2019-12-11,29.0,28.6,29.0,28.58,132840.0,0.0165
2019-12-12,29.57,29.11,29.58,28.98,150290.0,0.0197
2019-12-13,29.7,29.66,29.99,29.54,122650.0,0.0044
2019-12-14,0,0,0,0,0,0
2019-12-15,0,0,0,0,0,0
2019-12-16,30.33,29.99,30.45,29.91,204970.0,0.0212
2019-12-17,30.44,30.51,30.61,30.37,189190.0,0.0036
2019-12-18,30.4,30.57,30.58,30.18,127140.0,-0.0013
2019-12-19,30.61,30.43,30.69,30.37,85180.0,0.0069
2019-12-20,30.68,30.72,30.84,30.64,122120.0,0.0023
2019-12-21,0,0,0,0,0,0
2019-12-22,0,0,0,0,0,0
2019-12-23,30.69,30.68,30.79,30.51,127140.0,0.0003
2019-12-24,30.78,30.81,30.87,30.55,67490.0,0.0029
2019-12-25,0,0,0,0,0,0
2019-12-26,31.12,30.93,31.19,30.86,203520.0,0.011000000000000001
2019-12-27,30.87,31.3,31.3,30.78,89250.0,-0.008
2019-12-28,0,0,0,0,0,0
2019-12-29,0,0,0,0,0,0
2019-12-30,30.7,31.02,31.02,30.55,113080.0,-0.0055000000000000005
2019-12-31,30.8,30.7,30.87,30.52,66120.0,0.0033
2020-01-01,0,0,0,0,0,0
2020-01-02,31.94,31.35,31.96,31.18,249250.0,0.037000000000000005
2020-01-03,31.73,31.68,31.93,31.55,151330.0,-0.0066
2020-01-04,0,0,0,0,0,0
2020-01-05,0,0,0,0,0,0
2020-01-06,31.45,31.33,31.45,30.92,292640.0,-0.0088
2020-01-07,31.73,31.44,31.77,31.33,156790.0,0.0089
2020-01-08,32.07,31.73,32.3,31.62,178250.0,0.010700000000000001
2020-01-09,32.54,32.43,32.79,32.39,253200.0,0.0147
2020-01-10,32.42,32.63,32.63,32.35,306660.0,-0.0037
2020-01-11,0,0,0,0,0,0
2020-01-12,0,0,0,0,0,0
2020-01-13,33.14,32.89,33.37,32.74,403040.0,0.0222
2020-01-14,33.44,33.27,33.63,33.04,329710.0,0.0091
2020-01-15,33.16,33.29,33.34,32.87,263200.0,-0.0084
2020-01-16,33.42,33.47,33.58,33.21,200640.0,0.0078000000000000005
2020-01-17,33.67,33.68,33.8,33.52,289150.0,0.0075
2020-01-18,0,0,0,0,0,0
2020-01-19,0,0,0,0,0,0
2020-01-20,0,0,0,0,0,0
2020-01-21,33.66,33.8,33.88,33.3,325530.0,-0.0003
2020-01-22,33.35,33.89,33.97,33.31,300840.0,-0.0092
2020-01-23,33.46,33.3,33.52,32.95,232330.0,0.0033
2020-01-24,33.38,33.79,33.96,33.27,213170.0,-0.0024
2020-01-25,0,0,0,0,0,0
2020-01-26,0,0,0,0,0,0
2020-01-27,31.92,32.57,32.7,31.92,478030.0,-0.0437
2020-01-28,32.75,32.3,32.8,32.18,239110.0,0.026000000000000002
2020-01-29,33.07,33.11,33.27,32.87,204470.0,0.0098
2020-01-30,33.09,32.73,33.09,32.68,152930.0,0.0006
2020-01-31,32.15,32.91,32.91,32.05,235250.0,-0.028399999999999998
2020-02-01,0,0,0,0,0,0
2020-02-02,0,0,0,0,0,0
2020-02-03,32.59,32.19,32.74,32.01,322780.0,0.0137
2020-02-04,34.2,33.34,34.21,33.34,463790.0,0.049400000000000006
2020-02-05,34.77,34.82,34.91,34.19,517960.00000000006,0.0167
2020-02-06,35.14,34.92,35.41,34.77,347310.0,0.0106
2020-02-07,34.79,35.13,35.13,34.66,153470.0,-0.01
2020-02-08,0,0,0,0,0,0
2020-02-09,0,0,0,0,0,0
2020-02-10,35.19,34.79,35.19,34.74,201600.0,0.0115
2020-02-11,36.59,35.99,36.69,35.84,594770.0,0.0398
2020-02-12,38.34,37.38,38.35,37.16,1570000.0,0.0478
2020-02-13,37.67,37.59,37.84,37.08,731640.0,-0.0175
2020-02-14,37.51,37.8,37.91,37.46,310550.0,-0.0042
2020-02-15,0,0,0,0,0,0
2020-02-16,0,0,0,0,0,0
2020-02-17,37.51,37.51,37.51,37.51,0.0,0.0
2020-02-18,37.7,37.54,37.83,37.47,330700.0,0.0051
2020-02-19,40.74,38.89,40.81,38.89,1140000.0,0.0806
2020-02-20,41.86,41.55,41.86,40.34,1210000.0,0.0275
2020-02-21,40.77,40.98,41.15,40.21,770050.0,-0.026000000000000002
2020-02-22,0,0,0,0,0,0
2020-02-23,0,0,0,0,0,0
2020-02-24,39.24,38.05,39.73,37.77,1460000.0,-0.0375
2020-02-25,37.82,39.85,39.93,37.72,1070000.0,-0.0362
2020-02-26,37.9,37.89,38.95,37.65,514760.0,0.0021
2020-02-27,36.49,36.67,37.38,35.43,1680000.0,-0.037200000000000004
2020-02-28,36.47,34.49,36.5,34.22,1710000.0,-0.0005
2020-02-29,0,0,0,0,0,0
2020-03-01,0,0,0,0,0,0
2020-03-02,36.99,36.63,37.06,35.5,1040000.0,0.0143
2020-03-03,37.13,37.77,38.52,36.81,715220.0,0.0038
2020-03-04,38.52,38.13,38.58,37.55,433280.0,0.0374
2020-03-05,38.33,37.64,38.94,37.38,488620.0,-0.0049
2020-03-06,36.88,37.3,37.66,36.23,419930.0,-0.0378
2020-03-07,0,0,0,0,0,0
2020-03-08,0,0,0,0,0,0
2020-03-09,31.93,32.53,34.12,31.35,1000000.0,-0.13419999999999999
2020-03-10,33.1,33.95,34.0,31.95,498470.0,0.0366
2020-03-11,30.97,32.11,32.41,30.2,1230000.0,-0.0644
2020-03-12,26.55,27.56,28.15,26.2,1190000.0,-0.1427
2020-03-13,27.17,28.48,28.99,26.05,541890.0,0.023399999999999997
2020-03-14,27.17,27.17,27.17,27.17,0.0,0.0
2020-03-15,0,0,0,0,0,0
2020-03-16,22.8,23.07,24.41,22.38,750620.0,-0.16079999999999997
2020-03-17,24.5,23.75,25.1,22.87,712230.0,0.0746
2020-03-18,22.25,22.77,23.77,21.14,848160.0,-0.09179999999999999
2020-03-19,23.0,22.06,23.58,21.2,604850.0,0.0337
2020-03-20,22.75,23.78,24.55,22.62,773010.0,-0.0109
2020-03-21,22.75,22.75,22.75,22.75,0.0,0.0
2020-03-22,0,0,0,0,0,0
2020-03-23,22.22,22.58,22.85,21.46,755320.0,-0.0233
2020-03-24,25.22,23.87,25.38,23.71,606150.0,0.135
2020-03-25,26.4,26.19,27.55,25.04,525590.0,0.046799999999999994
2020-03-26,27.16,26.87,27.95,26.8,501970.0,0.0288
2020-03-27,24.97,25.9,26.0,24.9,752200.0,-0.0806
2020-03-28,24.97,24.97,24.97,24.97,0.0,0.0
2020-03-29,0,0,0,0,0,0
2020-03-30,25.14,25.1,25.41,24.6,336030.0,0.0068000000000000005
2020-03-31,25.23,25.16,25.88,25.0,392830.0,0.0036
2020-04-01,23.85,24.59,24.71,23.77,331250.0,-0.0547
2020-04-02,24.52,23.92,24.93,23.88,189230.0,0.0281
2020-04-03,23.82,24.45,24.58,23.58,177910.0,-0.0285
2020-04-04,0,0,0,0,0,0
2020-04-05,0,0,0,0,0,0
2020-04-06,25.72,24.72,25.88,24.72,237710.0,0.07980000000000001
2020-04-07,26.41,27.28,27.57,26.25,290040.0,0.0268
2020-04-08,27.49,26.74,27.64,26.59,159570.0,0.0409
2020-04-09,27.97,27.97,28.63,27.45,282900.0,0.0175
2020-04-10,0,0,0,0,0,0
2020-04-11,0,0,0,0,0,0
2020-04-12,0,0,0,0,0,0
2020-04-13,27.61,27.79,27.87,26.92,207660.0,-0.0129
2020-04-14,29.07,28.79,29.19,28.53,264490.0,0.0529
2020-04-15,27.99,28.36,28.36,27.63,268920.0,-0.037200000000000004
2020-04-16,27.77,28.29,28.45,27.4,179700.0,-0.0079
2020-04-17,28.9,28.79,28.99,28.52,268430.0,0.0407
2020-04-18,0,0,0,0,0,0
2020-04-19,0,0,0,0,0,0
2020-04-20,28.64,28.5,29.3,28.27,176440.0,-0.009000000000000001
2020-04-21,27.59,28.13,28.48,27.37,195460.0,-0.036699999999999997
2020-04-22,28.45,28.09,28.57,27.9,218170.0,0.031200000000000002
2020-04-23,28.94,28.58,29.33,28.5,201500.0,0.0172
2020-04-24,28.37,28.92,28.92,28.02,177510.0,-0.0197
2020-04-25,0,0,0,0,0,0
2020-04-26,0,0,0,0,0,0
2020-04-27,28.86,28.42,29.0,28.36,153170.0,0.0173
2020-04-28,29.39,29.35,29.76,29.08,318760.0,0.0184
2020-04-29,31.19,30.15,31.35,30.0,465440.0,0.061200000000000004
2020-04-30,30.12,30.99,30.99,30.01,184780.0,-0.034300000000000004
2020-05-01,28.8,29.54,29.71,28.36,379140.0,-0.0438
2020-05-02,28.8,28.8,28.8,28.8,0.0,0.0
2020-05-03,28.8,28.8,28.8,28.8,0.0,0.0
2020-05-04,29.26,28.61,29.31,28.43,160320.0,0.016
2020-05-05,29.38,29.99,30.2,29.34,212190.0,0.0040999999999999995
2020-05-06,30.59,29.89,30.84,29.87,270150.0,0.0412
2020-05-07,30.87,30.55,31.0,30.32,224930.0,0.0092
2020-05-08,32.21,31.72,32.27,31.44,371080.0,0.0434
2020-05-09,0,0,0,0,0,0
2020-05-10,0,0,0,0,0,0
2020-05-11,32.22,32.02,32.4,31.53,292790.0,0.0003
2020-05-12,31.8,32.48,33.03,31.76,316440.0,-0.013000000000000001
2020-05-13,31.12,31.53,32.1,30.65,300450.0,-0.021400000000000002
2020-05-14,30.89,30.21,30.89,29.62,389430.0,-0.0074
2020-05-15,30.89,30.74,30.91,30.6,108900.0,0.0
2020-05-16,0,0,0,0,0,0
2020-05-17,0,0,0,0,0,0
2020-05-18,32.88,31.99,32.95,31.99,266620.0,0.0644
2020-05-19,33.55,33.0,34.16,33.0,263810.0,0.0204
2020-05-20,33.81,34.3,34.54,33.55,244980.0,0.0077
2020-05-21,33.27,33.72,33.83,32.94,191950.0,-0.016
2020-05-22,32.7,33.32,33.37,32.6,199520.0,-0.0171
2020-05-23,0,0,0,0,0,0
2020-05-24,0,0,0,0,0,0
2020-05-25,0,0,0,0,0,0
2020-05-26,33.75,33.65,34.19,33.65,249860.0,0.0321
2020-05-27,33.65,34.0,34.0,32.5,286850.0,-0.003
2020-05-28,33.05,33.18,33.94,33.0,177060.0,-0.0178
2020-05-29,33.76,33.11,33.84,33.0,174150.0,0.0215
2020-05-30,0,0,0,0,0,0
2020-05-31,0,0,0,0,0,0
2020-06-01,34.87,33.96,34.94,33.96,1320000.0,0.0329
2020-06-02,34.67,35.22,35.37,34.55,685180.0,-0.005699999999999999
2020-06-03,35.13,34.83,35.28,34.57,532390.0,0.013300000000000001
2020-06-04,34.57,35.24,35.25,34.36,339310.0,-0.0159
2020-06-05,35.56,35.55,36.0,35.35,272160.0,0.0286
2020-06-06,0,0,0,0,0,0
2020-06-07,35.56,35.56,35.56,35.56,0.0,0.0
2020-06-08,36.4,35.89,36.4,35.56,251400.0,0.0236
2020-06-09,35.62,35.75,35.83,35.45,260500.0,-0.021400000000000002
2020-06-10,35.22,35.6,35.6,34.81,276520.0,-0.011200000000000002
2020-06-11,33.07,33.62,34.3,32.97,569860.0,-0.061
2020-06-12,34.06,34.23,34.48,33.37,211660.0,0.029900000000000003
2020-06-13,0,0,0,0,0,0
2020-06-14,0,0,0,0,0,0
2020-06-15,34.79,33.39,34.92,33.15,524480.0,0.021400000000000002
2020-06-16,35.47,35.85,36.1,35.08,272860.0,0.0195
2020-06-17,34.01,35.38,35.38,33.95,442850.0,-0.0412
2020-06-18,34.94,34.3,35.18,34.3,245200.0,0.0273
2020-06-19,35.16,35.44,36.0,35.16,253850.0,0.0063
2020-06-20,0,0,0,0,0,0
2020-06-21,0,0,0,0,0,0
2020-06-22,35.36,35.31,35.4,34.97,157120.0,0.005699999999999999
2020-06-23,36.01,35.8,36.19,35.77,267740.0,0.0184
2020-06-24,36.01,36.0,36.26,35.3,366290.0,0.0
2020-06-25,35.91,35.6,35.91,35.27,211820.0,-0.0028000000000000004
2020-06-26,34.89,35.71,35.71,34.85,319960.0,-0.028399999999999998
2020-06-27,0,0,0,0,0,0
2020-06-28,0,0,0,0,0,0
2020-06-29,36.03,35.42,36.06,35.08,196670.0,0.0327
2020-06-30,36.1,35.89,36.21,35.85,180850.0,0.0019
2020-07-01,36.78,36.25,36.94,36.24,422490.0,0.018799999999999997
2020-07-02,37.34,37.5,37.85,37.24,294570.0,0.0152
2020-07-03,0,0,0,0,0,0
2020-07-04,37.34,37.34,37.34,37.34,0.0,0.0
2020-07-05,37.34,37.34,37.34,37.34,0.0,0.0
2020-07-06,39.24,37.34,39.25,37.34,733530.0,0.0509
2020-07-07,39.7,39.37,40.24,39.13,464260.0,0.011699999999999999
2020-07-08,41.58,40.12,41.63,40.12,443140.0,0.047400000000000005
2020-07-09,41.39,41.99,42.05,40.7,615500.0,-0.0046
2020-07-10,41.37,41.36,41.4,40.84,445220.0,-0.0005
2020-07-11,41.37,41.37,41.37,41.37,0.0,0.0
2020-07-12,41.37,41.37,41.37,41.37,0.0,0.0
2020-07-13,41.02,41.37,43.03,41.0,677580.0,-0.0085
2020-07-14,43.01,40.5,43.05,40.5,751520.0,0.048499999999999995
2020-07-15,43.83,43.55,44.05,43.08,1490000.0,0.0191
2020-07-16,42.88,42.95,43.37,42.62,709940.0,-0.0217
2020-07-17,43.89,43.22,43.9,42.93,568830.0,0.0236
2020-07-18,0,0,0,0,0,0
2020-07-19,0,0,0,0,0,0
2020-07-20,45.65,44.81,46.07,44.81,847530.0,0.0401
2020-07-21,45.52,46.33,46.36,45.16,1080000.0,-0.0028000000000000004
2020-07-22,45.73,45.2,45.87,45.2,326120.0,0.0046
2020-07-23,46.15,45.96,46.93,45.53,590310.0,0.0092
2020-07-24,44.93,46.15,46.15,43.98,511230.0,-0.0264
2020-07-25,44.93,44.93,44.93,44.93,0.0,0.0
2020-07-26,44.93,44.93,44.93,44.93,0.0,0.0
2020-07-27,46.31,44.93,46.38,44.93,502640.0,0.030699999999999998
2020-07-28,44.76,46.31,46.31,44.72,347220.0,-0.0335
2020-07-29,44.93,44.97,45.34,44.64,284980.0,0.0038
2020-07-30,45.05,44.92,45.08,44.55,234590.0,0.0027
2020-07-31,45.01,45.33,45.42,44.54,775850.0,-0.0009
2020-08-01,0,0,0,0,0,0
2020-08-02,45.01,45.01,45.01,45.01,0.0,0.0
2020-08-03,46.05,44.9,46.17,44.76,1020000.0,0.0231
2020-08-04,49.06,46.05,49.17,46.05,973310.0,0.0654
2020-08-05,50.77,49.35,50.86,48.7,810640.0,0.0349
2020-08-06,50.12,51.05,51.2,49.65,685230.0,-0.0128
2020-08-07,51.2,50.5,52.0,50.38,786500.0,0.0215
2020-08-08,51.2,51.2,51.2,51.2,0.0,0.0
2020-08-09,51.2,51.2,51.2,51.2,0.0,0.0
2020-08-10,51.28,51.2,51.96,50.86,872120.0,0.0016
2020-08-11,49.68,51.66,51.66,49.47,826720.0,-0.031200000000000002
2020-08-12,51.11,50.14,51.58,49.81,698870.0,0.0288
2020-08-13,52.41,51.96,52.74,51.77,625200.0,0.0254
2020-08-14,51.56,52.22,52.39,51.27,503230.0,-0.016200000000000003
2020-08-15,0,0,0,0,0,0
2020-08-16,0,0,0,0,0,0
2020-08-17,52.35,52.08,52.87,51.91,454470.0,0.015300000000000001
2020-08-18,52.36,52.6,52.88,51.55,465990.0,0.0002
2020-08-19,52.72,52.35,53.47,52.35,595240.0,0.0069
2020-08-20,52.01,52.39,52.43,51.96,340290.0,-0.013500000000000002
2020-08-21,52.44,52.01,52.68,51.75,323180.0,0.0083
2020-08-22,0,0,0,0,0,0
2020-08-23,52.44,52.44,52.44,52.44,0.0,0.0
2020-08-24,53.5,52.44,53.73,52.44,622050.0,0.0202
2020-08-25,55.11,54.28,55.11,53.64,1100000.0,0.0301
2020-08-26,54.92,55.36,55.72,54.81,757750.0,-0.0034000000000000002
2020-08-27,55.06,55.57,55.65,54.7,632210.0,0.0025
2020-08-28,56.86,55.5,57.19,55.27,1360000.0,0.0327
2020-08-29,0,0,0,0,0,0
2020-08-30,56.86,56.86,56.86,56.86,0.0,0.0
2020-08-31,56.79,57.08,57.72,56.43,749810.0,-0.0012
2020-09-01,57.51,57.0,57.57,56.65,454410.0,0.0127
2020-09-02,56.98,57.72,57.93,55.7,995990.0,-0.0092
2020-09-03,52.59,56.19,56.19,52.05,2640000.0,-0.077
2020-09-04,51.5,52.3,52.76,48.04,1690000.0,-0.0207
2020-09-05,0,0,0,0,0,0
2020-09-06,0,0,0,0,0,0
2020-09-07,0,0,0,0,0,0
2020-09-08,51.32,49.73,52.25,49.7,946780.0,-0.0034999999999999996
2020-09-09,53.21,52.55,53.35,52.14,801220.0,0.0368
2020-09-10,51.93,53.13,53.35,51.71,820520.0,-0.0241
2020-09-11,52.72,53.11,53.59,52.13,386400.0,0.0152
2020-09-12,0,0,0,0,0,0
2020-09-13,52.72,52.72,52.72,52.72,0.0,0.0
2020-09-14,55.0,53.75,55.12,53.62,576090.0,0.0432
2020-09-15,56.48,56.0,56.64,55.6,695090.0,0.0269
2020-09-16,56.66,56.8,57.55,56.35,876580.0,0.0032
2020-09-17,54.81,55.19,55.4,54.38,451190.0,-0.0327
2020-09-18,55.22,55.66,56.31,54.68,464470.0,0.0075
2020-09-19,0,0,0,0,0,0
2020-09-20,0,0,0,0,0,0
2020-09-21,55.19,53.1,55.2,53.01,621210.0,-0.0005
2020-09-22,55.45,55.06,55.49,54.24,308430.0,0.004699999999999999
2020-09-23,56.29,56.39,57.66,56.14,647330.0,0.0151
2020-09-24,55.77,55.74,56.36,54.3,946700.0,-0.0092
2020-09-25,57.64,55.39,57.65,55.39,728210.0,0.0335
2020-09-26,57.64,57.64,57.64,57.64,0.0,0.0
2020-09-27,57.64,57.64,57.64,57.64,0.0,0.0
2020-09-28,60.54,57.64,60.57,57.64,1480000.0,0.050300000000000004
2020-09-29,62.52,61.31,62.8,61.2,1340000.0,0.0327
2020-09-30,64.79,63.25,65.72,63.14,1720000.0,0.0363
2020-10-01,67.18,66.09,67.18,65.27,1550000.0,0.0369
2020-10-02,66.59,65.24,67.92,65.12,1620000.0,-0.0088
2020-10-03,66.59,66.59,66.59,66.59,0.0,0.0
2020-10-04,66.59,66.59,66.59,66.59,0.0,0.0
2020-10-05,70.55,68.3,70.55,68.03,2380000.0,0.059500000000000004
2020-10-06,71.32,71.44,72.6,70.06,3160000.0,0.0109
2020-10-07,75.18,72.8,75.5,72.8,2890000.0,0.0541
2020-10-08,75.0,77.3,77.41,74.26,4000000.0,-0.0024
2020-10-09,75.66,73.93,76.36,73.28,2150000.0,0.0088
2020-10-10,0,0,0,0,0,0
2020-10-11,75.66,75.66,75.66,75.66,0.0,0.0
2020-10-12,73.12,76.12,76.12,72.26,3030000.0,-0.0336
2020-10-13,74.04,72.56,75.12,72.43,1490000.0,0.0126
2020-10-14,75.13,74.8,75.68,74.14,1470000.0,0.0147
2020-10-15,73.56,72.13,73.82,72.01,1860000.0,-0.0209
2020-10-16,73.51,74.58,74.97,72.95,1870000.0,-0.0007000000000000001
2020-10-17,0,0,0,0,0,0
2020-10-18,0,0,0,0,0,0
2020-10-19,74.63,74.05,75.84,73.14,1740000.0,0.0152
2020-10-20,77.73,75.79,78.36,75.3,2350000.0,0.0415
2020-10-21,71.22,77.53,77.68,71.2,3900000.0,-0.08380000000000001
2020-10-22,71.08,71.25,71.42,68.17,2680000.0,-0.002
2020-10-23,71.12,72.25,73.08,70.18,1260000.0,0.0006
2020-10-24,0,0,0,0,0,0
2020-10-25,0,0,0,0,0,0
2020-10-26,0,0,0,0,0,0
2020-10-26,69.63,69.97,71.1,68.17,1830000.0,-0.021
2020-10-27,68.27,69.54,70.25,67.74,1270000.0,-0.0195
2020-10-28,69.06,67.93,69.99,67.75,1500000.0,0.0116
2020-10-29,70.78,70.5,71.36,69.8,1480000.0,0.024900000000000002
2020-10-30,68.77,70.1,70.24,67.45,1470000.0,-0.028399999999999998
2020-10-30,68.77,70.1,70.24,67.45,1470000.0,-0.028399999999999998
2020-11-01,0,0,0,0,0,0
2020-11-02,0,0,0,0,0,0
2020-11-02,70.94,69.7,71.3,69.37,2200000.0,0.0316
2020-11-03,69.16,69.56,70.16,68.6,2450000.0,-0.0259
2020-11-04,67.74,66.52,68.5,64.48,4480000.0,-0.020499999999999997
2020-11-05,75.46,71.51,75.69,71.5,4580000.0,0.114
2020-11-06,75.55,77.1,77.76,74.75,2480000.0,0.0012
2020-11-08,0,0,0,0,0,0
2020-11-09,0,0,0,0,0,0
2020-11-09,74.16,80.86,80.86,74.0,3000000.0,-0.0184
2020-11-10,0,0,0,0,0,0
2020-11-10,71.5,73.67,74.0,70.4,2069999.9999999998,-0.0359
2020-11-11,74.83,72.94,75.24,72.74,1520000.0,0.0466
2020-11-12,73.68,75.91,76.13,73.19,1620000.0,-0.0154
2020-11-13,73.64,74.72,74.88,73.11,951420.0,-0.0005
2020-11-15,0,0,0,0,0,0
2020-11-16,0,0,0,0,0,0
2020-11-16,74.26,74.16,74.87,73.09,1010000.0,0.0084
2020-11-17,75.31,74.67,75.59,73.52,1290000.0,0.0141
2020-11-18,74.71,75.98,76.48,74.47,952580.0,-0.008
2020-11-19,76.21,75.41,76.25,74.77,897200.0,0.020099999999999996
2020-11-20,78.02,76.83,78.74,76.61,1570000.0,0.023799999999999998
2020-11-22,0,0,0,0,0,0
2020-11-23,0,0,0,0,0,0
2020-11-23,80.68,80.0,80.77,78.57,1800000.0,0.0341
2020-11-24,83.03,82.59,83.76,80.3,2850000.0,0.0291
2020-11-25,84.25,82.28,84.84,82.05,1480000.0,0.0147
2020-11-27,0,0,0,0,0,0
2020-11-27,85.42,84.8,87.28,84.6,1290000.0,0.0139
2020-11-27,85.42,84.8,87.28,84.6,1290000.0,0.0139
