2015-01-02,29.38,29.25,29.4,28.97,296240.0,0.008199999999999999
2015-01-03,0,0,0,0,0,0
2015-01-04,0,0,0,0,0,0
2015-01-05,29.12,29.35,29.39,28.94,403780.0,-0.0088
2015-01-06,29.06,29.09,29.32,28.95,284350.0,-0.0021
2015-01-07,28.95,29.14,29.18,28.9,541950.0,-0.0038
2015-01-08,29.22,29.06,29.22,28.88,310220.0,0.009300000000000001
2015-01-09,29.18,29.3,29.3,29.02,154610.0,-0.0014000000000000002
2015-01-10,0,0,0,0,0,0
2015-01-11,0,0,0,0,0,0
2015-01-12,29.43,29.18,29.43,28.69,338580.0,0.0086
2015-01-13,29.07,29.43,29.44,28.88,393440.0,-0.012199999999999999
2015-01-14,28.94,28.82,29.05,28.5,251760.0,-0.0045000000000000005
2015-01-15,28.71,28.91,29.04,28.61,194260.0,-0.0079
2015-01-16,28.94,28.74,28.95,28.59,191780.0,0.008
2015-01-17,0,0,0,0,0,0
2015-01-18,0,0,0,0,0,0
2015-01-19,0,0,0,0,0,0
2015-01-20,28.68,29.0,29.05,28.59,203840.0,-0.009000000000000001
2015-01-21,28.37,28.67,28.72,28.37,273760.0,-0.0108
2015-01-22,28.8,28.5,29.02,28.41,312350.0,0.0152
2015-01-23,29.01,28.66,29.08,28.66,193910.0,0.0073
2015-01-24,0,0,0,0,0,0
2015-01-25,0,0,0,0,0,0
2015-01-26,29.26,29.05,29.27,28.83,336820.0,0.0086
2015-01-27,29.19,29.18,29.25,29.05,118650.0,-0.0024
2015-01-28,29.18,29.19,29.34,28.92,244670.0,-0.0003
2015-01-29,29.31,29.18,29.31,29.11,314370.0,0.0045000000000000005
2015-01-30,29.2,29.17,29.39,29.1,267060.0,-0.0038
2015-01-31,0,0,0,0,0,0
2015-02-01,0,0,0,0,0,0
2015-02-02,29.33,29.28,29.59,29.11,232870.0,0.0045000000000000005
2015-02-03,29.46,29.32,29.66,29.22,227060.0,0.0044
2015-02-04,29.21,29.4,29.4,29.15,125370.0,-0.0085
2015-02-05,29.47,29.23,29.49,29.12,127130.0,0.0089
2015-02-06,29.32,29.45,29.45,29.15,273920.0,-0.0051
2015-02-07,0,0,0,0,0,0
2015-02-08,0,0,0,0,0,0
2015-02-09,29.3,29.34,29.47,29.17,172400.0,-0.0007000000000000001
2015-02-10,28.91,29.44,29.44,28.88,204970.0,-0.013300000000000001
2015-02-11,29.0,28.95,29.07,28.83,137980.0,0.0031
2015-02-12,29.29,29.08,29.35,29.08,143740.0,0.01
2015-02-13,29.05,29.27,29.43,28.75,272890.0,-0.008199999999999999
2015-02-14,0,0,0,0,0,0
2015-02-15,0,0,0,0,0,0
2015-02-16,0,0,0,0,0,0
2015-02-17,28.99,29.02,29.19,28.76,235930.0,-0.0021
2015-02-18,28.49,28.95,29.17,28.05,860670.0,-0.0172
2015-02-19,28.33,28.48,28.5,28.23,417960.0,-0.005600000000000001
2015-02-20,28.41,28.35,28.49,28.21,480160.0,0.0028000000000000004
2015-02-21,0,0,0,0,0,0
2015-02-22,0,0,0,0,0,0
2015-02-23,28.89,28.48,28.98,28.45,474580.0,0.0169
2015-02-24,28.76,28.86,28.91,28.55,280210.0,-0.0045000000000000005
2015-02-25,28.58,28.7,28.92,28.42,197930.0,-0.0063
2015-02-26,28.7,28.62,28.81,28.46,276520.0,0.0042
2015-02-27,28.91,28.72,28.97,28.65,223050.0,0.0073
2015-02-28,0,0,0,0,0,0
2015-03-01,0,0,0,0,0,0
2015-03-02,29.09,29.0,29.19,28.94,233810.0,0.0062
2015-03-03,28.6,29.1,29.2,28.58,291120.0,-0.0168
2015-03-04,28.64,28.57,28.71,28.45,334120.0,0.0014000000000000002
2015-03-05,28.51,28.74,28.89,28.5,210980.0,-0.0045000000000000005
2015-03-06,28.22,28.4,28.69,28.1,426370.0,-0.0102
2015-03-07,0,0,0,0,0,0
2015-03-08,0,0,0,0,0,0
2015-03-09,28.21,28.32,28.51,28.15,319180.0,-0.0004
2015-03-10,28.07,28.23,28.3,28.04,244030.0,-0.005
2015-03-11,28.03,28.02,28.15,27.9,256730.00000000003,-0.0014000000000000002
2015-03-12,28.29,28.16,28.33,28.1,135930.0,0.009300000000000001
2015-03-13,28.23,28.31,28.38,27.99,166250.0,-0.0021
2015-03-14,0,0,0,0,0,0
2015-03-15,0,0,0,0,0,0
2015-03-16,28.17,28.36,28.44,27.91,875540.0,-0.0021
2015-03-17,28.25,28.1,28.28,27.95,449020.0,0.0028000000000000004
2015-03-18,28.45,28.24,28.54,28.04,470460.0,0.0070999999999999995
2015-03-19,28.27,28.4,28.41,28.14,418150.0,-0.0063
2015-03-20,28.43,28.33,28.69,28.17,1060000.0,0.005699999999999999
2015-03-21,0,0,0,0,0,0
2015-03-22,0,0,0,0,0,0
2015-03-23,28.43,28.54,28.68,28.43,442250.0,0.0
2015-03-24,28.34,28.45,28.6,28.31,323490.0,-0.0032
2015-03-25,28.31,28.35,28.49,28.28,626430.0,-0.0011
2015-03-26,28.21,28.37,28.52,28.14,430440.0,-0.0034999999999999996
2015-03-27,27.85,27.81,28.03,27.73,627580.0,-0.0128
2015-03-28,0,0,0,0,0,0
2015-03-29,0,0,0,0,0,0
2015-03-30,28.09,27.95,28.19,27.8,659530.0,0.0086
2015-03-31,28.37,28.09,28.39,28.04,425270.0,0.01
2015-04-01,28.2,28.42,28.53,28.14,408110.0,-0.006
2015-04-02,28.24,28.17,28.4,28.14,455540.0,0.0014000000000000002
2015-04-03,0,0,0,0,0,0
2015-04-04,0,0,0,0,0,0
2015-04-05,0,0,0,0,0,0
2015-04-06,28.4,28.28,28.49,28.23,404460.0,0.005699999999999999
2015-04-07,28.28,28.43,28.45,28.2,190010.0,-0.0042
2015-04-08,28.34,28.28,28.49,28.22,331300.0,0.0021
2015-04-09,28.15,28.37,28.47,28.09,182360.0,-0.0067
2015-04-10,30.18,29.05,30.28,29.05,3660000.0,0.0721
2015-04-11,0,0,0,0,0,0
2015-04-12,0,0,0,0,0,0
2015-04-13,31.11,31.2,31.8,30.49,1840000.0,0.0308
2015-04-14,30.39,30.81,30.87,30.35,10710000.0,-0.0231
2015-04-15,30.49,30.45,30.69,30.44,2190000.0,0.0033
2015-04-16,30.67,30.53,30.76,30.53,1190000.0,0.0059
2015-04-17,30.86,30.68,30.93,30.61,1270000.0,0.0062
2015-04-18,0,0,0,0,0,0
2015-04-19,0,0,0,0,0,0
2015-04-20,31.01,30.93,31.08,30.86,720710.0,0.0049
2015-04-21,31.2,31.14,31.44,31.02,2150000.0,0.0060999999999999995
2015-04-22,31.24,31.19,31.36,31.15,1510000.0,0.0013
2015-04-23,31.21,31.26,31.42,31.03,982570.0,-0.001
2015-04-24,31.27,31.29,31.39,31.24,1380000.0,0.0019
2015-04-25,0,0,0,0,0,0
2015-04-26,0,0,0,0,0,0
2015-04-27,31.29,31.29,31.5,31.27,698070.0,0.0006
2015-04-28,31.54,31.24,31.62,31.16,1670000.0,0.008
2015-04-29,31.16,31.57,31.65,31.03,936600.0,-0.012
2015-04-30,30.73,31.17,31.32,30.64,1000000.0,-0.0138
2015-05-01,31.11,30.65,31.21,30.62,649470.0,0.0124
2015-05-02,0,0,0,0,0,0
2015-05-03,0,0,0,0,0,0
2015-05-04,31.25,31.24,31.35,31.06,671920.0,0.0045000000000000005
2015-05-05,30.85,31.17,31.25,30.75,536030.0,-0.0128
2015-05-06,30.35,30.88,30.97,30.31,890140.0,-0.016200000000000003
2015-05-07,30.35,30.3,30.48,30.06,876890.0,0.0
2015-05-08,30.74,30.61,30.79,30.43,495420.0,0.0129
2015-05-09,0,0,0,0,0,0
2015-05-10,0,0,0,0,0,0
2015-05-11,30.45,30.79,30.79,30.41,316460.0,-0.009399999999999999
2015-05-12,30.54,30.32,30.63,30.19,273880.0,0.003
2015-05-13,30.34,30.6,30.66,30.3,408950.0,-0.006500000000000001
2015-05-14,30.45,30.4,30.51,30.34,352390.0,0.0036
2015-05-15,30.48,30.45,30.5,30.33,573810.0,0.001
2015-05-16,0,0,0,0,0,0
2015-05-17,0,0,0,0,0,0
2015-05-18,30.5,30.5,30.57,30.41,432810.0,0.0007000000000000001
2015-05-19,30.48,30.5,30.53,30.42,273920.0,-0.0007000000000000001
2015-05-20,30.46,30.5,30.64,30.45,243700.0,-0.0007000000000000001
2015-05-21,30.41,30.45,30.5,30.33,308990.0,-0.0016
2015-05-22,30.26,30.41,30.53,30.19,196930.0,-0.0049
2015-05-23,0,0,0,0,0,0
2015-05-24,0,0,0,0,0,0
2015-05-25,0,0,0,0,0,0
2015-05-26,30.14,30.22,30.27,29.92,341090.0,-0.004
2015-05-27,30.52,30.23,30.68,30.15,591750.0,0.0126
2015-05-28,30.47,30.55,30.59,30.27,243720.0,-0.0016
2015-05-29,30.22,30.41,30.5,30.16,413420.0,-0.008199999999999999
2015-05-30,0,0,0,0,0,0
2015-05-31,0,0,0,0,0,0
2015-06-01,30.41,30.31,30.5,30.2,219030.0,0.0063
2015-06-02,29.9,29.6,29.97,29.56,10240000.0,-0.0168
2015-06-03,29.64,29.85,29.9,29.59,1130000.0,-0.0087
2015-06-04,29.57,29.53,29.66,29.37,714980.0,-0.0024
2015-06-05,29.25,29.39,29.51,29.02,1180000.0,-0.0108
2015-06-06,0,0,0,0,0,0
2015-06-07,0,0,0,0,0,0
2015-06-08,29.25,29.2,29.38,29.12,626570.0,0.0
2015-06-09,29.35,29.18,29.54,29.18,822470.0,0.0034000000000000002
2015-06-10,29.43,29.27,29.6,29.26,653530.0,0.0027
2015-06-11,29.54,29.55,29.65,29.45,556680.0,0.0037
2015-06-12,29.63,29.54,29.64,29.42,602450.0,0.003
2015-06-13,0,0,0,0,0,0
2015-06-14,0,0,0,0,0,0
2015-06-15,29.58,29.61,29.77,29.5,915110.0,-0.0017000000000000001
2015-06-16,29.47,29.6,29.6,29.37,614410.0,-0.0037
2015-06-17,29.51,29.44,29.65,29.34,730000.0,0.0014000000000000002
2015-06-18,29.46,29.53,29.82,29.43,712470.0,-0.0017000000000000001
2015-06-19,29.29,29.53,29.55,29.22,1340000.0,-0.0058
2015-06-20,0,0,0,0,0,0
2015-06-21,0,0,0,0,0,0
2015-06-22,29.41,29.5,29.74,29.32,1010000.0,0.0040999999999999995
2015-06-23,29.19,29.5,29.59,28.85,1460000.0,-0.0075
2015-06-24,28.87,29.23,29.23,28.87,1130000.0,-0.011000000000000001
2015-06-25,28.58,28.87,28.91,28.33,1640000.0,-0.01
2015-06-26,28.08,28.18,28.56,28.01,2270000.0,-0.0175
2015-06-27,0,0,0,0,0,0
2015-06-28,0,0,0,0,0,0
2015-06-29,27.95,28.1,28.23,27.89,1070000.0,-0.0046
2015-06-30,27.82,28.05,28.15,27.62,1990000.0,-0.004699999999999999
2015-07-01,28.42,27.91,28.5,27.83,1270000.0,0.0216
2015-07-02,28.43,28.4,28.55,28.31,685300.0,0.0004
2015-07-03,0,0,0,0,0,0
2015-07-04,0,0,0,0,0,0
2015-07-05,0,0,0,0,0,0
2015-07-06,28.55,28.4,28.57,28.36,792440.0,0.0042
2015-07-07,28.8,28.54,28.97,28.48,764640.0,0.0088
2015-07-08,28.65,28.76,28.85,28.52,283930.0,-0.0052
2015-07-09,28.4,28.73,28.82,28.31,583140.0,-0.0087
2015-07-10,28.72,28.54,28.96,28.46,965260.0,0.0113
2015-07-11,0,0,0,0,0,0
2015-07-12,0,0,0,0,0,0
2015-07-13,28.82,28.82,29.0,28.55,671330.0,0.0034999999999999996
2015-07-14,28.75,28.85,28.85,28.67,306940.0,-0.0024
2015-07-15,28.76,28.75,28.78,28.47,1230000.0,0.0003
2015-07-16,28.63,28.79,28.88,28.59,579510.0,-0.0045000000000000005
2015-07-17,28.72,28.71,28.79,28.54,417980.0,0.0031
2015-07-18,0,0,0,0,0,0
2015-07-19,0,0,0,0,0,0
2015-07-20,28.66,28.7,28.75,28.55,261930.0,-0.0021
2015-07-21,28.51,28.69,28.73,28.47,329410.0,-0.0052
2015-07-22,28.54,28.51,28.72,28.47,287710.0,0.0011
2015-07-23,28.45,28.55,28.66,28.4,364420.0,-0.0032
2015-07-24,28.43,28.48,28.72,28.37,384410.0,-0.0007000000000000001
2015-07-25,0,0,0,0,0,0
2015-07-26,0,0,0,0,0,0
2015-07-27,28.67,28.38,28.68,28.38,638910.0,0.0084
2015-07-28,28.59,28.74,28.74,28.38,496720.0,-0.0028000000000000004
2015-07-29,28.89,28.75,29.09,28.68,936530.0,0.0105
2015-07-30,29.06,28.86,29.1,28.79,574990.0,0.0059
2015-07-31,29.17,29.1,29.42,29.1,520320.00000000006,0.0038
2015-08-01,0,0,0,0,0,0
2015-08-02,0,0,0,0,0,0
2015-08-03,29.38,29.2,29.51,29.2,418980.0,0.0072
2015-08-04,29.52,29.44,29.53,29.29,403980.0,0.0048
2015-08-05,29.4,29.51,29.58,29.18,390700.0,-0.0040999999999999995
2015-08-06,29.13,29.44,29.48,28.75,515960.00000000006,-0.0092
2015-08-07,28.71,29.1,29.1,28.53,507570.0,-0.0144
2015-08-08,0,0,0,0,0,0
2015-08-09,0,0,0,0,0,0
2015-08-10,28.83,28.79,28.94,28.71,286240.0,0.0042
2015-08-11,29.13,28.72,29.25,28.72,354510.0,0.0104
2015-08-12,29.33,29.07,29.33,28.6,328540.0,0.0069
2015-08-13,29.28,29.22,29.43,28.95,391260.0,-0.0017000000000000001
2015-08-14,29.54,29.08,29.6,29.05,380770.0,0.0089
2015-08-15,0,0,0,0,0,0
2015-08-16,0,0,0,0,0,0
2015-08-17,29.77,29.45,29.8,29.41,349310.0,0.0078000000000000005
2015-08-18,29.75,29.79,29.88,29.51,285170.0,-0.0007000000000000001
2015-08-19,29.77,29.76,29.86,29.41,599440.0,0.0007000000000000001
2015-08-20,29.39,29.73,29.8,29.34,449430.0,-0.0128
2015-08-21,28.95,29.23,29.4,28.91,500720.0,-0.015
2015-08-22,0,0,0,0,0,0
2015-08-23,0,0,0,0,0,0
2015-08-24,27.9,28.5,28.75,22.34,1640000.0,-0.0363
2015-08-25,27.69,28.27,28.32,27.68,944030.0,-0.0075
2015-08-26,27.91,28.06,28.06,27.35,930470.0,0.0079
2015-08-27,28.23,28.21,28.51,27.69,1020000.0,0.0115
2015-08-28,28.15,28.15,28.17,27.88,765400.0,-0.0028000000000000004
2015-08-29,0,0,0,0,0,0
2015-08-30,0,0,0,0,0,0
2015-08-31,27.69,28.02,28.14,27.53,1170000.0,-0.0163
2015-09-01,27.04,27.4,27.55,26.8,1830000.0,-0.0235
2015-09-02,27.54,27.23,27.58,27.19,1550000.0,0.018500000000000003
2015-09-03,27.53,27.6,27.84,27.42,727330.0,-0.0004
2015-09-04,27.28,27.41,27.5,27.08,695330.0,-0.0091
2015-09-05,0,0,0,0,0,0
2015-09-06,0,0,0,0,0,0
2015-09-07,0,0,0,0,0,0
2015-09-08,27.84,27.55,27.96,27.49,610500.0,0.020499999999999997
2015-09-09,27.48,28.0,28.18,27.42,482350.0,-0.0129
2015-09-10,27.41,27.47,27.54,27.23,399140.0,-0.0025
2015-09-11,27.91,27.38,27.93,27.21,460010.0,0.0182
2015-09-12,0,0,0,0,0,0
2015-09-13,0,0,0,0,0,0
2015-09-14,28.24,27.9,28.42,27.86,747650.0,0.0118
2015-09-15,28.44,28.33,28.73,28.24,762840.0,0.0070999999999999995
2015-09-16,28.76,28.5,28.83,28.47,535170.0,0.0113
2015-09-17,29.11,28.71,29.42,28.5,740610.0,0.012199999999999999
2015-09-18,28.95,29.0,29.33,28.79,1760000.0,-0.0055000000000000005
2015-09-19,0,0,0,0,0,0
2015-09-20,0,0,0,0,0,0
2015-09-21,29.45,29.13,29.86,28.94,679530.0,0.0173
2015-09-22,29.14,29.26,29.42,28.81,627280.0,-0.0105
2015-09-23,29.41,29.26,29.5,29.18,534780.0,0.009300000000000001
2015-09-24,29.43,29.29,29.67,29.09,439870.0,0.0007000000000000001
2015-09-25,28.89,29.5,29.56,28.84,651730.0,-0.0183
2015-09-26,0,0,0,0,0,0
2015-09-27,0,0,0,0,0,0
2015-09-28,27.28,28.26,28.27,26.99,1740000.0,-0.0557
2015-09-29,27.0,27.3,27.51,26.94,1150000.0,-0.0103
2015-09-30,27.44,27.17,27.54,26.94,1250000.0,0.0163
2015-10-01,27.62,27.46,27.77,27.1,1120000.0,0.0066
2015-10-02,27.59,27.47,27.64,27.22,771250.0,-0.0011
2015-10-03,0,0,0,0,0,0
2015-10-04,0,0,0,0,0,0
2015-10-05,28.33,27.66,28.41,27.66,532410.0,0.0268
2015-10-06,28.53,28.36,28.61,28.27,774280.0,0.0070999999999999995
2015-10-07,28.75,28.58,28.76,28.46,825490.0,0.0077
2015-10-08,28.61,28.75,28.95,28.47,845430.0,-0.0049
2015-10-09,28.83,28.67,28.89,28.45,347910.0,0.0077
2015-10-10,0,0,0,0,0,0
2015-10-11,0,0,0,0,0,0
2015-10-12,28.9,28.85,29.0,28.58,314010.0,0.0024
2015-10-13,28.66,28.76,28.89,28.5,403500.0,-0.0083
2015-10-14,28.5,28.62,28.86,28.44,492270.0,-0.005600000000000001
2015-10-15,28.42,28.53,28.53,28.03,353650.0,-0.0028000000000000004
2015-10-16,28.27,28.34,28.48,28.21,344760.0,-0.0053
2015-10-17,0,0,0,0,0,0
2015-10-18,0,0,0,0,0,0
2015-10-19,28.29,28.25,28.4,28.16,454350.0,0.0007000000000000001
2015-10-20,28.19,28.27,28.42,28.15,336220.0,-0.0034999999999999996
2015-10-21,28.15,28.24,28.34,28.12,484840.0,-0.0014000000000000002
2015-10-22,28.15,28.24,28.3,28.06,281550.0,0.0
2015-10-23,28.03,28.2,28.2,27.85,421490.0,-0.0043
2015-10-24,0,0,0,0,0,0
2015-10-25,0,0,0,0,0,0
2015-10-26,27.8,28.1,28.19,27.75,277530.0,-0.008199999999999999
2015-10-27,27.72,27.8,27.81,27.4,715480.0,-0.0029
2015-10-28,28.01,28.0,28.2,27.4,597180.0,0.0105
2015-10-29,27.9,27.98,28.3,27.82,674050.0,-0.0039000000000000003
2015-10-30,27.52,27.97,28.06,27.48,800900.0,-0.013600000000000001
2015-10-31,0,0,0,0,0,0
2015-11-01,0,0,0,0,0,0
2015-11-02,28.04,27.64,28.06,27.5,415220.0,0.0189
2015-11-03,27.92,28.0,28.14,27.75,501080.0,-0.0043
2015-11-04,27.85,27.92,28.05,27.65,460470.0,-0.0025
2015-11-05,27.93,27.88,27.97,27.71,403420.0,0.0029
2015-11-06,27.88,27.82,28.03,27.57,536130.0,-0.0018
2015-11-07,0,0,0,0,0,0
2015-11-08,0,0,0,0,0,0
2015-11-09,27.42,27.85,27.87,27.29,530410.0,-0.0165
2015-11-10,27.57,27.46,27.67,27.4,483550.0,0.0055000000000000005
2015-11-11,27.62,27.58,27.75,27.5,269210.0,0.0018
2015-11-12,27.33,27.5,27.51,27.09,510850.0,-0.0105
2015-11-13,27.07,27.42,27.46,27.04,485560.0,-0.0095
2015-11-14,0,0,0,0,0,0
2015-11-15,0,0,0,0,0,0
2015-11-16,27.31,27.03,27.32,26.66,463150.0,0.0089
2015-11-17,27.14,27.31,27.43,27.05,235050.0,-0.0062
2015-11-18,27.46,27.26,27.47,27.15,223620.0,0.0118
2015-11-19,27.44,27.48,27.63,27.28,267240.0,-0.0007000000000000001
2015-11-20,27.8,27.5,27.8,27.37,500610.0,0.0131
2015-11-21,0,0,0,0,0,0
2015-11-22,0,0,0,0,0,0
2015-11-23,28.25,27.79,28.31,27.72,769740.0,0.016200000000000003
2015-11-24,28.37,28.09,28.41,27.95,319130.0,0.0042
2015-11-25,28.28,28.36,28.39,27.91,233520.0,-0.0032
2015-11-26,0,0,0,0,0,0
2015-11-27,28.65,28.28,28.65,28.22,141630.0,0.0131
2015-11-28,0,0,0,0,0,0
2015-11-29,0,0,0,0,0,0
2015-11-30,28.9,28.67,29.04,28.57,770300.0,0.0087
2015-12-01,28.83,28.96,29.06,28.41,673590.0,-0.0024
2015-12-02,28.23,28.75,28.75,28.2,203040.0,-0.0208
2015-12-03,28.32,28.25,28.53,28.1,308050.0,0.0032
2015-12-04,28.23,28.32,28.42,27.91,521450.00000000006,-0.0032
2015-12-05,0,0,0,0,0,0
2015-12-06,0,0,0,0,0,0
2015-12-07,28.11,28.1,28.32,27.93,411070.0,-0.0043
2015-12-08,27.85,28.02,28.19,27.76,278630.0,-0.0092
2015-12-09,27.66,27.8,27.95,27.5,473200.0,-0.0068000000000000005
2015-12-10,27.55,27.61,27.83,27.5,288000.0,-0.004
2015-12-11,27.31,27.5,27.52,26.97,456930.0,-0.0087
2015-12-12,0,0,0,0,0,0
2015-12-13,0,0,0,0,0,0
2015-12-14,26.5,27.27,27.41,26.24,927280.0,-0.0297
2015-12-15,27.02,26.57,27.17,26.57,1100000.0,0.0196
2015-12-16,27.53,27.09,27.67,27.09,559280.0,0.0189
2015-12-17,27.42,27.53,27.59,27.22,577350.0,-0.004
2015-12-18,27.02,27.35,27.54,27.01,953150.0,-0.0146
2015-12-19,0,0,0,0,0,0
2015-12-20,0,0,0,0,0,0
2015-12-21,27.21,27.16,27.28,26.87,533360.0,0.006999999999999999
2015-12-22,27.52,27.31,27.67,27.26,449310.0,0.011399999999999999
2015-12-23,27.85,27.68,27.9,27.62,477970.0,0.012
2015-12-24,27.8,27.88,27.95,27.66,205140.0,-0.0018
2015-12-25,0,0,0,0,0,0
2015-12-26,0,0,0,0,0,0
2015-12-27,0,0,0,0,0,0
2015-12-28,27.8,27.87,27.92,27.45,564870.0,0.0
2015-12-29,27.08,27.35,27.48,26.87,472480.0,-0.0259
2015-12-30,26.91,27.02,27.03,26.68,484700.0,-0.0063
2015-12-31,26.76,26.9,27.04,26.76,433410.0,-0.005600000000000001
2016-01-01,0,0,0,0,0,0
2016-01-02,0,0,0,0,0,0
2016-01-03,0,0,0,0,0,0
2016-01-04,26.51,26.64,26.77,26.27,500190.0,-0.009300000000000001
2016-01-05,26.86,26.51,26.98,26.51,491070.0,0.0132
2016-01-06,26.94,26.69,27.02,26.69,399140.0,0.003
2016-01-07,26.4,26.71,26.79,26.4,356080.0,-0.02
2016-01-08,26.13,26.51,26.58,26.11,413590.0,-0.0102
2016-01-09,0,0,0,0,0,0
2016-01-10,0,0,0,0,0,0
2016-01-11,25.98,26.19,26.41,25.88,437190.0,-0.005699999999999999
2016-01-12,25.62,26.16,26.17,25.43,482470.0,-0.0139
2016-01-13,24.99,25.78,25.83,24.68,1110000.0,-0.0246
2016-01-14,24.88,24.88,25.17,23.87,1460000.0,-0.0044
2016-01-15,24.36,24.81,24.81,23.94,1020000.0,-0.0209
2016-01-16,0,0,0,0,0,0
2016-01-17,0,0,0,0,0,0
2016-01-18,0,0,0,0,0,0
2016-01-19,23.71,24.44,24.54,23.66,908320.0,-0.026699999999999998
2016-01-20,23.4,23.38,23.9,22.13,2250000.0,-0.0131
2016-01-21,23.25,23.48,23.58,22.79,1270000.0,-0.0064
2016-01-22,24.36,23.53,24.65,23.5,763430.0,0.04769999999999999
2016-01-23,0,0,0,0,0,0
2016-01-24,0,0,0,0,0,0
2016-01-25,23.4,24.31,24.34,23.39,576080.0,-0.0394
2016-01-26,24.02,23.5,24.32,23.34,681070.0,0.0265
2016-01-27,23.92,24.05,24.32,23.73,518760.0,-0.0042
2016-01-28,24.38,24.01,24.53,23.95,828730.0,0.0192
2016-01-29,24.78,24.54,24.92,24.43,639390.0,0.016399999999999998
2016-01-30,0,0,0,0,0,0
2016-01-31,0,0,0,0,0,0
2016-02-01,24.41,24.79,24.82,24.38,405050.0,-0.0149
2016-02-02,24.51,24.32,24.57,23.98,421380.0,0.0040999999999999995
2016-02-03,24.84,24.6,24.98,24.34,521929.99999999994,0.013500000000000002
2016-02-04,24.54,24.75,25.16,24.45,489580.0,-0.0121
2016-02-05,24.36,24.5,24.62,24.13,346680.0,-0.0073
2016-02-06,0,0,0,0,0,0
2016-02-07,0,0,0,0,0,0
2016-02-08,23.86,24.22,24.22,23.24,879430.0,-0.020499999999999997
2016-02-09,23.32,23.54,23.68,23.09,548680.0,-0.0226
2016-02-10,23.26,23.45,23.74,23.16,548000.0,-0.0026
2016-02-11,22.66,23.0,23.1,22.49,1060000.0,-0.0258
2016-02-12,23.05,22.74,23.2,22.64,624280.0,0.0172
2016-02-13,0,0,0,0,0,0
2016-02-14,0,0,0,0,0,0
2016-02-15,0,0,0,0,0,0
2016-02-16,23.57,23.23,23.61,23.08,835150.0,0.0226
2016-02-17,24.16,23.76,24.32,22.79,891990.0,0.025
2016-02-18,24.02,24.25,24.43,23.9,494080.0,-0.0058
2016-02-19,24.21,24.0,24.35,23.84,354840.0,0.0079
2016-02-20,0,0,0,0,0,0
2016-02-21,0,0,0,0,0,0
2016-02-22,24.48,24.28,24.6,24.27,266760.0,0.011200000000000002
2016-02-23,24.16,24.46,24.6,23.96,538600.0,-0.0131
2016-02-24,24.28,24.09,24.38,23.6,330810.0,0.005
2016-02-25,25.02,26.12,26.12,24.57,579550.0,0.0305
2016-02-26,24.7,25.28,25.39,24.66,484440.0,-0.0128
2016-02-27,0,0,0,0,0,0
2016-02-28,0,0,0,0,0,0
2016-02-29,24.74,24.7,24.94,24.57,408140.0,0.0016
2016-03-01,25.59,24.92,25.76,24.86,941850.0,0.0344
2016-03-02,25.47,25.56,25.56,25.22,384770.0,-0.004699999999999999
2016-03-03,25.9,25.48,25.9,25.41,502750.0,0.0169
2016-03-04,26.19,25.91,26.34,25.77,534820.0,0.011200000000000002
2016-03-05,0,0,0,0,0,0
2016-03-06,0,0,0,0,0,0
2016-03-07,26.5,26.23,26.51,26.07,489610.0,0.0118
2016-03-08,25.81,26.38,26.38,25.77,550470.0,-0.026000000000000002
2016-03-09,25.69,25.81,25.98,25.42,397230.0,-0.0046
2016-03-10,25.46,25.78,25.9,25.34,360940.0,-0.009000000000000001
2016-03-11,26.59,25.7,26.86,25.68,773030.0,0.0444
2016-03-12,0,0,0,0,0,0
2016-03-13,0,0,0,0,0,0
2016-03-14,26.57,26.54,26.75,26.4,457730.0,-0.0008
2016-03-15,26.58,26.5,26.66,26.21,453010.0,0.0004
2016-03-16,26.83,26.62,26.88,26.48,437700.0,0.009399999999999999
2016-03-17,27.01,27.03,27.14,26.74,584290.0,0.0067
2016-03-18,27.02,27.1,27.14,26.84,1070000.0,0.0004
2016-03-19,0,0,0,0,0,0
2016-03-20,0,0,0,0,0,0
2016-03-21,27.1,26.92,27.11,26.85,392470.0,0.003
2016-03-22,27.15,27.03,27.18,26.89,386570.0,0.0018
2016-03-23,26.51,27.19,27.2,26.5,595380.0,-0.0236
2016-03-24,26.45,26.5,26.6,26.24,499020.0,-0.0023
2016-03-25,0,0,0,0,0,0
2016-03-26,0,0,0,0,0,0
2016-03-27,0,0,0,0,0,0
2016-03-28,26.97,26.58,27.11,26.5,843640.0,0.0197
2016-03-29,26.72,26.36,26.75,25.98,455960.0,-0.009300000000000001
2016-03-30,26.61,26.89,26.98,26.6,553010.0,-0.0040999999999999995
2016-03-31,26.86,26.62,26.97,26.44,689300.0,0.009399999999999999
2016-04-01,26.54,26.57,26.75,26.4,351620.0,-0.011899999999999999
2016-04-02,0,0,0,0,0,0
2016-04-03,0,0,0,0,0,0
2016-04-04,26.4,26.55,26.59,26.31,251280.0,-0.0053
2016-04-05,26.45,26.32,26.53,26.02,280430.0,0.0019
2016-04-06,26.51,26.43,26.58,26.18,268940.0,0.0023
2016-04-07,26.37,26.42,26.58,26.19,371030.0,-0.0053
2016-04-08,26.43,26.48,26.73,26.3,430170.0,0.0023
2016-04-09,0,0,0,0,0,0
2016-04-10,0,0,0,0,0,0
2016-04-11,26.71,26.48,26.86,26.47,258600.00000000003,0.0106
2016-04-12,26.8,26.79,26.98,26.69,441910.0,0.0034000000000000002
2016-04-13,26.99,26.88,27.02,26.75,486500.0,0.0070999999999999995
2016-04-14,26.76,27.01,27.08,26.75,338330.0,-0.0085
2016-04-15,26.84,26.95,26.96,26.64,301830.0,0.003
2016-04-16,0,0,0,0,0,0
2016-04-17,0,0,0,0,0,0
2016-04-18,27.0,26.95,27.07,26.77,524020.0,0.006
2016-04-19,27.21,26.99,27.24,26.97,470900.0,0.0078000000000000005
2016-04-20,27.05,27.21,27.23,26.96,453010.0,-0.0059
2016-04-21,26.68,27.06,27.07,26.55,811620.0,-0.0137
2016-04-22,26.69,26.68,26.84,26.57,392630.0,0.0004
2016-04-23,0,0,0,0,0,0
2016-04-24,0,0,0,0,0,0
2016-04-25,26.64,26.67,26.72,26.54,454160.0,-0.0019
2016-04-26,26.96,26.71,26.96,26.59,448950.0,0.012
2016-04-27,27.16,26.68,27.24,26.61,406870.0,0.0074
2016-04-28,27.6,27.15,27.62,27.06,787580.0,0.016200000000000003
2016-04-29,27.48,27.58,27.64,26.91,772390.0,-0.0043
2016-04-30,0,0,0,0,0,0
2016-05-01,0,0,0,0,0,0
2016-05-02,27.45,27.48,27.6,27.14,565950.0,-0.0011
2016-05-03,27.32,27.38,27.4,27.09,321490.0,-0.004699999999999999
2016-05-04,27.85,27.17,27.89,27.13,862780.0,0.0194
2016-05-05,27.95,27.89,28.12,27.71,736120.0,0.0036
2016-05-06,28.2,27.92,28.23,27.88,786680.0,0.0089
2016-05-07,0,0,0,0,0,0
2016-05-08,0,0,0,0,0,0
2016-05-09,28.51,28.26,28.68,28.22,776430.0,0.011000000000000001
2016-05-10,28.55,28.5,28.66,28.22,668590.0,0.0014000000000000002
2016-05-11,28.33,28.48,28.48,28.16,425510.0,-0.0077
2016-05-12,28.45,28.48,28.6,28.06,597300.0,0.0042
2016-05-13,28.26,28.4,28.49,28.03,520610.0,-0.0067
2016-05-14,0,0,0,0,0,0
2016-05-15,0,0,0,0,0,0
2016-05-16,28.3,28.23,28.41,28.16,430130.0,0.0014000000000000002
2016-05-17,27.98,28.27,28.36,27.75,551780.0,-0.0113
2016-05-18,27.59,27.96,28.01,27.25,644620.0,-0.0139
2016-05-19,27.24,27.42,27.52,27.08,981080.0,-0.0127
2016-05-20,27.61,27.22,27.64,27.2,396890.0,0.013600000000000001
2016-05-21,0,0,0,0,0,0
2016-05-22,0,0,0,0,0,0
2016-05-23,27.44,27.63,27.71,27.39,306240.0,-0.0062
2016-05-24,27.55,27.51,27.73,27.46,295120.0,0.004
2016-05-25,27.65,27.54,27.72,27.42,208710.0,0.0036
2016-05-26,28.06,27.67,28.15,27.63,405000.0,0.0148
2016-05-27,28.1,28.01,28.25,27.95,350700.0,0.0014000000000000002
2016-05-28,0,0,0,0,0,0
2016-05-29,0,0,0,0,0,0
2016-05-30,0,0,0,0,0,0
2016-05-31,28.19,28.15,28.23,27.96,468140.0,0.0032
2016-06-01,28.44,28.03,28.44,27.98,341270.0,0.0089
2016-06-02,28.46,28.23,28.5,28.23,282630.0,0.0007000000000000001
2016-06-03,28.53,28.48,28.9,28.29,441070.0,0.0025
2016-06-04,0,0,0,0,0,0
2016-06-05,0,0,0,0,0,0
2016-06-06,28.5,28.54,28.65,28.41,306550.0,-0.0011
2016-06-07,28.47,28.54,28.63,28.32,423710.0,-0.0011
2016-06-08,28.62,28.5,28.65,28.43,238110.0,0.0053
2016-06-09,28.69,28.56,28.69,28.44,333770.0,0.0024
2016-06-10,28.49,28.47,28.62,28.4,345870.0,-0.006999999999999999
2016-06-11,0,0,0,0,0,0
2016-06-12,0,0,0,0,0,0
2016-06-13,28.25,28.52,28.6,28.22,384120.0,-0.0084
2016-06-14,27.94,28.23,28.23,27.8,510850.0,-0.011000000000000001
2016-06-15,27.89,27.97,28.06,27.86,476330.0,-0.0018
2016-06-16,27.93,27.88,28.2,27.72,585680.0,0.0014000000000000002
2016-06-17,27.88,27.94,28.1,27.79,821840.0,-0.0018
2016-06-18,0,0,0,0,0,0
2016-06-19,0,0,0,0,0,0
2016-06-20,28.05,28.05,28.19,27.94,508220.0,0.0060999999999999995
2016-06-21,27.97,28.03,28.18,27.91,345550.0,-0.0029
2016-06-22,27.85,28.0,28.04,27.84,336070.0,-0.0043
2016-06-23,28.03,28.01,28.13,27.93,369660.0,0.006500000000000001
2016-06-24,27.54,27.68,27.99,27.3,820900.0,-0.0175
2016-06-25,0,0,0,0,0,0
2016-06-26,0,0,0,0,0,0
2016-06-27,26.74,27.75,27.75,26.55,1320000.0,-0.028999999999999998
2016-06-28,27.04,26.55,27.07,26.46,1050000.0,0.011200000000000002
2016-06-29,27.25,27.16,27.5,27.0,632550.0,0.0078000000000000005
2016-06-30,27.67,27.27,27.69,27.12,428350.0,0.0154
2016-07-01,27.65,27.72,27.8,27.55,450380.0,-0.0007000000000000001
2016-07-02,0,0,0,0,0,0
2016-07-03,0,0,0,0,0,0
2016-07-04,0,0,0,0,0,0
2016-07-05,27.1,27.52,27.62,27.09,822290.0,-0.0199
2016-07-06,27.23,27.04,27.26,26.82,814860.0,0.0048
2016-07-07,26.97,27.25,27.29,26.9,458230.0,-0.0095
2016-07-08,27.33,27.25,27.41,27.06,380910.0,0.013300000000000001
2016-07-09,0,0,0,0,0,0
2016-07-10,0,0,0,0,0,0
2016-07-11,27.47,27.41,27.5,27.21,637850.0,0.0051
2016-07-12,27.58,27.53,27.64,27.4,664690.0,0.004
2016-07-13,27.71,27.62,27.71,27.43,383640.0,0.004699999999999999
2016-07-14,27.76,27.75,27.85,27.58,449200.0,0.0018
2016-07-15,27.93,27.86,27.99,27.64,496310.0,0.0060999999999999995
2016-07-16,0,0,0,0,0,0
2016-07-17,0,0,0,0,0,0
2016-07-18,28.3,28.11,28.44,28.02,798960.0,0.0132
2016-07-19,28.58,28.42,28.79,28.39,874990.0,0.009899999999999999
2016-07-20,28.75,28.62,28.87,28.6,721570.0,0.0059
2016-07-21,28.75,28.76,28.78,28.65,424380.0,0.0
2016-07-22,28.7,28.71,28.84,28.6,672890.0,-0.0017000000000000001
2016-07-23,0,0,0,0,0,0
2016-07-24,0,0,0,0,0,0
2016-07-25,28.64,28.7,28.76,28.56,391010.0,-0.0021
2016-07-26,28.64,28.68,28.75,28.54,610170.0,0.0
2016-07-27,28.95,28.98,29.15,28.6,1090000.0,0.0108
2016-07-28,28.95,28.93,29.14,28.86,566850.0,0.0
2016-07-29,29.01,28.9,29.01,28.75,613440.0,0.0021
2016-07-30,0,0,0,0,0,0
2016-07-31,0,0,0,0,0,0
2016-08-01,29.07,29.01,29.13,28.93,578960.0,0.0021
2016-08-02,28.69,29.09,29.11,28.65,542660.0,-0.0131
2016-08-03,28.6,28.6,28.74,28.56,712940.0,-0.0031
2016-08-04,28.94,28.62,29.02,28.55,895250.0,0.011899999999999999
2016-08-05,29.42,28.94,29.46,28.81,1080000.0,0.0166
2016-08-06,0,0,0,0,0,0
2016-08-07,0,0,0,0,0,0
2016-08-08,29.2,29.28,29.5,29.1,944950.0,-0.0075
2016-08-09,29.32,29.2,29.33,29.01,400180.0,0.0040999999999999995
2016-08-10,29.2,29.3,29.38,29.09,379610.0,-0.0040999999999999995
2016-08-11,29.23,29.27,29.27,29.06,299100.0,0.001
2016-08-12,29.37,29.3,29.47,29.23,304740.0,0.0048
2016-08-13,0,0,0,0,0,0
2016-08-14,0,0,0,0,0,0
2016-08-15,29.16,29.35,29.38,29.14,321790.0,-0.0072
2016-08-16,28.82,29.12,29.12,28.79,516789.99999999994,-0.011699999999999999
2016-08-17,28.88,28.84,28.95,28.71,379460.0,0.0021
2016-08-18,28.83,28.92,29.08,28.75,392400.0,-0.0017000000000000001
2016-08-19,28.93,28.83,28.93,28.65,393860.0,0.0034999999999999996
2016-08-20,0,0,0,0,0,0
2016-08-21,0,0,0,0,0,0
2016-08-22,28.81,28.9,29.02,28.76,312210.0,-0.0040999999999999995
2016-08-23,29.06,28.97,29.11,28.81,356820.0,0.0087
2016-08-24,29.02,29.03,29.14,28.86,286480.0,-0.0014000000000000002
2016-08-25,29.04,29.05,29.17,28.97,255930.0,0.0007000000000000001
2016-08-26,29.12,29.05,29.22,28.88,585230.0,0.0028000000000000004
2016-08-27,0,0,0,0,0,0
2016-08-28,0,0,0,0,0,0
2016-08-29,29.4,29.13,29.51,29.13,515100.0,0.0096
2016-08-30,29.64,29.72,29.72,29.29,294320.0,0.008199999999999999
2016-08-31,29.82,29.61,29.84,29.3,800600.0,0.0060999999999999995
2016-09-01,29.7,29.86,29.9,29.57,724990.0,-0.004
2016-09-02,30.02,29.8,30.17,29.75,628700.0,0.0108
2016-09-03,0,0,0,0,0,0
2016-09-04,0,0,0,0,0,0
2016-09-05,0,0,0,0,0,0
2016-09-06,29.83,30.02,30.08,29.79,645710.0,-0.0063
2016-09-07,30.02,29.83,30.23,29.83,581030.0,0.0064
2016-09-08,29.67,30.01,30.03,29.64,515440.00000000006,-0.011699999999999999
2016-09-09,29.24,29.62,29.63,29.08,1130000.0,-0.014499999999999999
2016-09-10,0,0,0,0,0,0
2016-09-11,0,0,0,0,0,0
2016-09-12,29.22,29.12,29.31,28.55,964940.0,-0.0007000000000000001
2016-09-13,28.6,29.02,29.09,28.58,766330.0,-0.0212
2016-09-14,28.62,28.71,28.91,28.59,702000.0,0.0007000000000000001
2016-09-15,29.13,28.73,29.17,28.62,582300.0,0.0178
2016-09-16,29.03,28.97,29.15,28.85,656620.0,-0.0034000000000000002
2016-09-17,0,0,0,0,0,0
2016-09-18,0,0,0,0,0,0
2016-09-19,29.64,29.19,29.68,29.13,445680.0,0.021
2016-09-20,29.56,29.65,29.82,29.53,493090.0,-0.0027
2016-09-21,29.8,29.71,29.84,29.35,676040.0,0.008100000000000001
2016-09-22,29.94,29.97,30.03,29.77,553090.0,0.004699999999999999
2016-09-23,30.1,30.0,30.4,29.85,824160.0,0.0053
2016-09-24,0,0,0,0,0,0
2016-09-25,0,0,0,0,0,0
2016-09-26,30.19,30.15,30.26,30.0,691420.0,0.003
2016-09-27,30.41,30.19,30.46,30.06,809630.0,0.0073
2016-09-28,29.8,29.94,29.99,29.39,697550.0,-0.020099999999999996
2016-09-29,29.45,29.69,29.76,29.2,485980.0,-0.011699999999999999
2016-09-30,29.45,29.52,29.67,29.3,559880.0,0.0
2016-10-01,0,0,0,0,0,0
2016-10-02,0,0,0,0,0,0
2016-10-03,29.07,29.3,29.34,29.02,566560.0,-0.0129
2016-10-04,28.83,29.15,29.15,28.68,707800.0,-0.0083
2016-10-05,28.62,28.83,29.0,28.6,809240.0,-0.0073
2016-10-06,28.24,28.58,28.62,28.24,703910.0,-0.013300000000000001
2016-10-07,27.97,28.3,28.39,27.96,726900.0,-0.0096
2016-10-08,0,0,0,0,0,0
2016-10-09,0,0,0,0,0,0
2016-10-10,28.37,27.95,28.45,27.89,452830.0,0.0143
2016-10-11,28.55,28.44,28.58,28.27,596580.0,0.0063
2016-10-12,28.59,28.52,28.79,28.41,278090.0,0.0014000000000000002
2016-10-13,29.0,28.55,29.04,28.4,419570.0,0.0143
2016-10-14,28.71,29.11,29.11,28.64,293920.0,-0.01
2016-10-15,0,0,0,0,0,0
2016-10-16,0,0,0,0,0,0
2016-10-17,28.75,28.79,28.83,28.71,289790.0,0.0014000000000000002
2016-10-18,29.01,28.89,29.08,28.79,201160.0,0.009000000000000001
2016-10-19,29.09,29.04,29.1,28.89,300470.0,0.0028000000000000004
2016-10-20,29.3,29.08,29.33,28.96,238360.0,0.0072
2016-10-21,29.46,29.14,29.49,29.09,312190.0,0.0055000000000000005
2016-10-22,0,0,0,0,0,0
2016-10-23,0,0,0,0,0,0
2016-10-24,29.83,29.55,29.85,29.5,402540.0,0.0126
2016-10-25,29.99,29.88,30.05,29.83,663600.0,0.0054
2016-10-26,30.14,30.23,30.81,29.96,914330.0,0.005
2016-10-27,29.75,30.24,30.25,29.67,811870.0,-0.0129
2016-10-28,29.92,29.9,30.19,29.76,399410.0,0.005699999999999999
2016-10-29,0,0,0,0,0,0
2016-10-30,0,0,0,0,0,0
2016-10-31,30.2,29.95,30.22,29.85,512890.0,0.009399999999999999
2016-11-01,29.71,30.25,30.25,29.55,483790.0,-0.016200000000000003
2016-11-02,29.12,29.72,29.72,29.12,493150.0,-0.0199
2016-11-03,29.32,29.12,29.37,29.03,415150.0,0.0069
2016-11-04,29.45,29.31,29.61,29.22,326930.0,0.0044
2016-11-05,0,0,0,0,0,0
2016-11-06,0,0,0,0,0,0
2016-11-07,29.81,29.66,29.96,29.57,313430.0,0.012199999999999999
2016-11-08,29.79,29.85,29.98,29.76,305250.0,-0.0007000000000000001
2016-11-09,29.52,29.61,29.84,29.44,919130.0,-0.0091
2016-11-10,29.64,29.66,29.97,29.0,827470.0,0.0040999999999999995
2016-11-11,29.3,29.47,29.66,29.23,939140.0,-0.0115
2016-11-12,0,0,0,0,0,0
2016-11-13,0,0,0,0,0,0
2016-11-14,29.49,29.33,29.57,29.09,888800.0,0.006500000000000001
2016-11-15,29.7,29.39,29.77,29.23,619680.0,0.0070999999999999995
2016-11-16,29.19,29.66,29.86,29.11,1200000.0,-0.0172
2016-11-17,29.48,29.28,29.61,29.21,506630.0,0.009899999999999999
2016-11-18,29.83,29.66,29.89,29.56,823810.0,0.011899999999999999
2016-11-19,0,0,0,0,0,0
2016-11-20,0,0,0,0,0,0
2016-11-21,29.74,29.92,30.05,29.72,560160.0,-0.003
2016-11-22,30.06,29.94,30.15,29.74,637790.0,0.0108
2016-11-23,29.72,30.08,30.3,29.6,698920.0,-0.0113
2016-11-24,0,0,0,0,0,0
2016-11-25,30.01,29.91,30.01,29.77,261399.99999999997,0.0098
2016-11-26,0,0,0,0,0,0
2016-11-27,0,0,0,0,0,0
2016-11-28,30.17,30.1,30.37,30.05,654900.0,0.0053
2016-11-29,30.53,30.22,30.58,30.22,613920.0,0.011899999999999999
2016-11-30,30.08,30.34,30.35,29.84,865450.0,-0.0147
2016-12-01,29.94,30.08,30.21,29.73,588350.0,-0.004699999999999999
2016-12-02,30.22,29.93,30.45,29.9,464220.0,0.009399999999999999
2016-12-03,0,0,0,0,0,0
2016-12-04,0,0,0,0,0,0
2016-12-05,30.55,30.18,30.6,30.18,575650.0,0.0109
2016-12-06,30.5,30.54,30.57,30.3,589780.0,-0.0016
2016-12-07,30.72,30.56,30.88,30.51,771650.0,0.0072
2016-12-08,31.05,30.76,31.12,30.66,697240.0,0.010700000000000001
2016-12-09,31.25,31.05,31.34,30.99,979940.0,0.0064
2016-12-10,0,0,0,0,0,0
2016-12-11,0,0,0,0,0,0
2016-12-12,30.97,31.33,31.35,30.81,668190.0,-0.009000000000000001
2016-12-13,30.6,31.0,31.06,30.26,931960.0,-0.011899999999999999
2016-12-14,30.37,30.53,30.75,30.32,681270.0,-0.0075
2016-12-15,29.91,30.08,30.2,29.8,1540000.0,-0.0151
2016-12-16,30.18,30.1,30.58,30.0,1070000.0,0.009000000000000001
2016-12-17,0,0,0,0,0,0
2016-12-18,0,0,0,0,0,0
2016-12-19,30.5,30.31,30.6,30.25,792300.0,0.0106
2016-12-20,30.4,30.45,30.58,30.35,937370.0,-0.0033
2016-12-21,30.37,30.4,30.76,30.33,1200000.0,-0.001
2016-12-22,30.63,30.44,30.67,30.34,591770.0,0.0086
2016-12-23,30.69,30.73,30.75,30.57,688360.0,0.002
2016-12-24,0,0,0,0,0,0
2016-12-25,0,0,0,0,0,0
2016-12-26,0,0,0,0,0,0
2016-12-27,30.74,30.75,30.84,30.5,923490.0,0.0016
2016-12-28,29.9,30.19,30.24,29.76,954030.0,-0.0273
2016-12-29,30.22,29.9,30.28,29.86,665130.0,0.010700000000000001
2016-12-30,30.07,30.22,30.22,29.89,399080.0,-0.005
2016-12-31,0,0,0,0,0,0
2017-01-01,0,0,0,0,0,0
2017-01-02,0,0,0,0,0,0
2017-01-03,30.54,30.19,30.56,30.13,489010.0,0.015600000000000001
2017-01-04,30.77,30.54,31.0,30.54,719820.0,0.0075
2017-01-05,30.89,30.77,30.94,30.7,563600.0,0.0039000000000000003
2017-01-06,30.91,30.89,31.08,30.83,421010.0,0.0006
2017-01-07,0,0,0,0,0,0
2017-01-08,0,0,0,0,0,0
2017-01-09,30.63,30.88,30.9,30.63,717530.0,-0.0091
2017-01-10,30.88,30.67,31.02,30.66,909050.0,0.008199999999999999
2017-01-11,30.92,31.0,31.08,30.82,493060.0,0.0013
2017-01-12,30.9,30.92,31.0,30.75,406190.0,-0.0006
2017-01-13,31.05,31.02,31.07,30.91,395830.0,0.0049
2017-01-14,0,0,0,0,0,0
2017-01-15,0,0,0,0,0,0
2017-01-16,0,0,0,0,0,0
2017-01-17,31.0,31.12,31.16,30.88,467780.0,-0.0016
2017-01-18,30.98,31.04,31.17,30.84,343760.0,-0.0006
2017-01-19,30.93,30.84,31.05,30.84,572510.0,-0.0016
2017-01-20,31.07,30.9,31.2,30.9,510600.0,0.0045000000000000005
2017-01-21,0,0,0,0,0,0
2017-01-22,0,0,0,0,0,0
2017-01-23,31.14,31.09,31.33,30.94,466660.0,0.0023
2017-01-24,31.25,31.14,31.41,31.14,642960.0,0.0034999999999999996
2017-01-25,30.86,31.25,31.36,30.84,823010.0,-0.0125
2017-01-26,30.87,30.89,31.06,30.84,714700.0,0.0003
2017-01-27,30.74,30.93,30.95,30.7,462300.0,-0.0042
2017-01-28,0,0,0,0,0,0
2017-01-29,0,0,0,0,0,0
2017-01-30,30.55,30.74,30.86,30.47,818590.0,-0.0062
2017-01-31,30.49,30.56,30.68,30.21,529230.0,-0.002
2017-02-01,30.36,30.54,30.72,30.34,1230000.0,-0.0043
2017-02-02,30.64,30.65,30.75,30.5,418980.0,0.0092
2017-02-03,31.11,30.82,31.22,30.78,810290.0,0.015300000000000001
2017-02-04,0,0,0,0,0,0
2017-02-05,0,0,0,0,0,0
2017-02-06,31.33,31.23,31.36,31.14,633590.0,0.0070999999999999995
2017-02-07,31.22,31.35,31.42,31.17,578390.0,-0.0034999999999999996
2017-02-08,31.16,31.33,31.36,31.09,632660.0,-0.0019
2017-02-09,31.31,31.26,31.39,31.18,340870.0,0.0048
2017-02-10,31.33,31.23,31.47,31.2,564330.0,0.0006
2017-02-11,0,0,0,0,0,0
2017-02-12,0,0,0,0,0,0
2017-02-13,31.36,31.38,31.53,31.31,632510.0,0.001
2017-02-14,31.09,31.36,31.4,30.99,882920.0,-0.0086
2017-02-15,30.68,30.9,31.02,30.47,1160000.0,-0.0132
2017-02-16,30.57,30.52,30.68,30.25,1400000.0,-0.0036
2017-02-17,30.54,30.6,30.63,30.43,619360.0,-0.001
2017-02-18,0,0,0,0,0,0
2017-02-19,0,0,0,0,0,0
2017-02-20,0,0,0,0,0,0
2017-02-21,30.65,30.64,30.78,30.5,501270.0,0.0036
2017-02-22,30.63,30.6,30.69,30.47,512730.0,-0.0007000000000000001
2017-02-23,31.04,30.63,31.09,30.63,953870.0,0.0134
2017-02-24,30.99,30.99,31.04,30.82,410570.0,-0.0016
2017-02-25,0,0,0,0,0,0
2017-02-26,0,0,0,0,0,0
2017-02-27,31.09,31.04,31.19,30.9,934240.0,0.0032
2017-02-28,31.14,31.05,31.23,30.8,850490.0,0.0016
2017-03-01,30.96,31.14,31.15,30.82,848740.0,-0.0058
2017-03-02,30.75,30.9,31.12,30.71,946940.0,-0.0068000000000000005
2017-03-03,30.67,30.75,30.83,30.51,742800.0,-0.0026
2017-03-04,0,0,0,0,0,0
2017-03-05,0,0,0,0,0,0
2017-03-06,30.63,30.67,30.69,30.42,455020.0,-0.0013
2017-03-07,30.95,30.65,31.09,30.56,614270.0,0.0104
2017-03-08,30.61,30.95,30.95,30.57,571430.0,-0.011000000000000001
2017-03-09,30.1,30.6,30.72,30.0,1160000.0,-0.0167
2017-03-10,30.19,30.12,30.45,30.03,647280.0,0.003
2017-03-11,0,0,0,0,0,0
2017-03-12,0,0,0,0,0,0
2017-03-13,30.09,30.24,30.44,30.05,522659.99999999994,-0.0033
2017-03-14,29.99,30.14,30.14,29.76,593940.0,-0.0033
2017-03-15,30.49,30.08,30.55,30.08,689650.0,0.0167
2017-03-16,30.62,30.57,30.71,30.42,594820.0,0.0043
2017-03-17,30.8,30.66,30.83,30.57,603070.0,0.0059
2017-03-18,0,0,0,0,0,0
2017-03-19,0,0,0,0,0,0
2017-03-20,30.69,30.81,30.9,30.58,750780.0,-0.0036
2017-03-21,30.64,30.71,30.82,30.56,561810.0,-0.0016
2017-03-22,30.7,30.64,30.76,30.54,673330.0,0.002
2017-03-23,30.88,30.7,30.98,30.68,518850.0,0.0059
2017-03-24,30.82,30.86,31.36,30.78,858120.0,-0.0019
2017-03-25,0,0,0,0,0,0
2017-03-26,0,0,0,0,0,0
2017-03-27,30.98,30.75,31.05,30.65,654130.0,0.0052
2017-03-28,31.02,31.12,31.12,30.94,847820.0,0.0013
2017-03-29,30.86,30.42,30.96,30.41,847050.0,-0.0052
2017-03-30,30.95,30.86,30.97,30.78,756320.0,0.0029
2017-03-31,30.96,31.0,31.0,30.83,549220.0,0.0003
2017-04-01,0,0,0,0,0,0
2017-04-02,0,0,0,0,0,0
2017-04-03,30.92,30.94,30.96,30.76,447880.0,-0.0013
2017-04-04,30.9,30.88,30.99,30.79,582870.0,-0.0006
2017-04-05,30.85,31.0,31.04,30.7,493030.0,-0.0016
2017-04-06,30.83,30.87,30.9,30.67,702450.0,-0.0006
2017-04-07,30.94,30.87,31.04,30.67,466000.0,0.0036
2017-04-08,0,0,0,0,0,0
2017-04-09,0,0,0,0,0,0
2017-04-10,31.01,31.0,31.1,30.9,391190.0,0.0023
2017-04-11,31.18,31.01,31.32,30.93,1120000.0,0.0055000000000000005
2017-04-12,31.14,31.19,31.22,31.01,373660.0,-0.0013
2017-04-13,31.07,31.17,31.3,31.05,499200.0,-0.0022
2017-04-14,0,0,0,0,0,0
2017-04-15,0,0,0,0,0,0
2017-04-16,0,0,0,0,0,0
2017-04-17,31.26,31.19,31.3,31.08,460870.0,0.0060999999999999995
2017-04-18,31.36,31.3,31.38,31.13,524230.0,0.0032
2017-04-19,30.89,31.36,31.39,30.85,1140000.0,-0.015
2017-04-20,30.8,31.02,31.08,30.7,1160000.0,-0.0029
2017-04-21,30.76,30.89,30.98,30.67,747460.0,-0.0013
2017-04-22,0,0,0,0,0,0
2017-04-23,0,0,0,0,0,0
2017-04-24,30.63,30.73,30.9,30.49,1220000.0,-0.0042
2017-04-25,30.91,30.63,31.12,30.63,956400.0,0.0091
2017-04-26,31.19,30.84,31.47,30.62,1240000.0,0.0091
2017-04-27,30.89,31.27,31.28,30.84,1100000.0,-0.0096
2017-04-28,30.88,30.9,30.93,30.63,687930.0,-0.0003
2017-04-29,0,0,0,0,0,0
2017-04-30,0,0,0,0,0,0
2017-05-01,31.02,30.86,31.14,30.83,1260000.0,0.0045000000000000005
2017-05-02,30.67,31.02,31.07,30.64,1140000.0,-0.0113
2017-05-03,30.1,30.71,30.71,30.06,1160000.0,-0.018600000000000002
2017-05-04,30.24,30.06,30.25,29.81,1170000.0,0.004699999999999999
2017-05-05,30.5,30.24,30.53,30.14,683570.0,0.0086
2017-05-06,0,0,0,0,0,0
2017-05-07,0,0,0,0,0,0
2017-05-08,30.55,30.6,30.62,30.4,594320.0,0.0016
2017-05-09,30.31,30.55,30.62,30.22,678330.0,-0.0079
2017-05-10,30.3,30.3,30.52,30.23,428620.0,-0.0003
2017-05-11,30.46,30.35,30.51,30.21,452720.0,0.0053
2017-05-12,30.36,30.53,30.65,30.34,480000.0,-0.0033
2017-05-13,0,0,0,0,0,0
2017-05-14,0,0,0,0,0,0
2017-05-15,30.52,30.42,30.65,30.36,497550.0,0.0053
2017-05-16,30.45,30.48,30.54,30.36,389160.0,-0.0023
2017-05-17,30.31,30.4,30.57,30.26,580290.0,-0.0046
2017-05-18,30.39,30.31,30.52,30.28,346850.0,0.0026
2017-05-19,30.54,30.4,30.55,30.31,587840.0,0.0049
2017-05-20,0,0,0,0,0,0
2017-05-21,0,0,0,0,0,0
2017-05-22,30.89,30.55,30.98,30.55,564120.0,0.0115
2017-05-23,31.17,30.94,31.26,30.91,780600.0,0.0091
2017-05-24,31.3,31.18,31.31,31.17,418490.0,0.0042
2017-05-25,31.32,31.35,31.53,31.27,767300.0,0.0006
2017-05-26,31.33,31.32,31.37,31.14,394510.0,0.0003
2017-05-27,0,0,0,0,0,0
2017-05-28,0,0,0,0,0,0
2017-05-29,0,0,0,0,0,0
2017-05-30,31.18,31.3,31.36,31.15,387760.0,-0.0048
2017-05-31,31.05,31.26,31.33,30.75,672990.0,-0.0042
2017-06-01,31.2,31.03,31.29,30.94,605940.0,0.0048
2017-06-02,31.22,31.28,31.4,31.17,474740.0,0.0006
2017-06-03,0,0,0,0,0,0
2017-06-04,0,0,0,0,0,0
2017-06-05,31.17,31.15,31.4,31.03,516240.0,-0.0016
2017-06-06,30.95,31.16,31.16,30.88,512880.0,-0.0070999999999999995
2017-06-07,30.97,31.01,31.02,30.84,425030.0,0.0006
2017-06-08,31.07,30.99,31.11,30.84,402000.0,0.0032
2017-06-09,31.35,31.11,31.44,31.03,461450.0,0.009000000000000001
2017-06-10,0,0,0,0,0,0
2017-06-11,0,0,0,0,0,0
2017-06-12,31.56,31.37,31.63,31.37,712070.0,0.0067
2017-06-13,31.85,31.56,31.86,31.46,582920.0,0.0092
2017-06-14,31.89,31.86,31.97,31.71,671200.0,0.0013
2017-06-15,32.0,31.9,32.08,31.8,552390.0,0.0034000000000000002
2017-06-16,32.1,32.0,32.1,31.95,944260.0,0.0031
2017-06-17,0,0,0,0,0,0
2017-06-18,0,0,0,0,0,0
2017-06-19,32.31,32.2,32.43,32.11,657470.0,0.006500000000000001
2017-06-20,32.34,32.33,32.37,32.11,716690.0,0.0009
2017-06-21,32.3,32.37,32.46,32.13,761860.0,-0.0012
2017-06-22,32.35,32.35,32.42,32.21,511780.0,0.0015
2017-06-23,32.35,32.41,32.47,32.18,639200.0,0.0
2017-06-24,0,0,0,0,0,0
2017-06-25,0,0,0,0,0,0
2017-06-26,32.39,32.42,32.46,32.28,592910.0,0.0012
2017-06-27,32.1,32.42,32.42,32.0,865700.0,-0.009000000000000001
2017-06-28,31.8,31.48,31.91,31.38,1280000.0,-0.009300000000000001
2017-06-29,31.65,31.82,31.82,31.48,911800.0,-0.004699999999999999
2017-06-30,31.6,31.66,31.82,31.46,616210.0,-0.0016
2017-07-01,0,0,0,0,0,0
2017-07-02,0,0,0,0,0,0
2017-07-03,31.7,31.7,31.74,31.55,271320.0,0.0032
2017-07-04,0,0,0,0,0,0
2017-07-05,31.72,31.73,31.88,31.61,619600.0,0.0006
2017-07-06,31.22,31.64,31.7,31.1,1030000.0,-0.0158
2017-07-07,30.94,31.25,31.31,30.89,778500.0,-0.009000000000000001
2017-07-08,0,0,0,0,0,0
2017-07-09,0,0,0,0,0,0
2017-07-10,30.81,30.95,31.07,30.75,569270.0,-0.0042
2017-07-11,31.03,30.92,31.18,30.85,632900.0,0.0070999999999999995
2017-07-12,31.01,31.14,31.16,30.94,319670.0,-0.0006
2017-07-13,30.78,31.0,31.07,30.65,401320.0,-0.0074
2017-07-14,31.02,30.85,31.1,30.71,496950.0,0.0078000000000000005
2017-07-15,0,0,0,0,0,0
2017-07-16,0,0,0,0,0,0
2017-07-17,31.02,31.09,31.13,30.97,467530.0,0.0
2017-07-18,30.86,30.94,31.04,30.8,923060.0,-0.0052
2017-07-19,31.03,30.86,31.14,30.77,790530.0,0.0055000000000000005
2017-07-20,31.11,31.06,31.23,30.98,600050.0,0.0026
2017-07-21,31.38,31.31,31.48,31.2,937910.0,0.0087
2017-07-22,0,0,0,0,0,0
2017-07-23,0,0,0,0,0,0
2017-07-24,31.25,31.45,31.46,31.2,727140.0,-0.0040999999999999995
2017-07-25,30.97,31.27,31.42,30.94,994060.0,-0.009000000000000001
2017-07-26,30.77,30.94,31.15,30.6,986860.0,-0.006500000000000001
2017-07-27,30.65,30.74,30.82,30.46,941530.0,-0.0039000000000000003
2017-07-28,30.61,30.64,30.69,30.5,534290.0,-0.0013
2017-07-29,0,0,0,0,0,0
2017-07-30,0,0,0,0,0,0
2017-07-31,30.87,30.77,30.92,30.62,519409.99999999994,0.0085
2017-08-01,30.68,30.91,30.97,30.63,905980.0,-0.0062
2017-08-02,30.67,30.86,30.86,30.55,493680.0,-0.0003
2017-08-03,30.73,30.68,30.78,30.61,532410.0,0.002
2017-08-04,30.64,30.73,30.84,30.47,678260.0,-0.0029
2017-08-05,0,0,0,0,0,0
2017-08-06,0,0,0,0,0,0
2017-08-07,30.7,30.66,30.84,30.56,483050.0,0.002
2017-08-08,31.11,30.65,31.16,30.64,1330000.0,0.0134
2017-08-09,31.2,31.0,31.33,30.94,748130.0,0.0029
2017-08-10,31.17,31.16,31.24,30.96,832720.0,-0.001
2017-08-11,31.14,30.95,31.23,30.87,733260.0,-0.001
2017-08-12,0,0,0,0,0,0
2017-08-13,0,0,0,0,0,0
2017-08-14,31.26,31.29,31.39,31.2,516549.99999999994,0.0039000000000000003
2017-08-15,31.37,31.2,31.49,31.06,565140.0,0.0034999999999999996
2017-08-16,31.15,31.35,31.4,31.13,357100.0,-0.006999999999999999
2017-08-17,31.03,31.13,31.29,30.99,357080.0,-0.0039000000000000003
2017-08-18,31.1,31.02,31.17,30.91,374990.0,0.0023
2017-08-19,0,0,0,0,0,0
2017-08-20,0,0,0,0,0,0
2017-08-21,31.16,31.21,31.36,31.09,515159.99999999994,0.0019
2017-08-22,31.24,31.16,31.29,31.09,427500.0,0.0026
2017-08-23,31.26,31.2,31.4,31.11,389300.0,0.0006
2017-08-24,31.27,31.38,31.38,31.18,418410.0,0.0003
2017-08-25,31.22,31.28,31.47,31.19,408570.0,-0.0016
2017-08-26,0,0,0,0,0,0
2017-08-27,0,0,0,0,0,0
2017-08-28,31.22,31.22,31.27,31.08,422100.0,0.0
2017-08-29,31.02,31.3,31.33,30.98,629680.0,-0.0064
2017-08-30,31.05,31.01,31.17,30.96,607860.0,0.001
2017-08-31,31.35,31.13,31.43,31.06,717790.0,0.0097
2017-09-01,31.39,31.42,31.46,31.26,415810.0,0.0013
2017-09-02,0,0,0,0,0,0
2017-09-03,0,0,0,0,0,0
2017-09-04,0,0,0,0,0,0
2017-09-05,31.04,31.39,31.45,31.0,640050.0,-0.0111
2017-09-06,31.03,31.04,31.19,31.0,575460.0,-0.0003
2017-09-07,30.94,31.07,31.18,30.91,428480.0,-0.0029
2017-09-08,30.7,30.95,31.04,30.67,640720.0,-0.0078000000000000005
2017-09-09,0,0,0,0,0,0
2017-09-10,0,0,0,0,0,0
2017-09-11,31.04,30.79,31.07,30.71,591850.0,0.0111
2017-09-12,31.13,31.05,31.21,31.01,400710.0,0.0029
2017-09-13,31.09,31.28,31.28,31.0,324330.0,-0.0013
2017-09-14,31.03,31.0,31.08,30.89,499250.0,-0.0019
2017-09-15,31.16,31.03,31.29,30.93,1020000.0,0.0042
2017-09-16,0,0,0,0,0,0
2017-09-17,0,0,0,0,0,0
2017-09-18,31.21,31.2,31.27,31.08,391310.0,0.0016
2017-09-19,31.22,31.25,31.35,31.15,557690.0,0.0003
2017-09-20,31.21,31.29,31.33,31.05,527150.0,-0.0003
2017-09-21,31.16,31.22,31.26,31.01,607020.0,-0.0016
2017-09-22,31.4,31.38,31.45,31.15,622260.0,0.0077
2017-09-23,0,0,0,0,0,0
2017-09-24,0,0,0,0,0,0
2017-09-25,31.52,31.46,31.55,31.38,467270.0,0.0038
2017-09-26,31.44,31.59,31.63,31.42,716780.0,-0.0025
2017-09-27,31.53,31.5,31.59,31.32,784280.0,0.0029
2017-09-28,31.02,31.0,31.04,30.69,1090000.0,-0.016200000000000003
2017-09-29,31.02,31.0,31.12,30.8,696240.0,0.0
2017-09-30,0,0,0,0,0,0
2017-10-01,0,0,0,0,0,0
2017-10-02,31.17,31.02,31.22,30.96,484430.0,0.0048
2017-10-03,31.14,31.17,31.2,31.05,579910.0,-0.001
2017-10-04,31.24,31.14,31.25,31.06,454050.0,0.0032
2017-10-05,31.32,31.25,31.43,31.23,795140.0,0.0026
2017-10-06,31.24,31.33,31.34,31.07,461390.0,-0.0026
2017-10-07,0,0,0,0,0,0
2017-10-08,0,0,0,0,0,0
2017-10-09,31.31,31.25,31.38,31.25,261110.0,0.0022
2017-10-10,31.29,31.42,31.6,31.29,358110.0,-0.0006
2017-10-11,31.33,31.33,31.46,31.29,393120.0,0.0013
2017-10-12,31.37,31.4,31.41,31.28,720500.0,0.0013
2017-10-13,31.46,31.5,31.55,31.33,479640.0,0.0029
2017-10-14,0,0,0,0,0,0
2017-10-15,0,0,0,0,0,0
2017-10-16,31.6,31.48,31.66,31.45,783500.0,0.0045000000000000005
2017-10-17,31.57,31.73,31.73,31.51,288510.0,-0.0009
2017-10-18,31.6,31.68,31.68,31.51,321560.0,0.001
2017-10-19,31.58,31.5,31.59,31.38,496350.0,-0.0006
2017-10-20,31.83,31.59,31.84,31.56,1010000.0,0.0079
2017-10-21,0,0,0,0,0,0
2017-10-22,0,0,0,0,0,0
2017-10-23,31.73,31.8,31.87,31.59,741440.0,-0.0031
2017-10-24,31.62,31.81,31.95,31.6,621800.0,-0.0034999999999999996
2017-10-25,32.09,32.14,32.23,31.82,1260000.0,0.0149
2017-10-26,31.66,32.12,32.12,31.61,731650.0,-0.0134
2017-10-27,31.98,31.85,32.08,31.52,591630.0,0.0101
2017-10-28,0,0,0,0,0,0
2017-10-29,0,0,0,0,0,0
2017-10-30,31.99,32.01,32.14,31.96,342690.0,0.0003
2017-10-31,31.83,31.98,32.0,31.79,644060.0,-0.005
2017-11-01,31.94,31.92,32.0,31.75,644360.0,0.0034999999999999996
2017-11-02,31.93,31.95,31.96,31.59,655030.0,-0.0003
2017-11-03,32.07,31.81,32.21,31.75,516059.99999999994,0.0044
2017-11-04,0,0,0,0,0,0
2017-11-05,0,0,0,0,0,0
2017-11-06,31.88,32.01,32.11,31.83,444250.0,-0.0059
2017-11-07,31.89,31.88,32.1,31.81,550480.0,0.0003
2017-11-08,31.89,31.96,32.01,31.8,591580.0,0.0
2017-11-09,31.94,31.88,32.0,31.78,318510.0,0.0016
2017-11-10,31.81,31.94,32.07,31.77,386750.0,-0.0040999999999999995
2017-11-11,0,0,0,0,0,0
2017-11-12,0,0,0,0,0,0
2017-11-13,32.07,31.8,32.1,31.74,562500.0,0.008199999999999999
2017-11-14,32.05,32.05,32.15,31.89,469080.0,-0.0006
2017-11-15,31.95,31.97,32.07,31.89,382680.0,-0.0031
2017-11-16,32.23,31.98,32.29,31.95,486170.0,0.0088
2017-11-17,32.24,32.12,32.34,32.1,383520.0,0.0003
2017-11-18,0,0,0,0,0,0
2017-11-19,0,0,0,0,0,0
2017-11-20,32.41,32.15,32.49,32.11,691580.0,0.0053
2017-11-21,32.81,32.41,32.81,32.32,658710.0,0.0123
2017-11-22,32.88,32.77,32.89,32.53,617830.0,0.0021
2017-11-23,0,0,0,0,0,0
2017-11-24,32.71,32.82,32.95,32.7,288650.0,-0.0052
2017-11-25,0,0,0,0,0,0
2017-11-26,0,0,0,0,0,0
2017-11-27,32.65,32.75,32.81,32.55,453210.0,-0.0018
2017-11-28,32.74,32.67,32.8,32.56,332280.0,0.0028000000000000004
2017-11-29,32.86,32.74,32.88,32.71,368270.0,0.0037
2017-11-30,32.72,32.9,32.96,32.61,668430.0,-0.0043
2017-12-01,32.01,31.74,32.28,31.7,6860000.0,-0.0217
2017-12-02,0,0,0,0,0,0
2017-12-03,0,0,0,0,0,0
2017-12-04,32.22,32.13,32.37,32.05,2080000.0,0.0066
2017-12-05,32.21,32.27,32.35,32.02,1570000.0,-0.0003
2017-12-06,32.34,32.2,32.52,32.2,1800000.0,0.004
2017-12-07,32.59,32.35,32.64,32.27,1560000.0,0.0077
2017-12-08,32.54,32.25,32.54,32.2,1350000.0,-0.0015
2017-12-09,0,0,0,0,0,0
2017-12-10,0,0,0,0,0,0
2017-12-11,32.5,32.51,32.62,32.43,752020.0,-0.0012
2017-12-12,32.46,32.54,32.58,32.4,471910.0,-0.0012
2017-12-13,32.56,32.49,32.65,32.46,787370.0,0.0031
2017-12-14,32.58,32.69,32.69,32.38,807150.0,0.0006
2017-12-15,32.77,32.65,32.95,32.64,1200000.0,0.0058
2017-12-16,0,0,0,0,0,0
2017-12-17,0,0,0,0,0,0
2017-12-18,32.77,32.86,33.08,32.75,766410.0,0.0
2017-12-19,32.25,32.8,32.93,32.23,863700.0,-0.0159
2017-12-20,32.41,32.29,32.54,32.29,636370.0,0.005
2017-12-21,32.51,32.5,32.68,32.48,676550.0,0.0031
2017-12-22,32.68,32.51,32.79,32.48,1350000.0,0.0052
2017-12-23,0,0,0,0,0,0
2017-12-24,0,0,0,0,0,0
2017-12-25,0,0,0,0,0,0
2017-12-26,32.8,32.75,32.87,32.65,483010.0,0.0037
2017-12-27,32.87,32.82,32.95,32.72,594560.0,0.0021
2017-12-28,32.41,32.26,32.42,32.24,581410.0,-0.013999999999999999
2017-12-29,32.18,32.44,32.49,32.17,498890.0,-0.0070999999999999995
2017-12-30,0,0,0,0,0,0
2017-12-31,0,0,0,0,0,0
2018-01-01,0,0,0,0,0,0
2018-01-02,31.83,32.26,32.29,31.67,928870.0,-0.0109
2018-01-03,31.65,31.9,31.99,31.44,864930.0,-0.005699999999999999
2018-01-04,31.64,31.56,31.81,31.53,1160000.0,-0.0003
2018-01-05,31.64,31.66,31.75,31.49,1000000.0,0.0
2018-01-06,0,0,0,0,0,0
2018-01-07,0,0,0,0,0,0
2018-01-08,31.88,31.6,31.99,31.59,924220.0,0.0076
2018-01-09,31.52,31.95,31.95,31.47,1090000.0,-0.0113
2018-01-10,31.5,31.45,31.59,31.25,710200.0,-0.0006
2018-01-11,31.7,31.47,31.76,31.47,640590.0,0.0063
2018-01-12,31.62,31.7,31.8,31.52,967710.0,-0.0025
2018-01-13,0,0,0,0,0,0
2018-01-14,0,0,0,0,0,0
2018-01-15,0,0,0,0,0,0
2018-01-16,31.51,31.75,31.78,31.49,754940.0,-0.0034999999999999996
2018-01-17,31.56,31.55,31.74,31.49,906050.0,0.0016
2018-01-18,31.41,31.55,31.55,31.32,1110000.0,-0.0048
2018-01-19,31.52,31.55,31.59,31.36,737730.0,0.0034999999999999996
2018-01-20,0,0,0,0,0,0
2018-01-21,0,0,0,0,0,0
2018-01-22,31.53,31.54,31.7,31.52,497460.0,0.0003
2018-01-23,31.75,31.53,31.83,31.52,473860.0,0.006999999999999999
2018-01-24,31.64,31.75,31.76,31.62,632050.0,-0.0034999999999999996
2018-01-25,31.91,31.73,31.91,31.53,1710000.0,0.0085
2018-01-26,31.75,31.97,32.0,31.65,595620.0,-0.005
2018-01-27,0,0,0,0,0,0
2018-01-28,0,0,0,0,0,0
2018-01-29,31.58,31.7,31.75,31.48,959660.0,-0.0054
2018-01-30,31.46,31.56,31.65,31.46,566430.0,-0.0038
2018-01-31,31.0,31.5,31.65,30.88,1270000.0,-0.0146
2018-02-01,30.99,31.22,31.22,30.89,699000.0,-0.0003
2018-02-02,30.7,30.98,31.02,30.55,1110000.0,-0.009399999999999999
2018-02-03,0,0,0,0,0,0
2018-02-04,0,0,0,0,0,0
2018-02-05,30.08,30.7,30.75,29.82,1810000.0,-0.0202
2018-02-06,30.23,29.61,30.49,29.51,1470000.0,0.005
2018-02-07,29.95,30.13,30.6,29.94,1820000.0,-0.009300000000000001
2018-02-08,29.8,29.98,30.03,29.74,1050000.0,-0.005
2018-02-09,29.84,29.85,29.98,29.56,1140000.0,0.0013
2018-02-10,0,0,0,0,0,0
2018-02-11,0,0,0,0,0,0
2018-02-12,30.09,29.79,30.1,29.59,1140000.0,0.0084
2018-02-13,30.15,30.12,30.29,29.91,941200.0,0.002
2018-02-14,30.97,30.2,31.2,30.2,1440000.0,0.027200000000000002
2018-02-15,31.14,31.01,31.14,30.79,856150.0,0.0055000000000000005
2018-02-16,31.42,31.13,31.45,31.02,683440.0,0.009000000000000001
2018-02-17,0,0,0,0,0,0
2018-02-18,0,0,0,0,0,0
2018-02-19,0,0,0,0,0,0
2018-02-20,31.21,31.42,31.49,31.16,949860.0,-0.0067
2018-02-21,31.08,31.26,31.49,31.08,771480.0,-0.0042
2018-02-22,31.0,31.21,31.28,30.99,462330.0,-0.0026
2018-02-23,31.27,31.04,31.35,31.04,599650.0,0.0087
2018-02-24,0,0,0,0,0,0
2018-02-25,0,0,0,0,0,0
2018-02-26,31.39,31.39,31.53,31.27,451590.0,0.0038
2018-02-27,31.24,31.45,31.64,31.23,742630.0,-0.0048
2018-02-28,31.05,31.23,31.37,31.05,707230.0,-0.0060999999999999995
2018-03-01,31.01,31.16,31.39,30.83,652040.0,-0.0013
2018-03-02,31.24,31.0,31.27,30.82,1090000.0,0.0074
2018-03-03,0,0,0,0,0,0
2018-03-04,0,0,0,0,0,0
2018-03-05,31.67,31.22,31.84,31.22,1020000.0,0.0138
2018-03-06,31.81,31.69,31.89,31.54,700140.0,0.0044
2018-03-07,31.58,31.81,31.89,31.53,901380.0,-0.0072
2018-03-08,31.76,31.62,31.89,31.53,825540.0,0.005699999999999999
2018-03-09,31.85,31.86,31.87,31.63,845630.0,0.0028000000000000004
2018-03-10,0,0,0,0,0,0
2018-03-11,0,0,0,0,0,0
2018-03-12,32.08,31.87,32.21,31.85,804730.0,0.0072
2018-03-13,31.92,32.16,32.24,31.91,560670.0,-0.005
2018-03-14,32.0,31.92,32.12,31.85,757480.0,0.0025
2018-03-15,31.7,32.15,32.15,31.59,933390.0,-0.009399999999999999
2018-03-16,31.81,31.76,31.94,31.59,920270.0,0.0034999999999999996
2018-03-17,0,0,0,0,0,0
2018-03-18,0,0,0,0,0,0
2018-03-19,31.89,31.85,31.92,31.61,797410.0,0.0025
2018-03-20,31.84,31.91,31.98,31.84,839110.0,-0.0016
2018-03-21,31.67,31.84,31.96,31.64,684470.0,-0.0053
2018-03-22,31.5,31.62,31.99,31.5,1150000.0,-0.0054
2018-03-23,31.18,31.51,31.68,31.18,1970000.0,-0.0102
2018-03-24,0,0,0,0,0,0
2018-03-25,0,0,0,0,0,0
2018-03-26,31.65,31.42,31.69,31.19,820740.0,0.0151
2018-03-27,31.73,31.71,31.9,31.48,1060000.0,0.0025
2018-03-28,31.18,31.05,31.22,30.9,938350.0,-0.0173
2018-03-29,31.42,31.25,31.49,31.22,1080000.0,0.0077
2018-03-30,0,0,0,0,0,0
2018-03-31,0,0,0,0,0,0
2018-04-01,0,0,0,0,0,0
2018-04-02,31.09,31.4,31.49,30.88,1100000.0,-0.0105
2018-04-03,31.32,31.24,31.43,31.15,544270.0,0.0074
2018-04-04,31.43,31.18,31.5,31.11,616610.0,0.0034999999999999996
2018-04-05,31.53,31.44,31.63,31.34,712590.0,0.0032
2018-04-06,31.46,31.5,31.67,31.4,676490.0,-0.0022
2018-04-07,0,0,0,0,0,0
2018-04-08,0,0,0,0,0,0
2018-04-09,31.33,31.53,31.61,31.32,821610.0,-0.0040999999999999995
2018-04-10,31.36,31.47,31.61,31.35,571870.0,0.001
2018-04-11,31.39,31.43,31.46,31.26,505240.0,0.001
2018-04-12,31.17,31.5,31.5,31.17,680810.0,-0.006999999999999999
2018-04-13,31.0,31.19,31.35,30.95,782960.0,-0.0055000000000000005
2018-04-14,0,0,0,0,0,0
2018-04-15,0,0,0,0,0,0
2018-04-16,31.17,31.09,31.28,31.04,612860.0,0.0055000000000000005
2018-04-17,31.2,31.15,31.34,31.07,1720000.0,0.001
2018-04-18,31.0,31.37,31.44,31.0,617400.0,-0.0064
2018-04-19,30.8,31.01,31.15,30.71,726140.0,-0.006500000000000001
2018-04-20,30.65,30.79,30.88,30.62,544320.0,-0.0049
2018-04-21,0,0,0,0,0,0
2018-04-22,0,0,0,0,0,0
2018-04-23,30.64,30.68,30.76,30.55,735140.0,-0.0003
2018-04-24,30.56,30.7,30.74,30.49,768120.0,-0.0026
2018-04-25,30.48,30.63,30.8,30.14,971270.0,-0.0026
2018-04-26,30.64,30.51,30.73,30.37,566090.0,0.0052
2018-04-27,30.82,30.69,30.92,30.58,563900.0,0.0059
2018-04-28,0,0,0,0,0,0
2018-04-29,0,0,0,0,0,0
2018-04-30,30.85,30.9,31.05,30.76,810850.0,0.001
2018-05-01,30.87,30.85,30.9,30.68,505510.0,0.0006
2018-05-02,30.79,30.85,30.97,30.62,641650.0,-0.0026
2018-05-03,31.04,30.79,31.16,30.68,738210.0,0.008100000000000001
2018-05-04,31.35,31.0,31.4,30.94,576660.0,0.01
2018-05-05,0,0,0,0,0,0
2018-05-06,0,0,0,0,0,0
2018-05-07,31.39,31.37,31.41,31.22,636730.0,0.0013
2018-05-08,31.19,31.29,31.4,31.1,665540.0,-0.0064
2018-05-09,31.35,31.2,31.38,31.01,408930.0,0.0051
2018-05-10,31.57,31.38,31.63,31.36,493470.0,0.006999999999999999
2018-05-11,31.53,31.57,31.65,31.5,379420.0,-0.0013
2018-05-12,0,0,0,0,0,0
2018-05-13,0,0,0,0,0,0
2018-05-14,31.35,31.36,31.54,31.21,554370.0,-0.005699999999999999
2018-05-15,31.29,31.3,31.42,31.19,529580.0,-0.0019
2018-05-16,31.32,31.29,31.41,31.21,457030.0,0.001
2018-05-17,31.31,31.35,31.42,31.18,723170.0,-0.0003
2018-05-18,31.55,31.35,31.56,31.3,456740.0,0.0077
2018-05-19,0,0,0,0,0,0
2018-05-20,0,0,0,0,0,0
2018-05-21,31.7,31.58,31.72,31.48,588620.0,0.0048
2018-05-22,31.61,31.71,31.71,31.54,578350.0,-0.0028000000000000004
2018-05-23,31.62,31.61,31.68,31.56,460770.0,0.0003
2018-05-24,31.57,31.62,31.64,31.54,370060.0,-0.0016
2018-05-25,31.59,31.49,31.63,31.48,484540.0,0.0006
2018-05-26,0,0,0,0,0,0
2018-05-27,0,0,0,0,0,0
2018-05-28,0,0,0,0,0,0
2018-05-29,31.65,31.54,31.7,31.53,736210.0,0.0019
2018-05-30,31.87,31.69,31.91,31.62,955530.0,0.006999999999999999
2018-05-31,31.59,31.9,31.9,31.58,921950.0,-0.0088
2018-06-01,31.65,31.8,31.8,31.58,630070.0,0.0019
2018-06-02,0,0,0,0,0,0
2018-06-03,0,0,0,0,0,0
2018-06-04,31.62,31.69,31.73,31.59,788630.0,-0.0009
2018-06-05,31.64,31.7,31.72,31.56,886650.0,0.0006
2018-06-06,31.73,31.7,31.73,31.59,708110.0,0.0028000000000000004
2018-06-07,31.7,31.78,31.88,31.69,809580.0,-0.0009
2018-06-08,31.7,31.7,31.78,31.62,512140.0,0.0
2018-06-09,0,0,0,0,0,0
2018-06-10,0,0,0,0,0,0
2018-06-11,31.73,31.74,31.78,31.69,488160.0,0.0009
2018-06-12,31.65,31.66,31.77,31.62,756490.0,-0.0025
2018-06-13,31.96,32.09,32.18,31.85,1590000.0,0.0098
2018-06-14,32.33,32.0,32.36,31.95,1010000.0,0.0116
2018-06-15,32.34,32.14,32.72,32.05,1950000.0,0.0003
2018-06-16,0,0,0,0,0,0
2018-06-17,0,0,0,0,0,0
2018-06-18,32.64,32.29,32.85,32.29,1400000.0,0.009300000000000001
2018-06-19,32.73,32.6,32.78,32.59,1300000.0,0.0028000000000000004
2018-06-20,32.77,32.7,32.88,32.64,1080000.0,0.0012
2018-06-21,32.72,32.76,32.87,32.59,1070000.0,-0.0015
2018-06-22,32.69,32.79,32.84,32.37,12930000.0,-0.0009
2018-06-23,0,0,0,0,0,0
2018-06-24,0,0,0,0,0,0
2018-06-25,32.15,32.65,32.75,32.11,1830000.0,-0.0165
2018-06-26,31.91,32.2,32.2,31.9,1740000.0,-0.0075
2018-06-27,31.79,31.91,31.95,31.76,1120000.0,-0.0038
2018-06-28,31.64,31.26,31.67,31.22,1390000.0,-0.004699999999999999
2018-06-29,31.43,31.64,31.67,31.38,927480.0,-0.0066
2018-06-30,0,0,0,0,0,0
2018-07-01,0,0,0,0,0,0
2018-07-02,31.54,31.35,31.55,31.19,1020000.0,0.0034999999999999996
2018-07-03,31.93,31.59,31.96,31.57,704990.0,0.0124
2018-07-04,0,0,0,0,0,0
2018-07-05,32.23,31.96,32.23,31.86,1130000.0,0.009399999999999999
2018-07-06,32.46,32.19,32.53,32.19,951250.0,0.0070999999999999995
2018-07-07,0,0,0,0,0,0
2018-07-08,0,0,0,0,0,0
2018-07-09,32.45,32.56,32.6,32.36,863200.0,-0.0003
2018-07-10,32.46,32.46,32.62,32.35,976520.0,0.0003
2018-07-11,32.51,32.45,32.56,32.38,834430.0,0.0015
2018-07-12,32.57,32.64,32.73,32.51,798660.0,0.0018
2018-07-13,32.45,32.7,32.7,32.4,614460.0,-0.0037
2018-07-14,0,0,0,0,0,0
2018-07-15,0,0,0,0,0,0
2018-07-16,32.5,32.45,32.59,32.28,702660.0,0.0015
2018-07-17,32.6,32.6,32.78,32.54,865260.0,0.0031
2018-07-18,32.54,32.56,32.64,32.48,824340.0,-0.0018
2018-07-19,32.71,32.55,32.76,32.52,717050.0,0.0052
2018-07-20,32.76,32.76,32.86,32.72,1250000.0,0.0015
2018-07-21,0,0,0,0,0,0
2018-07-22,0,0,0,0,0,0
2018-07-23,32.64,32.75,32.88,32.59,889960.0,-0.0037
2018-07-24,32.71,32.64,32.76,32.53,752720.0,0.0021
2018-07-25,32.95,32.9,33.38,32.76,2120000.0,0.0073
2018-07-26,32.85,32.9,33.01,32.8,2160000.0,-0.003
2018-07-27,32.85,32.82,32.95,32.65,830130.0,0.0
2018-07-28,0,0,0,0,0,0
2018-07-29,0,0,0,0,0,0
2018-07-30,32.96,32.9,33.08,32.85,1060000.0,0.0033
2018-07-31,33.14,33.02,33.28,32.82,1330000.0,0.0055000000000000005
2018-08-01,32.93,32.62,32.94,32.58,4720000.0,-0.0063
2018-08-02,33.3,32.93,33.4,32.93,1390000.0,0.011200000000000002
2018-08-03,33.24,33.37,33.51,33.21,967640.0,-0.0018
2018-08-04,0,0,0,0,0,0
2018-08-05,0,0,0,0,0,0
2018-08-06,33.12,33.25,33.29,33.05,894620.0,-0.0036
2018-08-07,33.1,33.18,33.26,33.05,870550.0,-0.0006
2018-08-08,32.94,33.1,33.14,32.89,1250000.0,-0.0048
2018-08-09,33.25,32.97,33.28,32.97,928690.0,0.009399999999999999
2018-08-10,33.09,33.19,33.25,33.09,943960.0,-0.0048
2018-08-11,0,0,0,0,0,0
2018-08-12,0,0,0,0,0,0
2018-08-13,32.95,33.0,33.06,32.82,918540.0,-0.0042
2018-08-14,33.09,33.0,33.1,32.82,1460000.0,0.0042
2018-08-15,33.34,33.14,33.42,33.14,1290000.0,0.0076
2018-08-16,33.59,33.39,33.63,33.34,924760.0,0.0075
2018-08-17,33.8,33.63,33.81,33.55,759650.0,0.0063
2018-08-18,0,0,0,0,0,0
2018-08-19,0,0,0,0,0,0
2018-08-20,33.81,33.83,33.93,33.7,544790.0,0.0003
2018-08-21,33.97,33.9,34.18,33.85,987900.0,0.004699999999999999
2018-08-22,33.81,33.95,33.99,33.72,715120.0,-0.004699999999999999
2018-08-23,34.0,33.83,34.03,33.76,503310.0,0.005600000000000001
2018-08-24,33.9,34.0,34.05,33.83,541780.0,-0.0029
2018-08-25,0,0,0,0,0,0
2018-08-26,0,0,0,0,0,0
2018-08-27,34.07,34.0,34.16,33.96,641670.0,0.005
2018-08-28,33.97,34.12,34.13,33.91,585720.0,-0.0029
2018-08-29,34.11,34.12,34.18,33.99,631060.0,0.0040999999999999995
2018-08-30,34.09,34.09,34.18,33.99,849600.0,-0.0006
2018-08-31,34.06,34.09,34.19,33.97,546980.0,-0.0009
2018-09-01,0,0,0,0,0,0
2018-09-02,0,0,0,0,0,0
2018-09-03,0,0,0,0,0,0
2018-09-04,34.03,34.07,34.23,34.01,553830.0,-0.0009
2018-09-05,34.22,34.01,34.23,33.97,730670.0,0.005600000000000001
2018-09-06,34.39,34.21,34.58,34.21,805150.0,0.005
2018-09-07,34.29,34.39,34.45,34.23,576460.0,-0.0029
2018-09-08,0,0,0,0,0,0
2018-09-09,0,0,0,0,0,0
2018-09-10,34.38,34.38,34.51,34.33,588260.0,0.0026
2018-09-11,34.39,34.34,34.47,34.32,534590.0,0.0003
2018-09-12,34.28,34.35,34.38,34.05,648990.0,-0.0032
2018-09-13,34.39,34.31,34.43,34.25,656820.0,0.0032
2018-09-14,34.32,34.38,34.38,34.21,918860.0,-0.002
2018-09-15,0,0,0,0,0,0
2018-09-16,0,0,0,0,0,0
2018-09-17,34.27,34.32,34.35,34.16,713680.0,-0.0015
2018-09-18,34.19,34.31,34.31,33.99,1140000.0,-0.0023
2018-09-19,34.09,34.17,34.23,34.05,991040.0,-0.0029
2018-09-20,34.23,34.12,34.23,33.81,1160000.0,0.0040999999999999995
2018-09-21,34.37,34.25,34.39,34.12,2270000.0,0.0040999999999999995
2018-09-22,0,0,0,0,0,0
2018-09-23,0,0,0,0,0,0
2018-09-24,34.12,34.37,34.41,33.93,1070000.0,-0.0073
2018-09-25,34.08,34.15,34.22,34.03,945470.0,-0.0012
2018-09-26,33.87,34.14,34.15,33.86,843870.0,-0.0062
2018-09-27,33.38,33.36,33.59,33.29,1180000.0,-0.014499999999999999
2018-09-28,33.51,33.38,33.55,33.33,676920.0,0.0039000000000000003
2018-09-29,0,0,0,0,0,0
2018-09-30,0,0,0,0,0,0
2018-10-01,33.32,33.51,33.53,33.31,573270.0,-0.005699999999999999
2018-10-02,33.26,33.33,33.48,33.25,468830.0,-0.0018
2018-10-03,33.31,33.26,33.49,33.14,604360.0,0.0015
2018-10-04,33.12,33.29,33.3,33.02,818360.0,-0.005699999999999999
2018-10-05,32.86,33.18,33.23,32.85,760420.0,-0.0079
2018-10-06,0,0,0,0,0,0
2018-10-07,0,0,0,0,0,0
2018-10-08,33.19,32.8,33.21,32.78,818950.0,0.01
2018-10-09,33.19,33.04,33.3,33.04,570410.0,0.0
2018-10-10,32.8,33.24,33.38,32.79,883460.0,-0.0118
2018-10-11,32.26,32.86,32.99,32.13,1270000.0,-0.0165
2018-10-12,32.31,32.5,32.56,32.07,1030000.0,0.0016
2018-10-13,0,0,0,0,0,0
2018-10-14,0,0,0,0,0,0
2018-10-15,32.6,32.31,32.76,32.28,841350.0,0.009000000000000001
2018-10-16,33.29,32.74,33.35,32.55,830500.0,0.0212
2018-10-17,33.11,33.21,33.33,32.91,952570.0,-0.0054
2018-10-18,33.04,33.1,33.34,32.87,675320.0,-0.0021
2018-10-19,32.84,33.01,33.12,32.83,959810.0,-0.0060999999999999995
2018-10-20,0,0,0,0,0,0
2018-10-21,0,0,0,0,0,0
2018-10-22,32.9,32.9,33.16,32.89,931030.0,0.0018
2018-10-23,32.45,32.8,32.94,32.13,1310000.0,-0.0137
2018-10-24,33.63,32.51,33.87,32.48,2490000.0,0.0364
2018-10-25,33.7,33.87,34.03,33.52,2390000.0,0.0021
2018-10-26,33.05,33.56,33.67,32.81,1450000.0,-0.019299999999999998
2018-10-27,0,0,0,0,0,0
2018-10-28,0,0,0,0,0,0
2018-10-29,33.09,33.18,33.65,32.87,1450000.0,0.0012
2018-10-30,33.66,33.15,33.72,33.15,1490000.0,0.0172
2018-10-31,33.74,33.84,34.19,33.73,2100000.0,0.0024
2018-11-01,33.82,33.8,33.91,33.72,2260000.0,0.0024
2018-11-02,34.17,33.89,34.21,33.86,1550000.0,0.0103
2018-11-03,0,0,0,0,0,0
2018-11-04,0,0,0,0,0,0
2018-11-05,34.54,34.18,34.64,34.18,1770000.0,0.0108
2018-11-06,34.74,34.47,34.75,34.44,1320000.0,0.0058
2018-11-07,34.91,34.8,35.03,34.66,1520000.0,0.0049
2018-11-08,34.92,34.94,35.2,34.77,1330000.0,0.0003
2018-11-09,35.12,34.94,35.28,34.91,1280000.0,0.005699999999999999
2018-11-10,0,0,0,0,0,0
2018-11-11,0,0,0,0,0,0
2018-11-12,35.1,35.17,35.42,35.08,1300000.0,-0.0006
2018-11-13,35.06,35.08,35.32,34.94,1700000.0,-0.0011
2018-11-14,34.9,35.15,35.28,34.71,1460000.0,-0.0046
2018-11-15,34.7,34.67,34.87,34.53,1600000.0,-0.005699999999999999
2018-11-16,34.97,34.64,35.04,34.64,1260000.0,0.0078000000000000005
2018-11-17,0,0,0,0,0,0
2018-11-18,0,0,0,0,0,0
2018-11-19,34.94,35.0,35.17,34.84,1120000.0,-0.0009
2018-11-20,34.74,34.82,35.01,34.67,1180000.0,-0.005699999999999999
2018-11-21,34.87,34.68,35.01,34.67,856330.0,0.0037
2018-11-22,0,0,0,0,0,0
2018-11-23,35.08,34.82,35.15,34.8,725980.0,0.006
2018-11-24,0,0,0,0,0,0
2018-11-25,0,0,0,0,0,0
2018-11-26,35.24,35.26,35.41,35.17,1510000.0,0.0046
2018-11-27,35.25,35.22,35.34,35.05,949380.0,0.0003
2018-11-28,35.44,35.31,35.7,35.26,1990000.0,0.0054
2018-11-29,35.16,35.3,35.49,35.16,1060000.0,-0.0079
2018-11-30,35.1,35.07,35.2,34.82,1290000.0,-0.0017000000000000001
2018-12-01,0,0,0,0,0,0
2018-12-02,0,0,0,0,0,0
2018-12-03,35.29,35.1,35.31,34.99,1370000.0,0.0054
2018-12-04,34.97,35.3,35.56,34.94,1760000.0,-0.0091
2018-12-05,0,0,0,0,0,0
2018-12-06,35.27,34.75,35.27,34.68,1660000.0,0.0086
2018-12-07,35.01,35.27,35.27,34.81,1550000.0,-0.0074
2018-12-08,0,0,0,0,0,0
2018-12-09,0,0,0,0,0,0
2018-12-10,34.93,35.01,35.08,34.46,1120000.0,-0.0023
2018-12-11,34.9,35.08,35.22,34.88,688920.0,-0.0009
2018-12-12,34.85,34.96,35.14,34.82,790870.0,-0.0014000000000000002
2018-12-13,34.67,34.86,34.98,34.56,833960.0,-0.0052
2018-12-14,34.86,34.54,35.02,34.53,895970.0,0.0055000000000000005
2018-12-15,0,0,0,0,0,0
2018-12-16,0,0,0,0,0,0
2018-12-17,33.43,34.57,34.81,33.39,1860000.0,-0.040999999999999995
2018-12-18,33.83,33.61,34.09,33.58,1620000.0,0.012
2018-12-19,33.36,33.98,34.14,33.3,1580000.0,-0.0139
2018-12-20,31.86,33.3,33.42,31.66,2800000.0,-0.045
2018-12-21,32.03,31.99,32.81,31.96,2360000.0,0.0053
2018-12-22,0,0,0,0,0,0
2018-12-23,0,0,0,0,0,0
2018-12-24,31.28,31.79,31.88,30.84,1300000.0,-0.023399999999999997
2018-12-25,0,0,0,0,0,0
2018-12-26,32.66,31.39,32.69,31.31,1300000.0,0.0441
2018-12-27,32.53,32.32,32.53,31.68,1440000.0,-0.004
2018-12-28,32.03,32.08,32.29,31.82,902330.0,-0.0154
2018-12-29,0,0,0,0,0,0
2018-12-30,0,0,0,0,0,0
2018-12-31,31.86,32.03,32.1,31.44,1220000.0,-0.0053
2019-01-01,0,0,0,0,0,0
2019-01-02,31.54,31.57,31.65,31.25,1290000.0,-0.01
2019-01-03,31.54,31.47,31.81,31.34,1040000.0,0.0
2019-01-04,32.12,31.68,32.25,31.5,1000000.0,0.0184
2019-01-05,0,0,0,0,0,0
2019-01-06,0,0,0,0,0,0
2019-01-07,32.43,32.19,32.85,32.15,1110000.0,0.0097
2019-01-08,32.73,32.39,32.85,32.39,1050000.0,0.009300000000000001
2019-01-09,32.64,32.84,32.98,32.55,1010000.0,-0.0027
2019-01-10,32.78,32.56,32.83,32.43,522490.0,0.0043
2019-01-11,32.98,32.83,33.07,32.79,745070.0,0.0060999999999999995
2019-01-12,0,0,0,0,0,0
2019-01-13,0,0,0,0,0,0
2019-01-14,32.95,32.95,33.14,32.86,641830.0,-0.0009
2019-01-15,33.15,32.95,33.17,32.92,677910.0,0.0060999999999999995
2019-01-16,33.18,33.26,33.37,33.04,794420.0,0.0009
2019-01-17,33.26,33.13,33.29,33.04,555370.0,0.0024
2019-01-18,33.33,33.36,33.52,33.21,557980.0,0.0021
2019-01-19,0,0,0,0,0,0
2019-01-20,0,0,0,0,0,0
2019-01-21,0,0,0,0,0,0
2019-01-22,33.15,33.28,33.35,32.92,753030.0,-0.0054
2019-01-23,33.3,33.18,33.3,33.08,535830.0,0.0045000000000000005
2019-01-24,33.38,33.3,33.44,33.12,492460.0,0.0024
2019-01-25,33.51,33.47,33.57,33.29,420370.0,0.0039000000000000003
2019-01-26,0,0,0,0,0,0
2019-01-27,0,0,0,0,0,0
2019-01-28,33.69,33.44,33.77,33.4,801560.0,0.0054
2019-01-29,33.89,33.7,33.94,33.67,509260.0,0.0059
2019-01-30,34.13,34.12,34.27,33.93,732280.0,0.0070999999999999995
2019-01-31,34.49,34.12,34.5,33.93,872770.0,0.0105
2019-02-01,34.32,34.5,34.58,34.08,759130.0,-0.0049
2019-02-02,0,0,0,0,0,0
2019-02-03,0,0,0,0,0,0
2019-02-04,34.63,34.32,34.64,34.21,586270.0,0.009000000000000001
2019-02-05,34.6,34.64,34.69,34.42,523650.0,-0.0009
2019-02-06,34.62,34.56,34.65,34.42,852830.0,0.0006
2019-02-07,34.49,34.4,34.63,34.4,656770.0,-0.0038
2019-02-08,34.59,34.46,34.6,34.37,531180.0,0.0029
2019-02-09,0,0,0,0,0,0
2019-02-10,0,0,0,0,0,0
2019-02-11,34.57,34.65,34.66,34.46,561190.0,-0.0006
2019-02-12,34.59,34.58,34.65,34.48,1090000.0,0.0006
2019-02-13,34.19,34.01,34.24,33.68,2270000.0,-0.0116
2019-02-14,33.5,34.07,34.07,33.44,1620000.0,-0.0202
2019-02-15,33.55,33.63,33.67,33.47,2140000.0,0.0015
2019-02-16,0,0,0,0,0,0
2019-02-17,0,0,0,0,0,0
2019-02-18,0,0,0,0,0,0
2019-02-19,33.81,33.58,33.97,33.52,998430.0,0.0077
2019-02-20,33.83,33.7,33.92,33.6,890770.0,0.0006
2019-02-21,34.0,33.78,34.06,33.75,768230.0,0.005
2019-02-22,34.28,34.03,34.32,33.98,771310.0,0.008199999999999999
2019-02-23,0,0,0,0,0,0
2019-02-24,0,0,0,0,0,0
2019-02-25,34.34,34.36,34.52,34.29,1030000.0,0.0018
2019-02-26,34.36,34.38,34.51,34.35,1040000.0,0.0006
2019-02-27,34.32,34.36,34.41,34.24,649660.0,-0.0012
2019-02-28,34.48,34.33,34.69,34.32,915920.0,0.004699999999999999
2019-03-01,34.32,34.59,34.59,34.13,693170.0,-0.0046
2019-03-02,0,0,0,0,0,0
2019-03-03,0,0,0,0,0,0
2019-03-04,34.39,34.49,34.49,34.15,762410.0,0.002
2019-03-05,34.32,34.41,34.51,34.26,558450.0,-0.002
2019-03-06,34.17,34.34,34.45,34.13,638890.0,-0.0044
2019-03-07,34.03,34.18,34.28,34.0,710000.0,-0.0040999999999999995
2019-03-08,34.0,34.0,34.22,33.97,798050.0,-0.0009
2019-03-09,0,0,0,0,0,0
2019-03-10,0,0,0,0,0,0
2019-03-11,34.17,34.15,34.4,34.15,1250000.0,0.005
2019-03-12,34.38,34.26,34.56,34.26,1680000.0,0.0060999999999999995
2019-03-13,34.59,34.53,34.78,34.46,1570000.0,0.0060999999999999995
2019-03-14,34.63,34.58,34.71,34.52,867090.0,0.0012
2019-03-15,34.75,34.69,34.78,34.57,1840000.0,0.0034999999999999996
2019-03-16,0,0,0,0,0,0
2019-03-17,0,0,0,0,0,0
2019-03-18,34.96,34.85,35.01,34.74,766910.0,0.006
2019-03-19,34.73,35.0,35.0,34.67,744650.0,-0.0066
2019-03-20,34.69,34.73,34.9,34.63,817390.0,-0.0012
2019-03-21,34.89,34.69,35.1,34.69,867120.0,0.0058
2019-03-22,34.6,34.82,34.95,34.6,953110.0,-0.0083
2019-03-23,0,0,0,0,0,0
2019-03-24,0,0,0,0,0,0
2019-03-25,34.71,34.61,34.79,34.54,777570.0,0.0032
2019-03-26,34.95,34.85,35.01,34.85,766330.0,0.0069
2019-03-27,34.99,34.99,35.12,34.92,894740.0,0.0011
2019-03-28,34.35,34.4,34.46,34.24,1040000.0,-0.0183
2019-03-29,34.56,34.51,34.82,34.44,1040000.0,0.0060999999999999995
2019-03-30,0,0,0,0,0,0
2019-03-31,0,0,0,0,0,0
2019-04-01,34.69,34.57,34.74,34.53,802480.0,0.0038
2019-04-02,34.56,34.72,34.75,34.5,634250.0,-0.0037
2019-04-03,34.7,34.67,34.71,34.54,679100.0,0.0040999999999999995
2019-04-04,34.67,34.7,34.75,34.54,567070.0,-0.0009
2019-04-05,34.67,34.81,34.81,34.63,538290.0,0.0
2019-04-06,0,0,0,0,0,0
2019-04-07,0,0,0,0,0,0
2019-04-08,34.66,34.63,34.69,34.57,613010.0,-0.0003
2019-04-09,34.47,34.64,34.65,34.41,405250.0,-0.0055000000000000005
2019-04-10,34.6,34.53,34.6,34.47,528950.0,0.0038
2019-04-11,34.75,34.8,34.8,34.66,879600.0,0.0043
2019-04-12,34.84,34.77,34.85,34.62,560840.0,0.0026
2019-04-13,0,0,0,0,0,0
2019-04-14,0,0,0,0,0,0
2019-04-15,34.8,34.9,34.9,34.68,583550.0,-0.0011
2019-04-16,34.76,34.88,34.95,34.67,948770.0,-0.0011
2019-04-17,34.63,34.85,34.85,34.54,753710.0,-0.0037
2019-04-18,34.72,34.63,34.83,34.57,471330.0,0.0026
2019-04-19,0,0,0,0,0,0
2019-04-20,0,0,0,0,0,0
2019-04-21,0,0,0,0,0,0
2019-04-22,34.65,34.75,34.83,34.49,727680.0,-0.002
2019-04-23,35.04,34.65,35.05,34.65,881980.0,0.0113
2019-04-24,35.59,35.25,35.74,34.95,1950000.0,0.015700000000000002
2019-04-25,35.58,35.71,35.75,35.34,1060000.0,-0.0003
2019-04-26,35.75,35.64,35.79,35.58,1090000.0,0.0048
2019-04-27,0,0,0,0,0,0
2019-04-28,0,0,0,0,0,0
2019-04-29,35.57,35.75,35.77,35.54,829280.0,-0.005
2019-04-30,35.59,35.55,35.67,35.4,778470.0,0.0006
2019-05-01,35.57,35.64,35.78,35.57,625310.0,-0.0006
2019-05-02,35.69,35.59,35.8,35.51,657400.0,0.0034000000000000002
2019-05-03,35.94,35.71,35.98,35.71,637390.0,0.006999999999999999
2019-05-04,0,0,0,0,0,0
2019-05-05,0,0,0,0,0,0
2019-05-06,35.78,35.68,35.96,35.65,791370.0,-0.0045000000000000005
2019-05-07,35.66,35.78,35.83,35.46,832310.0,-0.0034000000000000002
2019-05-08,35.61,35.61,35.79,35.51,676690.0,-0.0014000000000000002
2019-05-09,35.28,35.48,35.5,35.2,856310.0,-0.009300000000000001
2019-05-10,35.78,35.29,35.79,35.16,927090.0,0.014199999999999999
2019-05-11,0,0,0,0,0,0
2019-05-12,0,0,0,0,0,0
2019-05-13,35.43,35.31,35.67,35.3,1100000.0,-0.0098
2019-05-14,35.6,35.51,35.78,35.48,911150.0,0.0048
2019-05-15,35.71,35.44,35.85,35.44,488790.0,0.0031
2019-05-16,35.94,35.77,36.07,35.71,609180.0,0.0064
2019-05-17,35.84,35.82,36.0,35.81,545530.0,-0.0028000000000000004
2019-05-18,0,0,0,0,0,0
2019-05-19,0,0,0,0,0,0
2019-05-20,35.86,35.87,35.99,35.77,522110.0,0.0006
2019-05-21,35.87,35.95,35.99,35.84,440000.0,0.0003
2019-05-22,35.89,35.8,35.98,35.78,529450.0,0.0006
2019-05-23,35.9,35.76,35.91,35.67,788590.0,0.0003
2019-05-24,36.23,36.07,36.32,36.03,759460.0,0.0092
2019-05-25,0,0,0,0,0,0
2019-05-26,0,0,0,0,0,0
2019-05-27,0,0,0,0,0,0
2019-05-28,35.9,36.26,36.38,35.89,700930.0,-0.0091
2019-05-29,35.64,35.82,35.85,35.54,810050.0,-0.0072
2019-05-30,35.46,35.65,35.73,35.38,613180.0,-0.0051
2019-05-31,35.26,35.3,35.44,35.06,834440.0,-0.005600000000000001
2019-06-01,0,0,0,0,0,0
2019-06-02,0,0,0,0,0,0
2019-06-03,35.77,35.31,35.82,35.31,800900.0,0.014499999999999999
2019-06-04,35.97,35.98,36.1,35.58,801720.0,0.005600000000000001
2019-06-05,36.01,36.0,36.08,35.78,594170.0,0.0011
2019-06-06,36.21,36.0,36.28,35.88,581870.0,0.005600000000000001
2019-06-07,36.37,36.25,36.4,36.13,809580.0,0.0044
2019-06-08,0,0,0,0,0,0
2019-06-09,0,0,0,0,0,0
2019-06-10,36.33,36.42,36.5,36.21,701970.0,-0.0011
2019-06-11,36.09,36.48,36.48,35.98,673700.0,-0.0066
2019-06-12,36.22,36.12,36.32,36.11,508960.0,0.0036
2019-06-13,36.27,36.24,36.41,36.2,437040.0,0.0014000000000000002
2019-06-14,36.46,36.28,36.54,36.2,493300.0,0.0052
2019-06-15,0,0,0,0,0,0
2019-06-16,0,0,0,0,0,0
2019-06-17,36.27,36.56,36.65,36.11,1070000.0,-0.0052
2019-06-18,36.36,36.37,36.53,36.22,776690.0,0.0025
2019-06-19,36.59,36.36,36.61,36.29,700950.0,0.0063
2019-06-20,36.62,36.7,36.77,36.53,893530.0,0.0008
2019-06-21,36.08,35.96,36.21,35.85,6350000.0,-0.0147
2019-06-22,0,0,0,0,0,0
2019-06-23,0,0,0,0,0,0
2019-06-24,36.1,36.01,36.28,36.01,1650000.0,0.0006
2019-06-25,35.84,36.16,36.21,35.8,1370000.0,-0.0072
2019-06-26,35.74,36.07,36.15,35.71,1590000.0,-0.0028000000000000004
2019-06-27,35.36,35.15,35.4,35.06,1100000.0,-0.0106
2019-06-28,35.58,35.42,35.91,35.42,3160000.0,0.0062
2019-06-29,0,0,0,0,0,0
2019-06-30,0,0,0,0,0,0
2019-07-01,35.4,35.73,35.8,35.38,1150000.0,-0.0051
2019-07-02,35.52,35.47,35.56,35.33,1030000.0,0.0034000000000000002
2019-07-03,35.59,35.53,35.79,35.51,495380.0,0.002
2019-07-04,0,0,0,0,0,0
2019-07-05,35.6,35.58,35.65,35.31,628880.0,0.0003
2019-07-06,0,0,0,0,0,0
2019-07-07,0,0,0,0,0,0
2019-07-08,35.72,35.67,35.75,35.54,880270.0,0.0034000000000000002
2019-07-09,35.98,35.66,36.01,35.65,1010000.0,0.0073
2019-07-10,35.92,36.01,36.13,35.88,738970.0,-0.0017000000000000001
2019-07-11,36.02,35.97,36.15,35.93,1010000.0,0.0028000000000000004
2019-07-12,36.24,36.07,36.25,36.02,1240000.0,0.0060999999999999995
2019-07-13,0,0,0,0,0,0
2019-07-14,0,0,0,0,0,0
2019-07-15,35.96,36.4,36.4,35.92,609740.0,-0.0077
2019-07-16,36.02,35.95,36.12,35.9,753910.0,0.0017000000000000001
2019-07-17,35.94,36.02,36.12,35.85,708300.0,-0.0022
2019-07-18,35.8,35.9,35.9,35.61,563150.0,-0.0039000000000000003
2019-07-19,35.6,35.8,35.97,35.57,895010.0,-0.005600000000000001
2019-07-20,0,0,0,0,0,0
2019-07-21,0,0,0,0,0,0
2019-07-22,35.73,35.6,35.74,35.51,635730.0,0.0037
2019-07-23,35.77,35.75,35.91,35.59,841770.0,0.0011
2019-07-24,35.03,35.61,35.86,35.0,2490000.0,-0.0207
2019-07-25,35.23,35.34,35.39,34.96,1170000.0,0.005699999999999999
2019-07-26,35.39,35.3,35.42,35.11,576220.0,0.0045000000000000005
2019-07-27,0,0,0,0,0,0
2019-07-28,0,0,0,0,0,0
2019-07-29,35.4,35.46,35.52,35.24,735610.0,0.0003
2019-07-30,35.61,35.36,35.62,35.31,965350.0,0.0059
2019-07-31,35.52,35.62,35.84,35.35,1320000.0,-0.0025
2019-08-01,35.36,35.57,35.74,35.34,935700.0,-0.0045000000000000005
2019-08-02,35.36,35.23,35.48,35.09,697990.0,0.0
2019-08-03,0,0,0,0,0,0
2019-08-04,0,0,0,0,0,0
2019-08-05,34.66,35.14,35.29,34.53,1290000.0,-0.019799999999999998
2019-08-06,34.87,34.78,34.97,34.72,1020000.0,0.0060999999999999995
2019-08-07,35.35,34.72,35.42,34.65,1100000.0,0.0138
2019-08-08,35.63,35.35,35.72,35.25,882020.0,0.0079
2019-08-09,35.48,35.54,35.63,35.33,421330.0,-0.0042
2019-08-10,0,0,0,0,0,0
2019-08-11,0,0,0,0,0,0
2019-08-12,35.35,35.4,35.56,35.29,401560.0,-0.0037
2019-08-13,35.35,35.22,35.46,35.22,986540.0,0.0
2019-08-14,34.67,35.13,35.2,34.67,1340000.0,-0.0192
2019-08-15,34.99,34.73,35.04,34.72,867790.0,0.0092
2019-08-16,35.05,35.13,35.33,35.01,875200.0,0.0017000000000000001
2019-08-17,0,0,0,0,0,0
2019-08-18,0,0,0,0,0,0
2019-08-19,35.3,35.22,35.37,34.97,1230000.0,0.0070999999999999995
2019-08-20,35.1,35.3,35.38,35.08,596640.0,-0.005699999999999999
2019-08-21,35.15,35.19,35.25,35.0,663490.0,0.0014000000000000002
2019-08-22,35.11,35.25,35.25,34.95,521500.0,-0.0011
2019-08-23,34.77,35.06,35.19,34.73,1010000.0,-0.0097
2019-08-24,0,0,0,0,0,0
2019-08-25,0,0,0,0,0,0
2019-08-26,34.99,34.9,35.0,34.78,878180.0,0.0063
2019-08-27,34.7,35.11,35.12,34.68,673700.0,-0.0083
2019-08-28,34.68,34.61,34.73,34.43,693470.0,-0.0006
2019-08-29,34.88,34.83,34.91,34.58,553170.0,0.0058
2019-08-30,34.8,34.97,35.03,34.8,743300.0,-0.0023
2019-08-31,0,0,0,0,0,0
2019-09-01,0,0,0,0,0,0
2019-09-02,0,0,0,0,0,0
2019-09-03,34.98,34.71,35.01,34.64,879050.0,0.0052
2019-09-04,35.11,35.05,35.26,34.99,580640.0,0.0037
2019-09-05,35.24,35.22,35.35,35.12,545310.0,0.0037
2019-09-06,35.36,35.3,35.51,35.23,438020.0,0.0034000000000000002
2019-09-07,0,0,0,0,0,0
2019-09-08,0,0,0,0,0,0
2019-09-09,35.64,35.41,35.7,35.38,714650.0,0.0079
2019-09-10,35.72,35.63,35.8,35.57,766570.0,0.0022
2019-09-11,36.02,35.81,36.02,35.71,1200000.0,0.0084
2019-09-12,36.16,36.04,36.23,35.92,753340.0,0.0039000000000000003
2019-09-13,36.1,36.24,36.29,36.05,728230.0,-0.0017000000000000001
2019-09-14,0,0,0,0,0,0
2019-09-15,0,0,0,0,0,0
2019-09-16,36.13,36.0,36.22,35.96,761580.0,0.0008
2019-09-17,36.2,36.13,36.27,36.06,682870.0,0.0019
2019-09-18,36.27,36.25,36.36,36.15,809320.0,0.0019
2019-09-19,36.44,36.37,36.61,36.3,748060.0,0.004699999999999999
2019-09-20,36.47,36.5,36.53,36.2,1720000.0,0.0008
2019-09-21,0,0,0,0,0,0
2019-09-22,0,0,0,0,0,0
2019-09-23,36.33,36.47,36.52,36.33,636450.0,-0.0038
2019-09-24,36.2,36.38,36.49,36.15,1030000.0,-0.0036
2019-09-25,36.34,36.2,36.5,36.14,1010000.0,0.0039000000000000003
2019-09-26,36.47,36.39,36.53,36.37,631070.0,0.0036
2019-09-27,35.74,35.92,35.95,35.67,664240.0,-0.02
2019-09-28,0,0,0,0,0,0
2019-09-29,0,0,0,0,0,0
2019-09-30,35.85,35.84,35.97,35.75,874910.0,0.0031
2019-10-01,35.81,35.87,36.0,35.68,983000.0,-0.0011
2019-10-02,35.69,35.69,35.82,35.32,813660.0,-0.0034000000000000002
2019-10-03,35.64,35.59,35.8,35.38,508980.0,-0.0014000000000000002
2019-10-04,35.82,35.58,35.83,35.56,863070.0,0.0051
2019-10-05,0,0,0,0,0,0
2019-10-06,0,0,0,0,0,0
2019-10-07,35.79,35.78,35.97,35.67,833460.0,-0.0008
2019-10-08,35.76,35.71,35.91,35.64,609070.0,-0.0008
2019-10-09,35.81,35.89,35.94,35.74,395190.0,0.0014000000000000002
2019-10-10,35.9,36.0,36.06,35.8,748450.0,0.0025
2019-10-11,35.85,36.12,36.12,35.81,632840.0,-0.0014000000000000002
2019-10-12,0,0,0,0,0,0
2019-10-13,0,0,0,0,0,0
2019-10-14,35.67,35.77,35.78,35.59,497840.0,-0.005
2019-10-15,35.84,35.77,35.92,35.65,731700.0,0.0048
2019-10-16,35.9,35.85,36.06,35.83,749240.0,0.0017000000000000001
2019-10-17,36.04,35.91,36.05,35.8,580920.0,0.0039000000000000003
2019-10-18,36.21,35.95,36.29,35.94,632360.0,0.004699999999999999
2019-10-19,0,0,0,0,0,0
2019-10-20,0,0,0,0,0,0
2019-10-21,36.38,36.22,36.42,36.22,541410.0,0.004699999999999999
2019-10-22,36.37,36.44,36.45,36.31,792660.0,-0.0003
2019-10-23,36.51,36.41,36.52,36.39,788890.0,0.0038
2019-10-24,36.15,36.56,36.57,35.94,960820.0,-0.009899999999999999
2019-10-25,35.99,36.0,36.24,35.95,801300.0,-0.0044
2019-10-26,0,0,0,0,0,0
2019-10-27,0,0,0,0,0,0
2019-10-28,36.0,36.05,36.07,35.96,650690.0,0.0003
2019-10-29,36.26,36.1,36.3,36.0,577430.0,0.0072
2019-10-30,36.25,36.2,36.33,36.08,552190.0,-0.0003
2019-10-31,36.3,36.2,36.34,36.11,598660.0,0.0014000000000000002
2019-11-01,36.19,36.3,36.49,36.06,735840.0,-0.003
2019-11-02,0,0,0,0,0,0
2019-11-03,0,0,0,0,0,0
2019-11-04,36.02,36.28,36.3,35.96,601990.0,-0.004699999999999999
2019-11-05,35.91,36.0,36.13,35.77,1290000.0,-0.0031
2019-11-06,35.98,35.91,36.03,35.91,540790.0,0.0019
2019-11-07,35.93,36.07,36.17,35.79,779320.0,-0.0014000000000000002
2019-11-08,35.99,35.93,36.08,35.87,528310.0,0.0017000000000000001
2019-11-09,0,0,0,0,0,0
2019-11-10,0,0,0,0,0,0
2019-11-11,36.02,35.99,36.13,35.89,682740.0,0.0008
2019-11-12,35.75,36.08,36.1,35.71,2420000.0,-0.0075
2019-11-13,35.73,35.75,35.89,35.57,778800.0,-0.0006
2019-11-14,35.82,35.7,35.91,35.7,429130.0,0.0025
2019-11-15,35.73,35.82,35.91,35.63,623160.0,-0.0025
2019-11-16,0,0,0,0,0,0
2019-11-17,0,0,0,0,0,0
2019-11-18,35.91,35.7,35.94,35.64,671600.0,0.005
2019-11-19,36.04,35.91,36.15,35.9,631760.0,0.0036
2019-11-20,36.1,36.07,36.15,35.91,714610.0,0.0017000000000000001
2019-11-21,35.92,36.13,36.27,35.86,778260.0,-0.005
2019-11-22,35.88,35.89,35.94,35.76,518380.0,-0.0011
2019-11-23,0,0,0,0,0,0
2019-11-24,0,0,0,0,0,0
2019-11-25,36.17,35.89,36.2,35.84,1280000.0,0.008100000000000001
2019-11-26,36.4,36.17,36.51,36.13,827710.0,0.0064
2019-11-27,36.56,36.49,36.56,36.36,773450.0,0.0044
2019-11-28,0,0,0,0,0,0
2019-11-29,36.63,36.52,36.67,36.51,359530.0,0.0019
2019-11-30,0,0,0,0,0,0
2019-12-01,0,0,0,0,0,0
2019-12-02,36.59,36.68,36.7,36.51,717850.0,-0.0011
2019-12-03,36.5,36.56,36.56,36.31,484080.0,-0.0025
2019-12-04,36.61,36.5,36.71,36.48,676720.0,0.003
2019-12-05,36.63,36.63,36.74,36.58,501570.0,0.0005
2019-12-06,36.76,36.7,36.85,36.63,731270.0,0.0034999999999999996
2019-12-07,0,0,0,0,0,0
2019-12-08,0,0,0,0,0,0
2019-12-09,36.96,36.8,36.97,36.74,675470.0,0.0054
2019-12-10,36.91,36.89,37.01,36.87,509700.0,-0.0014000000000000002
2019-12-11,36.72,36.93,37.0,36.69,556510.0,-0.0051
2019-12-12,36.61,36.67,36.85,36.6,618420.0,-0.003
2019-12-13,36.75,36.61,36.76,36.59,706560.0,0.0038
2019-12-14,0,0,0,0,0,0
2019-12-15,0,0,0,0,0,0
2019-12-16,36.88,36.87,36.99,36.81,990640.0,0.0034999999999999996
2019-12-17,37.12,37.03,37.23,36.96,1000000.0,0.006500000000000001
2019-12-18,37.32,37.03,37.33,37.03,1010000.0,0.0054
2019-12-19,37.7,37.29,37.7,37.25,882420.0,0.0102
2019-12-20,37.88,37.86,37.94,37.65,1640000.0,0.0048
2019-12-21,0,0,0,0,0,0
2019-12-22,0,0,0,0,0,0
2019-12-23,37.73,37.87,37.9,37.65,631330.0,-0.004
2019-12-24,37.83,37.76,37.85,37.68,252370.0,0.0027
2019-12-25,0,0,0,0,0,0
2019-12-26,37.99,37.89,38.06,37.87,478410.0,0.0042
2019-12-27,38.2,38.08,38.26,37.99,741580.0,0.0055000000000000005
2019-12-28,0,0,0,0,0,0
2019-12-29,0,0,0,0,0,0
2019-12-30,37.23,37.67,37.7,37.2,732090.0,-0.0254
2019-12-31,37.22,37.2,37.5,37.18,834040.0,-0.0003
2020-01-01,0,0,0,0,0,0
2020-01-02,37.19,37.26,37.28,37.04,1020000.0,-0.0008
2020-01-03,37.26,37.0,37.4,37.0,720380.0,0.0019
2020-01-04,0,0,0,0,0,0
2020-01-05,0,0,0,0,0,0
2020-01-06,37.3,37.15,37.41,37.05,942120.0,0.0011
2020-01-07,37.27,37.29,37.35,37.17,1050000.0,-0.0008
2020-01-08,36.71,36.99,37.28,36.7,1220000.0,-0.015
2020-01-09,36.74,36.81,36.99,36.67,945960.0,0.0008
2020-01-10,37.05,36.73,37.13,36.7,621970.0,0.0084
2020-01-11,0,0,0,0,0,0
2020-01-12,0,0,0,0,0,0
2020-01-13,37.24,37.08,37.24,37.02,683550.0,0.0051
2020-01-14,37.4,37.23,37.43,37.16,828000.0,0.0043
2020-01-15,37.47,37.54,37.65,37.37,2590000.0,0.0019
2020-01-16,37.83,37.61,37.92,37.53,668340.0,0.0096
2020-01-17,37.65,37.87,37.9,37.59,1140000.0,-0.0048
2020-01-18,0,0,0,0,0,0
2020-01-19,0,0,0,0,0,0
2020-01-20,0,0,0,0,0,0
2020-01-21,37.5,37.65,37.7,37.39,1220000.0,-0.004
2020-01-22,37.86,37.66,37.92,37.51,804320.0,0.0096
2020-01-23,37.9,37.82,37.91,37.7,866430.0,0.0011
2020-01-24,37.72,37.9,37.95,37.53,803860.0,-0.004699999999999999
2020-01-25,0,0,0,0,0,0
2020-01-26,0,0,0,0,0,0
2020-01-27,37.74,37.57,37.81,37.54,808440.0,0.0005
2020-01-28,38.09,37.79,38.15,37.78,671980.0,0.009300000000000001
2020-01-29,38.32,38.4,38.48,38.19,973950.0,0.006
2020-01-30,38.42,38.25,38.44,38.14,651440.0,0.0026
2020-01-31,38.2,38.35,38.54,38.13,775460.0,-0.005699999999999999
2020-02-01,0,0,0,0,0,0
2020-02-02,0,0,0,0,0,0
2020-02-03,38.37,38.2,38.55,38.2,958570.0,0.0045000000000000005
2020-02-04,38.7,38.5,38.86,38.44,607390.0,0.0086
2020-02-05,38.89,38.8,38.94,38.75,886660.0,0.0049
2020-02-06,39.07,38.94,39.22,38.9,759460.0,0.0046
2020-02-07,38.93,39.17,39.23,38.88,908040.0,-0.0036
2020-02-08,0,0,0,0,0,0
2020-02-09,0,0,0,0,0,0
2020-02-10,38.94,38.93,39.08,38.81,522000.0,0.0003
2020-02-11,38.88,39.0,39.07,38.83,829460.0,-0.0015
2020-02-12,39.9,39.2,39.95,39.08,2009999.9999999998,0.0262
2020-02-13,40.01,39.9,40.22,39.78,1870000.0,0.0028000000000000004
2020-02-14,40.03,40.08,40.15,39.88,1090000.0,0.0005
2020-02-15,0,0,0,0,0,0
2020-02-16,0,0,0,0,0,0
2020-02-17,0,0,0,0,0,0
2020-02-18,40.16,40.03,40.41,40.03,854520.0,0.0032
2020-02-19,40.25,40.2,40.45,40.2,663010.0,0.0022
2020-02-20,40.51,40.18,40.52,40.11,495350.0,0.006500000000000001
2020-02-21,40.27,40.51,40.62,40.24,1680000.0,-0.0059
2020-02-22,0,0,0,0,0,0
2020-02-23,0,0,0,0,0,0
2020-02-24,39.9,39.73,40.09,39.6,2280000.0,-0.0092
2020-02-25,39.04,39.86,40.03,38.92,1500000.0,-0.0216
2020-02-26,38.66,38.97,39.5,38.61,1470000.0,-0.0097
2020-02-27,36.94,38.3,38.37,36.92,2610000.0,-0.044500000000000005
2020-02-28,36.06,36.03,36.42,35.08,3160000.0,-0.023799999999999998
2020-02-29,0,0,0,0,0,0
2020-03-01,0,0,0,0,0,0
2020-03-02,37.91,36.38,37.95,36.23,2020000.0,0.0513
2020-03-03,37.6,38.01,38.56,37.2,1780000.0,-0.008199999999999999
2020-03-04,38.3,38.04,38.48,37.71,1710000.0,0.018600000000000002
2020-03-05,37.44,37.78,37.83,37.24,1410000.0,-0.0225
2020-03-06,36.45,36.53,36.95,35.76,1940000.0,-0.0264
2020-03-07,0,0,0,0,0,0
2020-03-08,0,0,0,0,0,0
2020-03-09,34.12,34.66,35.6,32.55,2300000.0,-0.0639
2020-03-10,35.06,35.1,35.16,33.51,1430000.0,0.0275
2020-03-11,33.18,34.46,34.61,32.88,2350000.0,-0.0536
2020-03-12,28.74,29.6,31.13,27.57,3300000.0,-0.1338
2020-03-13,29.82,30.21,30.21,26.54,4330000.0,0.037599999999999995
2020-03-14,0,0,0,0,0,0
2020-03-15,0,0,0,0,0,0
2020-03-16,22.89,24.9,25.95,22.88,3280000.0,-0.2324
2020-03-17,21.84,23.19,23.33,20.01,5950000.0,-0.045899999999999996
2020-03-18,18.06,18.4,18.8,12.68,7470000.0,-0.17309999999999998
2020-03-19,18.64,16.38,19.21,15.35,4670000.0,0.0321
2020-03-20,18.05,19.25,20.0,17.75,3480000.0,-0.0317
2020-03-21,0,0,0,0,0,0
2020-03-22,0,0,0,0,0,0
2020-03-23,14.54,17.0,17.06,14.0,5160000.0,-0.1945
2020-03-24,13.02,15.36,15.36,12.68,5960000.0,-0.1045
2020-03-25,16.83,14.11,18.91,13.65,5990000.0,0.2926
2020-03-26,21.85,17.17,25.49,17.17,9510000.0,0.2983
2020-03-27,20.88,21.74,22.98,20.51,4390000.0,-0.0444
2020-03-28,0,0,0,0,0,0
2020-03-29,0,0,0,0,0,0
2020-03-30,19.5,20.11,20.11,17.46,3200000.0,-0.0661
2020-03-31,18.62,19.31,20.21,18.15,2820000.0,-0.0451
2020-04-01,17.01,16.2,17.25,15.54,3200000.0,-0.08650000000000001
2020-04-02,17.01,16.15,17.95,16.1,2940000.0,0.0
2020-04-03,15.22,17.04,17.12,14.9,3720000.0,-0.1052
2020-04-04,0,0,0,0,0,0
2020-04-05,0,0,0,0,0,0
2020-04-06,17.25,16.3,18.2,16.3,3020000.0,0.1334
2020-04-07,17.96,18.95,19.69,17.72,5520000.0,0.0412
2020-04-08,21.02,18.99,21.79,18.85,4190000.0000000005,0.1704
2020-04-09,22.23,23.02,25.31,21.47,4190000.0000000005,0.0576
2020-04-10,0,0,0,0,0,0
2020-04-11,0,0,0,0,0,0
2020-04-12,0,0,0,0,0,0
2020-04-13,23.0,22.42,23.44,20.55,2370000.0,0.0346
2020-04-14,23.19,23.91,24.39,22.44,2660000.0,0.0083
2020-04-15,21.7,22.72,22.72,21.33,2300000.0,-0.0643
2020-04-16,20.56,21.69,21.88,20.36,2660000.0,-0.0525
2020-04-17,21.67,21.66,22.54,21.12,2290000.0,0.054000000000000006
2020-04-18,0,0,0,0,0,0
2020-04-19,0,0,0,0,0,0
2020-04-20,20.77,20.51,21.3,20.51,3050000.0,-0.0415
2020-04-21,20.49,20.5,20.7,19.76,1530000.0,-0.013500000000000002
2020-04-22,20.46,21.02,21.13,20.0,1710000.0,-0.0015
2020-04-23,20.6,20.42,21.33,20.25,1210000.0,0.0068000000000000005
2020-04-24,20.53,20.62,20.75,19.75,1130000.0,-0.0034000000000000002
2020-04-25,0,0,0,0,0,0
2020-04-26,0,0,0,0,0,0
2020-04-27,20.1,20.42,20.58,19.94,2220000.0,-0.0209
2020-04-28,20.85,21.04,21.85,20.47,2930000.0,0.0373
2020-04-29,23.18,22.9,24.2,21.61,4760000.0,0.1118
2020-04-30,23.53,22.73,23.89,22.4,4179999.9999999995,0.0151
2020-05-01,22.91,22.73,23.2,22.4,2260000.0,-0.0263
2020-05-02,0,0,0,0,0,0
2020-05-03,0,0,0,0,0,0
2020-05-04,22.75,22.39,22.9,22.1,2110000.0,-0.006999999999999999
2020-05-05,22.71,22.9,23.62,22.65,1970000.0,-0.0018
2020-05-06,22.97,22.88,23.45,22.43,2320000.0,0.011399999999999999
2020-05-07,23.75,23.09,23.99,23.09,2500000.0,0.034
2020-05-08,24.86,24.35,24.97,23.9,2270000.0,0.0467
2020-05-09,0,0,0,0,0,0
2020-05-10,0,0,0,0,0,0
2020-05-11,23.92,24.32,24.32,23.62,1810000.0,-0.0378
2020-05-12,23.29,24.09,24.31,23.23,2540000.0,-0.0263
2020-05-13,21.24,22.82,22.89,21.08,2710000.0,-0.08800000000000001
2020-05-14,21.24,20.57,21.25,19.57,2370000.0,0.0
2020-05-15,21.27,20.79,21.47,20.45,1680000.0,0.0014000000000000002
2020-05-16,0,0,0,0,0,0
2020-05-17,0,0,0,0,0,0
2020-05-18,22.99,22.5,23.08,22.1,1390000.0,0.0809
2020-05-19,22.46,22.76,23.23,22.15,1200000.0,-0.0231
2020-05-20,23.09,22.75,23.24,22.64,1150000.0,0.027999999999999997
2020-05-21,22.84,23.0,23.25,22.48,908740.0,-0.0108
2020-05-22,23.1,22.82,23.19,22.23,953540.0,0.011399999999999999
2020-05-23,0,0,0,0,0,0
2020-05-24,0,0,0,0,0,0
2020-05-25,0,0,0,0,0,0
2020-05-26,24.73,24.51,24.95,23.98,1610000.0,0.0706
2020-05-27,25.18,25.47,25.95,23.97,1810000.0,0.0182
2020-05-28,24.57,25.71,25.71,24.47,1530000.0,-0.0242
2020-05-29,23.59,24.22,24.38,23.5,2910000.0,-0.039900000000000005
2020-05-30,0,0,0,0,0,0
2020-05-31,0,0,0,0,0,0
2020-06-01,23.95,23.5,24.36,23.3,1440000.0,0.015300000000000001
2020-06-02,24.57,24.39,25.09,24.28,940920.0,0.0259
2020-06-03,26.29,25.19,26.66,25.15,1540000.0,0.07
2020-06-04,26.66,26.05,26.94,25.66,985510.0,0.0141
2020-06-05,27.4,28.4,29.49,27.19,1750000.0,0.0278
2020-06-06,0,0,0,0,0,0
2020-06-07,0,0,0,0,0,0
2020-06-08,29.23,28.68,29.34,28.24,1630000.0,0.0668
2020-06-09,27.01,27.52,27.87,26.9,9190000.0,-0.0759
2020-06-10,26.3,26.92,27.2,26.19,4840000.0,-0.0263
2020-06-11,23.62,24.94,25.16,23.43,4720000.0,-0.10189999999999999
2020-06-12,24.84,25.11,25.18,23.48,1800000.0,0.051699999999999996
2020-06-13,0,0,0,0,0,0
2020-06-14,0,0,0,0,0,0
2020-06-15,24.52,23.57,24.66,23.35,1850000.0,-0.0129
2020-06-16,25.44,26.0,26.35,24.5,2190000.0,0.0375
2020-06-17,25.06,25.59,25.68,24.75,1020000.0,-0.0149
2020-06-18,25.26,24.7,25.4,24.6,956360.0,0.008
2020-06-19,25.01,25.69,25.97,24.79,2950000.0,-0.009899999999999999
2020-06-20,0,0,0,0,0,0
2020-06-21,0,0,0,0,0,0
2020-06-22,24.78,24.81,24.9,24.4,990040.0,-0.0092
2020-06-23,25.46,25.0,25.51,24.8,1040000.0,0.0274
2020-06-24,23.6,25.09,25.09,22.85,2300000.0,-0.0731
2020-06-25,24.37,23.25,24.62,23.24,1390000.0,0.0326
2020-06-26,24.25,24.09,24.48,23.6,2620000.0,-0.0049
2020-06-27,0,0,0,0,0,0
2020-06-28,0,0,0,0,0,0
2020-06-29,24.13,23.84,24.13,23.1,1410000.0,-0.0049
2020-06-30,24.09,24.21,24.4,23.85,935560.0,-0.0017000000000000001
2020-07-01,23.31,24.04,24.46,23.09,1340000.0,-0.032400000000000005
2020-07-02,23.19,23.81,23.96,23.09,1520000.0,-0.0051
2020-07-03,0,0,0,0,0,0
2020-07-04,0,0,0,0,0,0
2020-07-05,0,0,0,0,0,0
2020-07-06,23.2,23.53,23.81,23.03,1470000.0,0.0004
2020-07-07,22.05,23.0,23.16,22.02,1190000.0,-0.0496
2020-07-08,21.82,21.99,22.12,21.44,1520000.0,-0.0104
2020-07-09,21.25,21.67,21.72,20.98,1770000.0,-0.026099999999999998
2020-07-10,21.71,21.12,21.72,20.97,1340000.0,0.0216
2020-07-11,0,0,0,0,0,0
2020-07-12,0,0,0,0,0,0
2020-07-13,21.9,21.96,22.48,21.69,1090000.0,0.0088
2020-07-14,22.53,21.8,22.57,21.68,1020000.0,0.0288
2020-07-15,23.62,23.2,23.7,22.94,1190000.0,0.0484
2020-07-16,23.43,23.2,23.8,23.2,844430.0,-0.008
2020-07-17,23.11,23.41,23.42,22.97,656590.0,-0.0137
2020-07-18,0,0,0,0,0,0
2020-07-19,0,0,0,0,0,0
2020-07-20,23.0,22.97,23.27,22.6,922170.0,-0.0048
2020-07-21,23.18,23.25,23.37,23.02,928290.0,0.0078000000000000005
2020-07-22,23.63,23.04,23.72,22.96,753810.0,0.0194
2020-07-23,23.28,23.5,23.67,23.21,693480.0,-0.0148
2020-07-24,22.64,23.37,23.5,22.62,764770.0,-0.0275
2020-07-25,0,0,0,0,0,0
2020-07-26,0,0,0,0,0,0
2020-07-27,22.87,22.61,22.99,22.45,909560.0,0.0102
2020-07-28,23.52,23.0,23.91,22.98,1430000.0,0.028399999999999998
2020-07-29,24.16,23.72,24.18,22.95,1460000.0,0.027200000000000002
2020-07-30,24.19,23.93,24.34,23.73,1320000.0,0.0012
2020-07-31,24.07,24.07,24.28,23.53,1080000.0,-0.005
2020-08-01,0,0,0,0,0,0
2020-08-02,0,0,0,0,0,0
2020-08-03,23.68,23.96,24.04,23.61,1310000.0,-0.016200000000000003
2020-08-04,23.54,23.61,23.78,23.4,878780.0,-0.0059
2020-08-05,24.03,23.79,24.1,23.47,1020000.0,0.0208
2020-08-06,24.0,23.96,24.4,23.83,1420000.0,-0.0012
2020-08-07,23.93,23.89,24.0,23.55,908060.0,-0.0029
2020-08-08,0,0,0,0,0,0
2020-08-09,0,0,0,0,0,0
2020-08-10,24.74,24.14,25.08,24.01,1190000.0,0.0338
2020-08-11,25.46,25.28,25.78,25.17,1820000.0,0.0291
2020-08-12,25.41,25.78,26.08,25.36,1390000.0,-0.002
2020-08-13,24.31,24.95,25.41,24.25,1070000.0,-0.0433
2020-08-14,24.45,24.1,24.75,23.9,471220.0,0.0058
2020-08-15,0,0,0,0,0,0
2020-08-16,0,0,0,0,0,0
2020-08-17,24.2,24.3,24.44,23.98,616640.0,-0.0102
2020-08-18,24.08,24.2,24.26,23.8,724130.0,-0.005
2020-08-19,23.75,23.86,23.97,23.61,634380.0,-0.0137
2020-08-20,23.29,23.6,23.94,23.28,842320.0,-0.0194
2020-08-21,23.41,23.05,23.56,23.02,860850.0,0.0052
2020-08-22,0,0,0,0,0,0
2020-08-23,0,0,0,0,0,0
2020-08-24,24.06,23.48,24.11,23.3,554140.0,0.0278
2020-08-25,23.78,24.32,24.37,23.51,540320.0,-0.0116
2020-08-26,23.51,23.66,23.66,23.31,712480.0,-0.011399999999999999
2020-08-27,23.8,23.49,24.07,23.49,694880.0,0.0123
2020-08-28,24.09,24.04,24.1,23.76,477750.0,0.012199999999999999
2020-08-29,0,0,0,0,0,0
2020-08-30,0,0,0,0,0,0
2020-08-31,23.77,24.0,24.19,23.64,1530000.0,-0.013300000000000001
2020-09-01,24.31,24.0,24.87,23.93,1520000.0,0.0227
2020-09-02,24.72,24.51,24.74,24.22,1270000.0,0.0169
2020-09-03,24.31,24.91,24.91,24.0,961800.0,-0.0166
2020-09-04,24.28,24.63,24.8,23.89,768400.0,-0.0012
2020-09-05,0,0,0,0,0,0
2020-09-06,0,0,0,0,0,0
2020-09-07,0,0,0,0,0,0
2020-09-08,23.89,24.23,24.47,23.89,814960.0,-0.0161
2020-09-09,24.05,23.93,24.21,23.77,795090.0,0.0067
2020-09-10,23.9,24.2,24.28,23.89,833360.0,-0.0062
2020-09-11,22.89,23.88,23.88,22.37,2180000.0,-0.042300000000000004
2020-09-12,0,0,0,0,0,0
2020-09-13,0,0,0,0,0,0
2020-09-14,23.59,22.97,23.65,22.87,1270000.0,0.030600000000000002
2020-09-15,23.36,23.62,23.89,23.32,871570.0,-0.0097
2020-09-16,23.68,23.44,23.83,23.35,1400000.0,0.0137
2020-09-17,23.65,23.45,23.86,23.0,964040.0,-0.0013
2020-09-18,23.5,23.72,23.92,23.31,1800000.0,-0.0063
2020-09-19,0,0,0,0,0,0
2020-09-20,0,0,0,0,0,0
2020-09-21,22.5,22.95,23.09,22.48,1410000.0,-0.0426
2020-09-22,22.55,22.73,23.02,22.36,894900.0,0.0022
2020-09-23,21.69,22.67,22.7,21.69,1190000.0,-0.0381
2020-09-24,21.59,21.8,22.1,21.2,1490000.0,-0.0046
2020-09-25,22.3,21.5,22.44,21.46,831370.0,0.0329
2020-09-26,0,0,0,0,0,0
2020-09-27,0,0,0,0,0,0
2020-09-28,23.17,22.78,23.47,22.7,1120000.0,0.039
2020-09-29,22.18,22.44,22.56,21.67,1140000.0,-0.042699999999999995
2020-09-30,21.97,22.32,22.52,21.85,922450.0,-0.0095
2020-10-01,22.37,22.14,22.38,21.74,927530.0,0.0182
2020-10-02,22.56,21.84,22.74,21.82,1030000.0,0.0085
2020-10-03,0,0,0,0,0,0
2020-10-04,0,0,0,0,0,0
2020-10-05,22.94,22.85,23.0,22.59,764640.0,0.0168
2020-10-06,22.83,23.0,23.48,22.78,1120000.0,-0.0048
2020-10-07,22.72,23.05,23.15,22.49,897050.0,-0.0048
2020-10-08,24.21,22.97,24.23,22.97,1830000.0,0.06559999999999999
2020-10-09,23.36,24.2,24.38,23.0,1280000.0,-0.0351
2020-10-10,0,0,0,0,0,0
2020-10-11,0,0,0,0,0,0
2020-10-12,23.5,23.34,23.64,23.14,936060.0,0.006
2020-10-13,23.17,23.32,23.5,23.05,800740.0,-0.013999999999999999
2020-10-14,23.01,23.19,23.6,23.01,692220.0,-0.0069
2020-10-15,23.12,23.01,23.17,22.8,730310.0,0.0048
2020-10-16,23.04,23.04,23.27,22.61,849240.0,-0.0034999999999999996
2020-10-17,0,0,0,0,0,0
2020-10-18,0,0,0,0,0,0
2020-10-19,22.55,23.17,23.17,22.48,1040000.0,-0.0213
2020-10-20,22.31,22.79,23.03,22.14,949130.0,-0.0106
2020-10-21,22.14,22.3,22.36,21.93,1040000.0,-0.0076
2020-10-22,22.09,22.27,22.34,22.05,736530.0,-0.0023
2020-10-23,22.44,22.27,22.52,22.14,687630.0,0.0158
2020-10-24,0,0,0,0,0,0
2020-10-25,0,0,0,0,0,0
2020-10-26,21.68,22.24,22.24,21.47,1240000.0,-0.0339
2020-10-27,21.77,21.76,22.16,21.66,699330.0,0.0042
2020-10-28,21.03,21.46,21.69,20.7,1330000.0,-0.034
2020-10-29,22.04,21.4,22.24,21.05,1490000.0,0.048
2020-10-30,21.7,22.08,22.45,21.52,768470.0,-0.0154
2020-10-31,0,0,0,0,0,0
2020-11-01,0,0,0,0,0,0
2020-11-02,22.21,21.92,22.38,21.87,776530.0,0.0235
2020-11-03,22.69,22.55,22.75,22.35,834310.0,0.0216
2020-11-04,22.27,22.4,22.66,21.77,727910.0,-0.018500000000000003
2020-11-05,22.46,22.52,22.87,22.1,855110.0,0.0085
2020-11-06,21.8,22.62,22.62,21.71,687280.0,-0.0294
2020-11-07,0,0,0,0,0,0
2020-11-08,0,0,0,0,0,0
2020-11-09,0,0,0,0,0,0
2020-11-10,26.05,24.94,26.06,24.67,1880000.0,0.0572
2020-11-11,25.39,25.7,25.7,25.12,884040.0,-0.0253
2020-11-12,24.54,25.03,25.3,24.38,1150000.0,-0.0335
