2015-01-02,24.69,24.41,24.76,22.87,3290000.0,0.0207
2015-01-03,0,0,0,0,0,0
2015-01-04,0,0,0,0,0,0
2015-01-05,23.14,24.2,24.51,23.1,2310000.0,-0.06280000000000001
2015-01-06,22.28,23.38,23.49,21.72,2530000.0,-0.037200000000000004
2015-01-07,21.94,22.66,22.8,21.73,1770000.0,-0.015300000000000001
2015-01-08,22.9,22.2,22.92,21.98,1660000.0,0.0438
2015-01-09,22.9,22.88,23.12,22.34,1130000.0,0.0
2015-01-10,0,0,0,0,0,0
2015-01-11,0,0,0,0,0,0
2015-01-12,21.92,22.66,22.7,21.38,2440000.0,-0.042800000000000005
2015-01-13,22.28,22.19,23.16,21.85,2160000.0,0.016399999999999998
2015-01-14,22.16,21.8,22.79,21.75,2020000.0,-0.0054
2015-01-15,21.39,22.4,22.67,21.31,2029999.9999999998,-0.0347
2015-01-16,21.29,21.23,21.77,21.01,2210000.0,-0.004699999999999999
2015-01-17,0,0,0,0,0,0
2015-01-18,0,0,0,0,0,0
2015-01-19,0,0,0,0,0,0
2015-01-20,19.21,21.06,21.19,18.9,5390000.0,-0.0977
2015-01-21,19.25,19.25,20.09,19.16,3770000.0,0.0021
2015-01-22,19.01,19.42,19.6,18.68,3050000.0,-0.0125
2015-01-23,19.3,18.92,19.99,18.91,2920000.0,0.015300000000000001
2015-01-24,0,0,0,0,0,0
2015-01-25,0,0,0,0,0,0
2015-01-26,19.97,19.25,20.37,19.25,2170000.0,0.0347
2015-01-27,20.36,19.43,20.72,19.43,2180000.0,0.0195
2015-01-28,19.77,20.5,20.68,19.56,1810000.0,-0.028999999999999998
2015-01-29,19.81,19.91,20.25,18.98,2270000.0,0.002
2015-01-30,20.39,19.63,20.73,19.6,2400000.0,0.029300000000000003
2015-01-31,0,0,0,0,0,0
2015-02-01,0,0,0,0,0,0
2015-02-02,21.32,20.84,21.58,20.63,2590000.0,0.045599999999999995
2015-02-03,26.69,23.47,27.35,23.46,14260000.0,0.2519
2015-02-04,25.72,26.1,27.15,25.23,5910000.0,-0.0363
2015-02-05,25.34,26.1,26.25,25.0,3420000.0,-0.0148
2015-02-06,25.66,25.38,26.51,25.31,2870000.0,0.0126
2015-02-07,0,0,0,0,0,0
2015-02-08,0,0,0,0,0,0
2015-02-09,26.67,25.62,27.26,25.57,3300000.0,0.0394
2015-02-10,27.13,27.0,27.62,26.2,3680000.0,0.0172
2015-02-11,27.44,27.17,27.61,26.77,2570000.0,0.011399999999999999
2015-02-12,29.14,27.85,29.37,27.85,4610000.0,0.062
2015-02-13,28.84,29.24,29.72,28.49,2840000.0,-0.0103
2015-02-14,0,0,0,0,0,0
2015-02-15,0,0,0,0,0,0
2015-02-16,0,0,0,0,0,0
2015-02-17,29.68,28.95,29.93,28.72,2480000.0,0.0291
2015-02-18,29.29,29.8,29.91,29.06,1960000.0,-0.0131
2015-02-19,28.39,28.27,28.81,27.61,2610000.0,-0.030699999999999998
2015-02-20,28.95,28.5,28.95,28.25,1520000.0,0.0197
2015-02-21,0,0,0,0,0,0
2015-02-22,0,0,0,0,0,0
2015-02-23,28.47,28.84,28.86,28.09,1630000.0,-0.0166
2015-02-24,29.97,29.89,31.08,29.75,4550000.0,0.0527
2015-02-25,29.73,30.2,30.27,29.38,1940000.0,-0.008
2015-02-26,29.57,29.53,29.99,29.0,1910000.0,-0.0054
2015-02-27,29.63,29.32,29.75,29.25,1080000.0,0.0019
2015-02-28,0,0,0,0,0,0
2015-03-01,0,0,0,0,0,0
2015-03-02,30.42,29.3,30.47,29.3,1930000.0,0.0268
2015-03-03,30.34,30.42,30.64,30.05,1870000.0,-0.0026
2015-03-04,30.18,30.4,30.95,30.0,3100000.0,-0.0053
2015-03-05,34.6,31.86,34.8,31.5,11000000.0,0.1465
2015-03-06,33.55,35.45,35.5,33.35,7020000.0,-0.030299999999999997
2015-03-07,0,0,0,0,0,0
2015-03-08,0,0,0,0,0,0
2015-03-09,32.31,33.53,33.8,31.38,4740000.0,-0.0371
2015-03-10,31.65,30.96,32.15,30.7,3460000.0,-0.0203
2015-03-11,31.92,31.73,32.53,31.65,2140000.0,0.0085
2015-03-12,32.05,32.0,32.45,31.6,1600000.0,0.0040999999999999995
2015-03-13,32.02,31.55,32.25,30.8,2270000.0,-0.0009
2015-03-14,0,0,0,0,0,0
2015-03-15,0,0,0,0,0,0
2015-03-16,31.64,31.72,31.93,30.98,1980000.0,-0.011899999999999999
2015-03-17,34.23,31.32,34.44,31.32,3710000.0,0.0819
2015-03-18,34.58,33.9,34.84,33.65,2420000.0,0.0102
2015-03-19,34.7,34.5,35.35,34.25,2180000.0,0.0034999999999999996
2015-03-20,34.88,34.75,35.25,34.16,1810000.0,0.005
2015-03-21,0,0,0,0,0,0
2015-03-22,0,0,0,0,0,0
2015-03-23,35.79,34.64,36.15,34.4,2550000.0,0.0262
2015-03-24,36.03,35.71,36.4,35.51,2040000.0,0.0067
2015-03-25,34.8,36.04,36.09,34.15,2930000.0,-0.0341
2015-03-26,34.59,34.42,35.1,34.12,1560000.0,-0.006
2015-03-27,34.48,34.48,34.95,33.91,1220000.0,-0.0032
2015-03-28,0,0,0,0,0,0
2015-03-29,0,0,0,0,0,0
2015-03-30,33.12,34.72,34.82,32.8,3060000.0,-0.0394
2015-03-31,33.39,32.9,33.98,32.32,1710000.0,0.008199999999999999
2015-04-01,33.81,33.32,34.29,33.22,1670000.0,0.0126
2015-04-02,33.89,33.74,34.71,33.69,1450000.0,0.0024
2015-04-03,0,0,0,0,0,0
2015-04-04,0,0,0,0,0,0
2015-04-05,0,0,0,0,0,0
2015-04-06,34.19,33.66,34.48,33.28,1710000.0,0.0089
2015-04-07,33.92,34.09,34.53,33.83,1370000.0,-0.0079
2015-04-08,34.12,34.0,34.67,33.98,1490000.0,0.0059
2015-04-09,34.13,34.24,34.36,33.82,1270000.0,0.0003
2015-04-10,34.54,34.13,34.79,34.0,1410000.0,0.012
2015-04-11,0,0,0,0,0,0
2015-04-12,0,0,0,0,0,0
2015-04-13,35.22,34.74,35.6,34.7,1710000.0,0.0197
2015-04-14,35.07,35.36,35.63,34.52,1180000.0,-0.0043
2015-04-15,35.59,35.16,35.66,34.77,1480000.0,0.0148
2015-04-16,35.99,35.74,36.48,35.42,1820000.0,0.011200000000000002
2015-04-17,34.82,35.51,35.64,34.6,1830000.0,-0.0325
2015-04-18,0,0,0,0,0,0
2015-04-19,0,0,0,0,0,0
2015-04-20,35.25,35.44,35.5,34.5,1830000.0,0.0123
2015-04-21,35.85,35.44,35.99,35.28,1320000.0,0.017
2015-04-22,36.24,35.93,36.7,35.93,1450000.0,0.0109
2015-04-23,36.49,36.23,36.82,36.0,1480000.0,0.0069
2015-04-24,36.36,36.49,36.96,36.06,1160000.0,-0.0036
2015-04-25,0,0,0,0,0,0
2015-04-26,0,0,0,0,0,0
2015-04-27,35.65,36.38,36.8,35.46,1290000.0,-0.0195
2015-04-28,37.73,35.53,37.84,35.53,3170000.0,0.0583
2015-04-29,37.12,37.41,38.01,36.76,2120000.0,-0.016200000000000003
2015-04-30,35.4,37.1,37.49,35.01,2540000.0,-0.0463
2015-05-01,36.26,35.42,36.82,35.3,1500000.0,0.024300000000000002
2015-05-02,0,0,0,0,0,0
2015-05-03,0,0,0,0,0,0
2015-05-04,36.44,36.58,37.06,36.18,1310000.0,0.005
2015-05-05,35.92,36.23,36.98,35.65,2110000.0,-0.0143
2015-05-06,34.64,35.95,36.28,34.36,3060000.0,-0.0356
2015-05-07,34.28,35.23,35.68,32.88,4530000.0,-0.0104
2015-05-08,37.1,34.71,37.49,34.57,4320000.0,0.0823
2015-05-09,0,0,0,0,0,0
2015-05-10,0,0,0,0,0,0
2015-05-11,39.09,37.25,40.08,37.22,5990000.0,0.0536
2015-05-12,38.79,38.62,39.0,37.93,2130000.0,-0.0077
2015-05-13,38.99,39.02,39.6,38.85,1740000.0,0.0052
2015-05-14,38.73,39.16,39.49,38.49,1950000.0,-0.0067
2015-05-15,38.85,38.68,39.33,38.07,1510000.0,0.0031
2015-05-16,0,0,0,0,0,0
2015-05-17,0,0,0,0,0,0
2015-05-18,37.06,39.12,40.01,36.84,6700000.0,-0.0462
2015-05-19,34.96,37.45,37.78,34.65,6380000.0,-0.0565
2015-05-20,33.31,34.99,35.22,33.13,6390000.0,-0.0472
2015-05-21,34.03,34.05,35.17,33.51,4710000.0,0.0216
2015-05-22,33.71,33.88,34.55,33.3,2750000.0,-0.009399999999999999
2015-05-23,0,0,0,0,0,0
2015-05-24,0,0,0,0,0,0
2015-05-25,0,0,0,0,0,0
2015-05-26,33.31,33.35,33.75,32.69,2620000.0,-0.011899999999999999
2015-05-27,33.26,33.37,33.67,32.61,2170000.0,-0.0015
2015-05-28,33.69,33.87,34.48,33.3,2390000.0,0.0129
2015-05-29,32.66,33.51,33.9,32.55,2370000.0,-0.030600000000000002
2015-05-30,0,0,0,0,0,0
2015-05-31,0,0,0,0,0,0
2015-06-01,32.35,33.0,33.11,31.95,2390000.0,-0.0095
2015-06-02,32.17,32.05,32.57,30.6,3320000.0,-0.005600000000000001
2015-06-03,32.06,32.3,32.45,31.76,1830000.0,-0.0034000000000000002
2015-06-04,31.52,32.01,32.33,31.12,2380000.0,-0.0168
2015-06-05,33.16,31.46,33.36,31.27,2950000.0,0.052000000000000005
2015-06-06,0,0,0,0,0,0
2015-06-07,0,0,0,0,0,0
2015-06-08,32.2,33.6,33.6,31.93,2640000.0,-0.028999999999999998
2015-06-09,31.23,31.96,32.07,30.72,2770000.0,-0.0301
2015-06-10,32.54,31.42,32.8,31.41,2320000.0,0.04190000000000001
2015-06-11,33.41,32.63,33.6,32.37,2100000.0,0.026699999999999998
2015-06-12,32.78,33.26,33.65,32.75,1390000.0,-0.019
2015-06-13,0,0,0,0,0,0
2015-06-14,0,0,0,0,0,0
2015-06-15,33.18,32.2,33.5,31.87,1480000.0,0.0124
2015-06-16,32.72,32.9,33.32,32.63,1180000.0,-0.0139
2015-06-17,33.24,32.75,33.49,32.75,1360000.0,0.0159
2015-06-18,33.2,33.22,33.31,32.85,1430000.0,-0.0012
2015-06-19,32.31,33.14,33.43,32.06,2370000.0,-0.0268
2015-06-20,0,0,0,0,0,0
2015-06-21,0,0,0,0,0,0
2015-06-22,32.03,32.5,32.59,31.77,1500000.0,-0.0087
2015-06-23,32.86,31.98,32.94,31.86,1110000.0,0.0259
2015-06-24,32.36,32.69,32.73,32.01,1530000.0,-0.0152
2015-06-25,32.14,32.57,32.57,32.11,1020000.0,-0.0068000000000000005
2015-06-26,29.75,32.0,32.07,29.6,4179999.9999999995,-0.07440000000000001
2015-06-27,0,0,0,0,0,0
2015-06-28,0,0,0,0,0,0
2015-06-29,28.25,28.24,30.12,27.6,3470000.0,-0.0504
2015-06-30,28.6,28.61,29.47,28.17,1970000.0,0.0124
2015-07-01,27.25,29.13,29.3,27.2,2990000.0,-0.0472
2015-07-02,27.4,27.28,27.8,26.61,2230000.0,0.0055000000000000005
2015-07-03,0,0,0,0,0,0
2015-07-04,0,0,0,0,0,0
2015-07-05,0,0,0,0,0,0
2015-07-06,25.84,26.25,26.69,25.5,2810000.0,-0.056900000000000006
2015-07-07,26.26,25.73,26.56,24.23,3900000.0,0.0163
2015-07-08,24.57,24.95,25.9,24.27,2890000.0,-0.0644
2015-07-09,25.64,25.75,26.53,25.51,3130000.0,0.0435
2015-07-10,25.83,26.56,26.86,25.5,2040000.0,0.0074
2015-07-11,0,0,0,0,0,0
2015-07-12,0,0,0,0,0,0
2015-07-13,26.44,26.45,26.8,26.06,2120000.0,0.0236
2015-07-14,26.64,26.37,27.38,26.37,1750000.0,0.0076
2015-07-15,26.23,26.57,27.09,26.01,1540000.0,-0.0154
2015-07-16,26.86,26.49,26.9,26.35,1350000.0,0.024
2015-07-17,26.55,26.92,27.06,26.49,1290000.0,-0.0115
2015-07-18,0,0,0,0,0,0
2015-07-19,0,0,0,0,0,0
2015-07-20,26.36,26.81,27.21,26.25,1520000.0,-0.0072
2015-07-21,26.14,26.47,26.53,25.79,1630000.0,-0.0083
2015-07-22,25.84,25.99,25.99,25.18,1480000.0,-0.0115
2015-07-23,25.67,25.79,26.5,25.48,1670000.0,-0.0066
2015-07-24,25.25,25.68,25.75,25.02,1630000.0,-0.016399999999999998
2015-07-25,0,0,0,0,0,0
2015-07-26,0,0,0,0,0,0
2015-07-27,24.79,24.7,25.39,23.65,1810000.0,-0.0182
2015-07-28,25.74,24.87,26.09,24.57,1660000.0,0.0383
2015-07-29,27.21,25.75,27.39,25.43,2020000.0,0.0571
2015-07-30,26.77,27.26,27.6,26.51,1770000.0,-0.016200000000000003
2015-07-31,26.85,26.73,27.48,26.5,1270000.0,0.0032
2015-08-01,0,0,0,0,0,0
2015-08-02,0,0,0,0,0,0
2015-08-03,24.75,26.75,26.94,24.6,3720000.0,-0.0784
2015-08-04,24.57,25.01,25.03,23.89,2480000.0,-0.0073
2015-08-05,26.55,25.56,27.21,25.41,3010000.0,0.0806
2015-08-06,25.73,26.77,26.89,25.16,2350000.0,-0.030899999999999997
2015-08-07,25.05,25.69,25.93,24.69,1690000.0,-0.0264
2015-08-08,0,0,0,0,0,0
2015-08-09,0,0,0,0,0,0
2015-08-10,25.95,25.34,26.01,25.13,1230000.0,0.0359
2015-08-11,24.87,25.83,25.9,24.52,1810000.0,-0.0416
2015-08-12,24.29,24.38,24.74,23.26,3080000.0,-0.0233
2015-08-13,24.55,24.45,25.07,24.35,1670000.0,0.010700000000000001
2015-08-14,24.74,24.68,25.54,24.57,1670000.0,0.0077
2015-08-15,0,0,0,0,0,0
2015-08-16,0,0,0,0,0,0
2015-08-17,24.23,24.76,24.99,23.73,3190000.0,-0.0206
2015-08-18,24.69,24.53,25.0,23.67,3160000.0,0.019
2015-08-19,20.2,21.45,21.63,19.54,15160000.0,-0.1819
2015-08-20,18.78,19.97,19.99,18.54,4810000.0,-0.0703
2015-08-21,17.4,18.13,18.83,17.36,5270000.0,-0.0735
2015-08-22,0,0,0,0,0,0
2015-08-23,0,0,0,0,0,0
2015-08-24,16.28,14.51,17.56,14.16,4530000.0,-0.0644
2015-08-25,17.11,18.15,18.58,16.74,4770000.0,0.051
2015-08-26,17.2,17.5,17.69,16.33,4080000.0,0.0053
2015-08-27,18.23,17.95,18.24,17.38,2970000.0,0.0599
2015-08-28,18.83,18.11,19.32,18.0,2600000.0,0.0329
2015-08-29,0,0,0,0,0,0
2015-08-30,0,0,0,0,0,0
2015-08-31,18.72,18.51,19.33,18.43,1790000.0,-0.0058
2015-09-01,18.01,18.1,18.65,17.87,2009999.9999999998,-0.0379
2015-09-02,18.42,18.31,18.43,17.7,1430000.0,0.022799999999999997
2015-09-03,18.59,18.58,19.25,18.25,1490000.0,0.0092
2015-09-04,18.32,18.39,18.8,18.08,1190000.0,-0.014499999999999999
2015-09-05,0,0,0,0,0,0
2015-09-06,0,0,0,0,0,0
2015-09-07,0,0,0,0,0,0
2015-09-08,18.86,18.56,19.21,18.5,1610000.0,0.029500000000000002
2015-09-09,19.18,19.36,19.85,18.87,2200000.0,0.017
2015-09-10,19.37,19.16,19.77,19.08,1410000.0,0.009899999999999999
2015-09-11,18.96,19.17,19.46,18.69,1320000.0,-0.0212
2015-09-12,0,0,0,0,0,0
2015-09-13,0,0,0,0,0,0
2015-09-14,18.72,18.92,19.03,18.51,1310000.0,-0.0127
2015-09-15,19.13,18.59,19.2,18.52,1490000.0,0.0219
2015-09-16,19.71,19.21,19.99,19.21,1470000.0,0.030299999999999997
2015-09-17,20.5,19.63,20.94,19.56,2330000.0,0.0401
2015-09-18,19.08,19.68,19.99,19.06,2550000.0,-0.0693
2015-09-19,0,0,0,0,0,0
2015-09-20,0,0,0,0,0,0
2015-09-21,19.04,19.27,19.54,18.83,1270000.0,-0.0021
2015-09-22,18.21,18.58,18.77,18.16,1560000.0,-0.0436
2015-09-23,17.16,18.18,18.38,17.07,1750000.0,-0.057699999999999994
2015-09-24,17.18,17.05,17.43,16.15,2420000.0,0.0012
2015-09-25,17.03,17.51,17.95,16.86,1590000.0,-0.0087
2015-09-26,0,0,0,0,0,0
2015-09-27,0,0,0,0,0,0
2015-09-28,15.72,16.96,17.0,15.5,3020000.0,-0.07690000000000001
2015-09-29,15.86,15.85,16.33,15.6,2310000.0,0.0089
2015-09-30,16.62,16.19,16.72,16.12,1610000.0,0.0479
2015-10-01,16.67,16.73,17.0,16.05,1700000.0,0.003
2015-10-02,18.77,16.48,18.99,16.27,3480000.0,0.126
2015-10-03,0,0,0,0,0,0
2015-10-04,0,0,0,0,0,0
2015-10-05,19.54,18.99,19.8,18.41,2890000.0,0.040999999999999995
2015-10-06,19.42,19.53,20.49,18.96,2590000.0,-0.0060999999999999995
2015-10-07,20.31,19.88,20.97,19.58,2280000.0,0.0458
2015-10-08,20.6,20.11,20.73,19.62,2040000.0,0.0143
2015-10-09,21.12,20.8,21.24,20.3,1990000.0,0.0252
2015-10-10,0,0,0,0,0,0
2015-10-11,0,0,0,0,0,0
2015-10-12,20.64,21.42,21.45,20.22,1870000.0,-0.0227
2015-10-13,20.59,20.29,21.15,20.06,1070000.0,-0.0024
2015-10-14,21.13,20.71,21.43,20.66,1640000.0,0.0262
2015-10-15,21.6,21.33,21.98,21.05,2360000.0,0.0222
2015-10-16,21.7,21.52,21.75,21.15,1320000.0,0.0046
2015-10-17,0,0,0,0,0,0
2015-10-18,0,0,0,0,0,0
2015-10-19,21.74,21.43,22.44,21.2,1710000.0,0.0018
2015-10-20,21.65,21.74,22.3,21.35,1240000.0,-0.0040999999999999995
2015-10-21,20.73,21.73,21.9,20.7,1380000.0,-0.0425
2015-10-22,21.02,20.9,21.57,20.74,2190000.0,0.013999999999999999
2015-10-23,20.68,21.2,21.25,20.26,1970000.0,-0.016200000000000003
2015-10-24,0,0,0,0,0,0
2015-10-25,0,0,0,0,0,0
2015-10-26,21.66,22.0,22.75,21.53,4059999.9999999995,0.047400000000000005
2015-10-27,20.65,21.49,21.61,20.47,1960000.0,-0.0466
2015-10-28,21.67,20.68,21.8,20.57,1470000.0,0.049400000000000006
2015-10-29,21.44,21.79,22.07,21.27,1260000.0,-0.0106
2015-10-30,21.83,21.15,21.9,20.49,2049999.9999999998,0.0182
2015-10-31,0,0,0,0,0,0
2015-11-01,0,0,0,0,0,0
2015-11-02,22.65,21.83,22.84,21.52,1880000.0,0.037599999999999995
2015-11-03,23.23,22.72,23.7,22.58,1960000.0,0.0256
2015-11-04,23.25,23.73,24.0,22.55,2009999.9999999998,0.0009
2015-11-05,22.85,23.15,23.41,22.51,1380000.0,-0.0172
2015-11-06,23.57,22.84,23.65,22.63,1540000.0,0.0315
2015-11-07,0,0,0,0,0,0
2015-11-08,0,0,0,0,0,0
2015-11-09,23.03,23.64,23.96,22.83,2440000.0,-0.0229
2015-11-10,22.25,24.8,24.88,20.81,12040000.0,-0.0339
2015-11-11,22.83,22.47,23.29,21.73,3340000.0,0.026099999999999998
2015-11-12,21.88,22.07,23.12,21.7,2720000.0,-0.0416
2015-11-13,21.31,21.6,22.24,21.21,2210000.0,-0.026099999999999998
2015-11-14,0,0,0,0,0,0
2015-11-15,0,0,0,0,0,0
2015-11-16,21.54,21.15,21.63,20.53,2780000.0,0.0108
2015-11-17,20.21,22.04,22.04,20.08,3390000.0,-0.0617
2015-11-18,21.18,20.22,21.28,20.22,2550000.0,0.048
2015-11-19,20.57,20.98,21.15,20.4,2009999.9999999998,-0.0288
2015-11-20,20.9,20.86,21.04,20.5,2009999.9999999998,0.016
2015-11-21,0,0,0,0,0,0
2015-11-22,0,0,0,0,0,0
2015-11-23,21.13,20.67,21.39,20.55,1500000.0,0.011000000000000001
2015-11-24,21.85,21.02,21.95,20.85,1700000.0,0.0341
2015-11-25,22.31,21.9,22.62,21.69,2000000.0,0.021099999999999997
2015-11-26,0,0,0,0,0,0
2015-11-27,22.5,22.1,22.54,21.87,871220.0,0.0085
2015-11-28,0,0,0,0,0,0
2015-11-29,0,0,0,0,0,0
2015-11-30,23.03,22.55,23.24,22.51,1650000.0,0.0236
2015-12-01,23.46,23.25,23.66,23.03,2110000.0,0.0187
2015-12-02,23.88,23.39,24.04,23.3,3130000.0,0.0179
2015-12-03,24.15,23.99,24.98,23.81,2330000.0,0.0113
2015-12-04,24.6,24.28,24.67,23.29,2640000.0,0.018600000000000002
2015-12-05,0,0,0,0,0,0
2015-12-06,0,0,0,0,0,0
2015-12-07,24.16,24.46,24.78,23.94,1670000.0,-0.0179
2015-12-08,24.1,23.53,24.18,22.91,1420000.0,-0.0025
2015-12-09,23.62,24.08,24.83,23.51,1830000.0,-0.0199
2015-12-10,24.19,23.08,24.33,22.54,2020000.0,0.0241
2015-12-11,23.46,23.56,24.11,23.3,1360000.0,-0.0302
2015-12-12,0,0,0,0,0,0
2015-12-13,0,0,0,0,0,0
2015-12-14,24.64,23.85,24.88,23.31,2470000.0,0.050300000000000004
2015-12-15,25.4,25.0,25.97,24.66,3060000.0,0.0308
2015-12-16,27.28,27.0,29.5,26.29,7440000.0,0.07400000000000001
2015-12-17,26.56,27.87,27.88,26.29,2830000.0,-0.0264
2015-12-18,27.07,26.27,27.6,26.06,3260000.0,0.0192
2015-12-19,0,0,0,0,0,0
2015-12-20,0,0,0,0,0,0
2015-12-21,28.5,27.6,28.65,27.11,2720000.0,0.0528
2015-12-22,27.92,28.28,28.28,27.26,2330000.0,-0.0204
2015-12-23,28.93,28.07,29.13,28.01,1990000.0,0.0362
2015-12-24,29.33,28.97,29.83,28.86,1280000.0,0.0138
2015-12-25,0,0,0,0,0,0
2015-12-26,0,0,0,0,0,0
2015-12-27,0,0,0,0,0,0
2015-12-28,29.27,29.1,29.59,28.58,1460000.0,-0.002
2015-12-29,28.94,29.4,29.62,28.06,1760000.0,-0.0113
2015-12-30,28.64,28.55,29.13,28.23,1620000.0,-0.0104
2015-12-31,28.96,28.5,29.06,28.35,1300000.0,0.011200000000000002
2016-01-01,0,0,0,0,0,0
2016-01-02,0,0,0,0,0,0
2016-01-03,0,0,0,0,0,0
2016-01-04,27.98,27.79,28.11,27.31,2740000.0,-0.0338
2016-01-05,27.5,28.46,28.8,27.24,2009999.9999999998,-0.0172
2016-01-06,27.28,26.77,27.56,26.63,2250000.0,-0.008
2016-01-07,22.99,25.92,26.07,22.81,4680000.0,-0.1573
2016-01-08,23.5,24.44,24.5,23.41,1890000.0,0.0222
2016-01-09,0,0,0,0,0,0
2016-01-10,0,0,0,0,0,0
2016-01-11,22.36,23.73,23.81,21.86,2710000.0,-0.048499999999999995
2016-01-12,21.72,22.65,23.1,21.04,3300000.0,-0.0286
2016-01-13,20.63,22.12,22.58,20.32,2750000.0,-0.050199999999999995
2016-01-14,20.28,20.47,20.59,18.84,3300000.0,-0.017
2016-01-15,18.79,18.97,19.32,17.87,3190000.0,-0.0735
2016-01-16,0,0,0,0,0,0
2016-01-17,0,0,0,0,0,0
2016-01-18,0,0,0,0,0,0
2016-01-19,18.74,19.8,20.2,18.58,3580000.0,-0.0027
2016-01-20,18.11,17.79,18.45,16.81,3660000.0,-0.0336
2016-01-21,19.03,18.04,19.7,18.04,2690000.0,0.0508
2016-01-22,19.96,20.16,20.75,19.52,3040000.0,0.0489
2016-01-23,0,0,0,0,0,0
2016-01-24,0,0,0,0,0,0
2016-01-25,19.39,19.67,20.37,19.37,1870000.0,-0.0286
2016-01-26,20.16,19.56,20.31,19.21,1920000.0,0.0397
2016-01-27,19.87,20.1,20.72,19.64,2500000.0,-0.0144
2016-01-28,19.38,20.39,20.75,19.17,1990000.0,-0.024700000000000003
2016-01-29,20.17,19.45,20.23,19.32,1610000.0,0.0408
2016-01-30,0,0,0,0,0,0
2016-01-31,0,0,0,0,0,0
2016-02-01,20.41,20.18,20.47,19.67,1590000.0,0.011899999999999999
2016-02-02,19.46,20.02,20.19,19.15,1560000.0,-0.04650000000000001
2016-02-03,19.19,19.69,19.89,18.41,2280000.0,-0.0139
2016-02-04,20.12,19.26,20.41,19.02,2060000.0,0.048499999999999995
2016-02-05,19.44,20.0,20.14,19.31,1940000.0,-0.0338
2016-02-06,0,0,0,0,0,0
2016-02-07,0,0,0,0,0,0
2016-02-08,18.37,19.03,19.16,18.05,2190000.0,-0.055
2016-02-09,17.77,17.95,18.33,17.21,2580000.0,-0.0327
2016-02-10,17.39,17.16,17.94,17.01,2570000.0,-0.021400000000000002
2016-02-11,15.8,16.71,17.2,15.62,3640000.0,-0.0917
2016-02-12,16.39,16.25,16.76,15.79,2280000.0,0.0377
2016-02-13,0,0,0,0,0,0
2016-02-14,0,0,0,0,0,0
2016-02-15,0,0,0,0,0,0
2016-02-16,19.29,18.17,19.48,18.06,4630000.0,0.1769
2016-02-17,19.24,19.67,19.99,19.13,3040000.0,-0.0026
2016-02-18,19.41,19.68,19.76,18.99,1850000.0,0.0088
2016-02-19,19.78,19.26,19.99,19.08,2040000.0,0.0191
2016-02-20,0,0,0,0,0,0
2016-02-21,0,0,0,0,0,0
2016-02-22,21.0,20.2,21.1,20.19,2240000.0,0.0617
2016-02-23,20.42,20.99,21.05,20.18,1470000.0,-0.0276
2016-02-24,21.81,20.0,21.89,19.51,2720000.0,0.0681
2016-02-25,21.58,21.56,21.75,20.88,2089999.9999999998,-0.0105
2016-02-26,22.38,22.14,23.15,22.05,2530000.0,0.0371
2016-02-27,22.37,22.37,22.37,22.37,2410000.0,-0.0004
2016-02-28,0,0,0,0,0,0
2016-02-29,22.77,22.33,22.92,22.1,1920000.0,0.0179
2016-03-01,22.8,23.27,23.28,22.44,1790000.0,0.0013
2016-03-02,23.48,22.86,23.56,22.67,2340000.0,0.0298
2016-03-03,22.54,23.38,23.54,21.61,4150000.0000000005,-0.04
2016-03-04,22.54,22.94,23.17,22.08,2670000.0,0.0
2016-03-05,0,0,0,0,0,0
2016-03-06,0,0,0,0,0,0
2016-03-07,22.73,22.54,23.04,22.35,1740000.0,0.0084
2016-03-08,21.36,22.62,22.69,21.13,2520000.0,-0.0603
2016-03-09,21.76,21.94,22.0,20.88,2700000.0,0.0187
2016-03-10,18.89,20.02,20.75,18.55,11430000.0,-0.1321
2016-03-11,19.85,19.27,19.96,18.8,3420000.0,0.051100000000000007
2016-03-12,0,0,0,0,0,0
2016-03-13,0,0,0,0,0,0
2016-03-14,19.6,19.5,20.04,19.18,1770000.0,-0.0126
2016-03-15,19.76,19.38,19.8,19.2,2120000.0,0.008199999999999999
2016-03-16,20.11,19.76,20.42,19.56,2040000.0,0.0177
2016-03-17,20.97,19.97,21.41,19.77,3030000.0,0.042800000000000005
2016-03-18,20.54,21.3,21.35,20.46,1740000.0,-0.020499999999999997
2016-03-19,0,0,0,0,0,0
2016-03-20,0,0,0,0,0,0
2016-03-21,20.13,20.44,20.6,19.9,1470000.0,-0.02
2016-03-22,19.83,19.88,20.05,19.51,1540000.0,-0.0149
2016-03-23,18.76,19.77,19.92,18.75,2250000.0,-0.054000000000000006
2016-03-24,18.85,18.36,18.93,17.95,1470000.0,0.0048
2016-03-25,0,0,0,0,0,0
2016-03-26,0,0,0,0,0,0
2016-03-27,0,0,0,0,0,0
2016-03-28,18.63,18.88,18.9,18.32,1040000.0,-0.011699999999999999
2016-03-29,19.27,18.44,19.29,18.2,1600000.0,0.0344
2016-03-30,19.41,19.41,19.92,19.2,1490000.0,0.0073
2016-03-31,19.28,19.37,19.6,19.19,1050000.0,-0.0067
2016-04-01,19.01,19.04,19.18,18.75,1050000.0,-0.013999999999999999
2016-04-02,0,0,0,0,0,0
2016-04-03,0,0,0,0,0,0
2016-04-04,17.99,19.11,19.32,17.92,2910000.0,-0.0537
2016-04-05,17.98,17.64,18.41,17.55,2310000.0,-0.0006
2016-04-06,17.83,17.97,18.29,17.51,2590000.0,-0.0083
2016-04-07,17.32,17.68,17.89,17.02,2380000.0,-0.0286
2016-04-08,17.32,17.59,17.74,17.19,1490000.0,0.0
2016-04-09,0,0,0,0,0,0
2016-04-10,0,0,0,0,0,0
2016-04-11,17.24,17.48,17.71,17.23,1200000.0,-0.0046
2016-04-12,17.5,17.33,17.9,17.26,1720000.0,0.0151
2016-04-13,18.4,17.83,18.59,17.77,2089999.9999999998,0.051399999999999994
2016-04-14,18.36,18.4,18.6,17.98,1260000.0,-0.0022
2016-04-15,18.02,18.24,18.43,17.91,1660000.0,-0.018500000000000003
2016-04-16,0,0,0,0,0,0
2016-04-17,0,0,0,0,0,0
2016-04-18,18.54,17.66,18.75,17.66,1950000.0,0.028900000000000002
2016-04-19,18.18,18.7,18.87,18.13,1650000.0,-0.0194
2016-04-20,18.92,18.23,19.14,18.22,2940000.0,0.0407
2016-04-21,18.96,19.06,19.21,18.72,1360000.0,0.0021
2016-04-22,19.04,18.98,19.54,18.88,1650000.0,0.0042
2016-04-23,0,0,0,0,0,0
2016-04-24,0,0,0,0,0,0
2016-04-25,18.29,18.88,19.33,18.27,1580000.0,-0.0394
2016-04-26,18.74,18.44,18.74,18.18,993220.0,0.0246
2016-04-27,18.99,18.65,19.19,18.58,1320000.0,0.013300000000000001
2016-04-28,18.69,18.7,19.05,18.56,1440000.0,-0.0158
2016-04-29,17.91,18.7,18.95,17.72,2600000.0,-0.0417
2016-04-30,0,0,0,0,0,0
2016-05-01,0,0,0,0,0,0
2016-05-02,17.52,17.91,18.05,17.18,1990000.0,-0.0218
2016-05-03,16.57,17.25,17.35,16.3,3310000.0,-0.0542
2016-05-04,16.37,16.5,17.07,16.21,2049999.9999999998,-0.0121
2016-05-05,16.12,16.66,16.72,16.09,1450000.0,-0.015300000000000001
2016-05-06,15.9,16.07,16.4,15.53,2560000.0,-0.013600000000000001
2016-05-07,0,0,0,0,0,0
2016-05-08,0,0,0,0,0,0
2016-05-09,15.46,15.86,16.16,15.21,2400000.0,-0.0277
2016-05-10,15.46,15.1,15.62,15.02,3550000.0,0.0
2016-05-11,17.38,17.56,18.46,17.17,7980000.0,0.1242
2016-05-12,17.04,17.43,17.81,16.52,3290000.0,-0.0196
2016-05-13,16.91,16.94,17.5,16.7,1750000.0,-0.0076
2016-05-14,0,0,0,0,0,0
2016-05-15,0,0,0,0,0,0
2016-05-16,17.5,16.96,17.64,16.95,1380000.0,0.0349
2016-05-17,17.4,17.4,17.69,17.18,1490000.0,-0.005699999999999999
2016-05-18,17.4,17.3,17.67,17.21,1630000.0,0.0
2016-05-19,17.38,17.31,17.54,17.0,1430000.0,-0.0011
2016-05-20,18.06,17.43,18.22,17.42,2120000.0,0.0391
2016-05-21,0,0,0,0,0,0
2016-05-22,0,0,0,0,0,0
2016-05-23,18.54,18.04,18.86,18.04,1990000.0,0.026600000000000002
2016-05-24,19.14,18.8,19.27,18.75,2320000.0,0.032400000000000005
2016-05-25,19.56,19.28,19.6,19.21,2120000.0,0.0219
2016-05-26,18.82,19.65,19.65,18.61,2100000.0,-0.0378
2016-05-27,18.72,18.8,19.04,18.64,1470000.0,-0.0053
2016-05-28,0,0,0,0,0,0
2016-05-29,0,0,0,0,0,0
2016-05-30,0,0,0,0,0,0
2016-05-31,18.68,18.62,18.9,18.45,1480000.0,-0.0021
2016-06-01,18.66,18.49,18.76,18.09,1390000.0,-0.0011
2016-06-02,18.06,18.32,18.54,18.0,2140000.0,-0.0322
2016-06-03,17.51,17.88,17.98,17.27,2440000.0,-0.0305
2016-06-04,0,0,0,0,0,0
2016-06-05,0,0,0,0,0,0
2016-06-06,18.23,17.58,18.26,17.47,1620000.0,0.041100000000000005
2016-06-07,18.24,18.27,18.48,18.05,1410000.0,0.0005
2016-06-08,18.07,18.32,18.32,17.91,1640000.0,-0.009300000000000001
2016-06-09,17.89,17.93,18.06,17.67,1540000.0,-0.01
2016-06-10,16.38,17.49,17.62,16.35,3780000.0,-0.08439999999999999
2016-06-11,0,0,0,0,0,0
2016-06-12,0,0,0,0,0,0
2016-06-13,15.85,16.17,16.44,15.77,2300000.0,-0.032400000000000005
2016-06-14,15.86,15.85,16.31,15.51,1960000.0,0.0006
2016-06-15,15.73,15.8,16.49,15.71,2160000.0,-0.008199999999999999
2016-06-16,15.63,15.51,15.83,15.26,2009999.9999999998,-0.0064
2016-06-17,15.76,15.73,16.07,15.65,1640000.0,0.0083
2016-06-18,0,0,0,0,0,0
2016-06-19,0,0,0,0,0,0
2016-06-20,16.09,16.07,16.36,15.96,1480000.0,0.0209
2016-06-21,15.84,16.13,16.2,15.73,1460000.0,-0.0155
2016-06-22,15.83,15.95,16.33,15.82,1220000.0,-0.0006
2016-06-23,16.25,16.09,16.25,15.85,1210000.0,0.0265
2016-06-24,14.83,15.0,15.63,14.5,4350000.0,-0.0874
2016-06-25,0,0,0,0,0,0
2016-06-26,0,0,0,0,0,0
2016-06-27,13.8,14.72,14.85,13.56,3340000.0,-0.0695
2016-06-28,14.52,14.3,14.56,14.15,1870000.0,0.052199999999999996
2016-06-29,14.88,14.8,15.02,14.55,1700000.0,0.0248
2016-06-30,15.12,14.88,15.17,14.74,1350000.0,0.0161
2016-07-01,15.26,14.94,15.4,14.86,1050000.0,0.009300000000000001
2016-07-02,0,0,0,0,0,0
2016-07-03,0,0,0,0,0,0
2016-07-04,0,0,0,0,0,0
2016-07-05,14.82,14.96,15.01,14.52,1680000.0,-0.0288
2016-07-06,15.09,14.53,15.18,14.46,1340000.0,0.0182
2016-07-07,14.84,15.08,15.29,14.65,1380000.0,-0.0166
2016-07-08,15.03,15.01,15.19,14.85,1680000.0,0.0128
2016-07-09,0,0,0,0,0,0
2016-07-10,0,0,0,0,0,0
2016-07-11,15.67,15.19,15.81,15.13,1700000.0,0.0426
2016-07-12,15.89,15.77,16.16,15.68,1830000.0,0.013999999999999999
2016-07-13,15.24,15.88,15.88,15.06,2100000.0,-0.0409
2016-07-14,14.96,15.37,15.41,14.86,3590000.0,-0.0184
2016-07-15,14.56,15.0,15.0,14.32,3310000.0,-0.026699999999999998
2016-07-16,0,0,0,0,0,0
2016-07-17,0,0,0,0,0,0
2016-07-18,14.78,14.54,14.85,14.11,3320000.0,0.0151
2016-07-19,14.41,14.81,14.89,14.33,1830000.0,-0.025
2016-07-20,14.76,14.46,14.98,14.44,1910000.0,0.024300000000000002
2016-07-21,14.62,14.82,15.11,14.55,1480000.0,-0.0095
2016-07-22,14.58,14.66,14.69,14.31,1530000.0,-0.0027
2016-07-23,0,0,0,0,0,0
2016-07-24,0,0,0,0,0,0
2016-07-25,14.78,14.6,14.81,14.42,1190000.0,0.0137
2016-07-26,14.89,14.73,15.17,14.63,1580000.0,0.0074
2016-07-27,14.88,14.98,15.18,14.77,1410000.0,-0.0007000000000000001
2016-07-28,14.39,14.84,14.85,14.32,1980000.0,-0.0329
2016-07-29,14.2,14.28,14.36,14.07,1410000.0,-0.0132
2016-07-30,0,0,0,0,0,0
2016-07-31,0,0,0,0,0,0
2016-08-01,14.77,14.23,15.46,14.04,5380000.0,0.0401
2016-08-02,14.38,14.85,14.93,14.32,1530000.0,-0.0264
2016-08-03,14.23,14.09,14.43,13.78,2240000.0,-0.0104
2016-08-04,14.2,14.25,14.45,14.0,1290000.0,-0.0021
2016-08-05,14.57,14.22,14.68,14.2,1620000.0,0.026099999999999998
2016-08-06,0,0,0,0,0,0
2016-08-07,0,0,0,0,0,0
2016-08-08,14.66,14.58,14.91,14.55,1200000.0,0.0062
2016-08-09,14.45,14.72,14.75,14.41,1370000.0,-0.0143
2016-08-10,13.16,13.85,13.9,13.0,5590000.0,-0.08929999999999999
2016-08-11,13.09,13.32,13.36,12.88,2230000.0,-0.0053
2016-08-12,12.91,13.09,13.19,12.74,2760000.0,-0.0138
2016-08-13,0,0,0,0,0,0
2016-08-14,0,0,0,0,0,0
2016-08-15,13.25,12.96,13.37,12.87,2260000.0,0.0263
2016-08-16,13.08,13.15,13.27,13.0,1360000.0,-0.0128
2016-08-17,12.21,12.9,13.08,12.12,6010000.0,-0.0665
2016-08-18,14.35,13.25,14.85,13.06,12600000.0,0.1753
2016-08-19,13.9,14.08,14.24,13.7,4910000.0,-0.031400000000000004
2016-08-20,0,0,0,0,0,0
2016-08-21,0,0,0,0,0,0
2016-08-22,13.37,13.72,13.84,13.21,3250000.0,-0.0381
2016-08-23,13.46,13.43,13.59,13.33,1660000.0,0.0067
2016-08-24,12.89,13.0,13.45,12.81,3210000.0,-0.042300000000000004
2016-08-25,12.98,12.86,13.15,12.69,1810000.0,0.006999999999999999
2016-08-26,13.13,12.98,13.52,12.95,1780000.0,0.0116
2016-08-27,0,0,0,0,0,0
2016-08-28,0,0,0,0,0,0
2016-08-29,13.09,13.1,13.29,13.04,949850.0,-0.003
2016-08-30,13.18,13.05,13.52,13.05,1480000.0,0.0069
2016-08-31,12.89,13.08,13.17,12.78,2330000.0,-0.022000000000000002
2016-09-01,12.97,12.95,13.18,12.81,1940000.0,0.0062
2016-09-02,13.14,12.82,13.22,12.82,1760000.0,0.0131
2016-09-03,0,0,0,0,0,0
2016-09-04,0,0,0,0,0,0
2016-09-05,0,0,0,0,0,0
2016-09-06,13.67,13.16,13.77,13.14,1830000.0,0.0403
2016-09-07,13.42,13.41,13.73,13.38,1530000.0,-0.0183
2016-09-08,13.67,13.35,13.73,13.03,1560000.0,0.018600000000000002
2016-09-09,13.04,13.5,13.77,13.04,1710000.0,-0.0461
2016-09-10,0,0,0,0,0,0
2016-09-11,0,0,0,0,0,0
2016-09-12,13.02,12.91,13.17,12.75,1320000.0,-0.0015
2016-09-13,12.66,12.87,12.97,12.42,2210000.0,-0.0276
2016-09-14,12.12,12.5,12.68,11.93,2820000.0,-0.042699999999999995
2016-09-15,12.14,12.09,12.29,12.06,1900000.0,0.0017000000000000001
2016-09-16,11.85,12.05,12.11,11.72,2570000.0,-0.0239
2016-09-17,0,0,0,0,0,0
2016-09-18,0,0,0,0,0,0
2016-09-19,12.02,11.87,12.17,11.86,1400000.0,0.0143
2016-09-20,12.04,12.2,12.2,11.84,1120000.0,0.0017000000000000001
2016-09-21,12.37,12.09,12.48,12.05,2410000.0,0.0274
2016-09-22,12.56,12.5,12.58,12.2,1250000.0,0.0154
2016-09-23,12.96,12.69,13.2,12.48,2180000.0,0.0318
2016-09-24,0,0,0,0,0,0
2016-09-25,0,0,0,0,0,0
2016-09-26,12.67,12.87,12.94,12.56,918100.0,-0.022400000000000003
2016-09-27,13.17,12.6,13.28,12.6,1310000.0,0.0395
2016-09-28,13.61,13.32,13.87,13.27,2210000.0,0.0334
2016-09-29,14.12,13.68,14.28,13.63,2810000.0,0.0375
2016-09-30,13.74,13.94,14.17,13.68,1910000.0,-0.0269
2016-10-01,0,0,0,0,0,0
2016-10-02,0,0,0,0,0,0
2016-10-03,13.98,13.68,14.13,13.66,1530000.0,0.0175
2016-10-04,13.77,14.0,14.12,13.68,1130000.0,-0.015
2016-10-05,14.71,13.93,14.85,13.88,3020000.0,0.0683
2016-10-06,14.84,14.84,15.08,14.46,2049999.9999999998,0.0088
2016-10-07,14.35,14.81,14.81,14.25,1680000.0,-0.033
2016-10-08,0,0,0,0,0,0
2016-10-09,0,0,0,0,0,0
2016-10-10,14.66,14.48,14.76,14.42,1630000.0,0.0216
2016-10-11,14.52,14.67,14.83,14.12,1730000.0,-0.0095
2016-10-12,14.71,14.4,14.84,14.32,1230000.0,0.0131
2016-10-13,15.09,14.52,15.28,14.27,2080000.0,0.0258
2016-10-14,14.99,15.2,15.45,14.82,1440000.0,-0.0066
2016-10-15,0,0,0,0,0,0
2016-10-16,0,0,0,0,0,0
2016-10-17,14.7,15.0,15.03,14.6,848750.0,-0.019299999999999998
2016-10-18,14.87,14.93,14.99,14.75,648830.0,0.0116
2016-10-19,15.53,14.89,15.65,14.75,2470000.0,0.0444
2016-10-20,15.7,15.36,15.79,15.28,1290000.0,0.0109
2016-10-21,15.75,15.65,15.94,15.54,1060000.0,0.0032
2016-10-22,0,0,0,0,0,0
2016-10-23,0,0,0,0,0,0
2016-10-24,15.46,15.92,15.95,15.35,884700.0,-0.0184
2016-10-25,15.22,15.46,15.56,15.09,766460.0,-0.0155
2016-10-26,15.3,15.05,15.48,15.04,734780.0,0.0053
2016-10-27,14.99,15.35,15.5,14.94,907610.0,-0.0203
2016-10-28,14.76,14.91,15.12,14.7,810100.0,-0.015300000000000001
2016-10-29,0,0,0,0,0,0
2016-10-30,0,0,0,0,0,0
2016-10-31,14.44,14.56,14.76,14.26,848780.0,-0.0217
2016-11-01,14.66,14.52,14.84,14.37,878290.0,0.0152
2016-11-02,14.42,14.52,14.75,14.37,881410.0,-0.016399999999999998
2016-11-03,12.87,14.2,14.39,12.73,3080000.0,-0.1075
2016-11-04,12.3,12.91,12.91,12.08,3140000.0,-0.0443
2016-11-05,0,0,0,0,0,0
2016-11-06,0,0,0,0,0,0
2016-11-07,12.76,12.71,12.99,12.65,1720000.0,0.0374
2016-11-08,13.31,13.99,13.99,12.7,1630000.0,0.0431
2016-11-09,11.52,11.58,12.4,10.25,8060000.000000001,-0.1349
2016-11-10,11.51,11.97,11.97,10.95,3330000.0,-0.0004
2016-11-11,11.78,11.3,11.78,11.06,1720000.0,0.0235
2016-11-12,0,0,0,0,0,0
2016-11-13,0,0,0,0,0,0
2016-11-14,11.9,11.75,12.18,11.6,1100000.0,0.0102
2016-11-15,11.73,11.99,12.01,11.52,1140000.0,-0.0143
2016-11-16,11.81,12.05,12.08,11.63,1140000.0,0.0068000000000000005
2016-11-17,11.68,11.45,11.98,11.27,1710000.0,-0.011000000000000001
2016-11-18,11.7,11.58,11.75,11.45,1280000.0,0.0017000000000000001
2016-11-19,0,0,0,0,0,0
2016-11-20,0,0,0,0,0,0
2016-11-21,10.68,11.5,11.73,10.52,5760000.0,-0.0872
2016-11-22,10.65,10.57,10.93,10.36,2770000.0,-0.0028000000000000004
2016-11-23,10.83,10.53,10.84,10.36,1710000.0,0.0169
2016-11-24,0,0,0,0,0,0
2016-11-25,11.58,10.82,11.73,10.82,1840000.0,0.0693
2016-11-26,0,0,0,0,0,0
2016-11-27,0,0,0,0,0,0
2016-11-28,11.52,11.57,11.69,11.44,1310000.0,-0.0052
2016-11-29,11.37,11.44,11.6,11.2,1430000.0,-0.013000000000000001
2016-11-30,11.53,11.57,11.63,11.26,1190000.0,0.0141
2016-12-01,11.28,11.66,11.7,11.18,1280000.0,-0.0217
2016-12-02,11.07,11.24,11.39,11.02,1260000.0,-0.018600000000000002
2016-12-03,0,0,0,0,0,0
2016-12-04,0,0,0,0,0,0
2016-12-05,11.79,11.33,11.99,11.11,2220000.0,0.065
2016-12-06,11.99,11.64,12.2,11.64,1550000.0,0.017
2016-12-07,12.72,12.05,13.25,11.88,2820000.0,0.060899999999999996
2016-12-08,12.65,12.57,12.84,12.44,1250000.0,-0.0055000000000000005
2016-12-09,12.78,12.66,13.21,12.58,1280000.0,0.0103
2016-12-10,0,0,0,0,0,0
2016-12-11,0,0,0,0,0,0
2016-12-12,12.68,13.0,13.11,12.52,955540.0,-0.0078000000000000005
2016-12-13,12.41,12.72,12.77,12.12,1400000.0,-0.0213
2016-12-14,12.16,12.34,12.49,12.07,1080000.0,-0.020099999999999996
2016-12-15,12.22,12.09,12.31,11.87,853840.0,0.0049
2016-12-16,12.5,12.29,12.74,12.17,1480000.0,0.0229
2016-12-17,0,0,0,0,0,0
2016-12-18,0,0,0,0,0,0
2016-12-19,12.71,12.62,12.79,12.42,1090000.0,0.0168
2016-12-20,12.53,12.75,12.88,12.35,1030000.0,-0.014199999999999999
2016-12-21,12.32,12.52,12.7,12.31,577680.0,-0.0168
2016-12-22,12.57,12.31,12.64,12.23,934480.0,0.0203
2016-12-23,12.33,12.47,12.63,12.3,476040.0,-0.0191
2016-12-24,0,0,0,0,0,0
2016-12-25,0,0,0,0,0,0
2016-12-26,0,0,0,0,0,0
2016-12-27,13.12,12.37,13.37,12.37,2040000.0,0.0641
2016-12-28,12.42,13.19,13.26,12.39,1650000.0,-0.053399999999999996
2016-12-29,12.17,12.42,12.68,12.09,949150.0,-0.020099999999999996
2016-12-30,12.18,12.19,12.39,12.06,905660.0,0.0008
2016-12-31,0,0,0,0,0,0
2017-01-01,0,0,0,0,0,0
2017-01-02,0,0,0,0,0,0
2017-01-03,12.67,12.35,12.75,12.23,1080000.0,0.04019999999999999
2017-01-04,12.85,12.65,12.99,12.65,972260.0,0.014199999999999999
2017-01-05,12.72,12.85,12.98,12.57,696130.0,-0.0101
2017-01-06,12.7,12.65,12.89,12.52,644840.0,-0.0016
2017-01-07,0,0,0,0,0,0
2017-01-08,0,0,0,0,0,0
2017-01-09,12.61,12.68,12.77,12.48,493940.0,-0.0070999999999999995
2017-01-10,12.58,12.67,12.77,12.49,381100.0,-0.0024
2017-01-11,12.84,12.54,13.17,12.54,1130000.0,0.0207
2017-01-12,12.4,12.83,12.86,12.13,1550000.0,-0.034300000000000004
2017-01-13,12.45,12.43,12.95,12.38,1220000.0,0.004
2017-01-14,0,0,0,0,0,0
2017-01-15,0,0,0,0,0,0
2017-01-16,0,0,0,0,0,0
2017-01-17,12.63,12.49,12.9,12.4,1150000.0,0.014499999999999999
2017-01-18,12.44,12.67,12.81,12.33,831710.0,-0.015
2017-01-19,12.49,12.45,12.73,12.42,774710.0,0.004
2017-01-20,12.54,12.6,12.72,12.44,716260.0,0.004
2017-01-21,0,0,0,0,0,0
2017-01-22,0,0,0,0,0,0
2017-01-23,12.63,12.49,12.7,12.22,1060000.0,0.0072
2017-01-24,12.49,12.65,12.85,12.47,952890.0,-0.0111
2017-01-25,12.58,12.49,12.85,12.45,1030000.0,0.0072
2017-01-26,12.53,12.58,12.8,12.48,841350.0,-0.004
2017-01-27,12.58,12.5,12.73,12.49,807960.0,0.004
2017-01-28,0,0,0,0,0,0
2017-01-29,0,0,0,0,0,0
2017-01-30,11.75,12.5,12.57,11.68,2130000.0,-0.066
2017-01-31,11.71,11.7,11.72,11.21,1560000.0,-0.0034000000000000002
2017-02-01,11.96,11.81,11.97,11.65,847300.0,0.0213
2017-02-02,11.85,11.89,12.05,11.7,756910.0,-0.0092
2017-02-03,12.16,11.82,12.24,11.82,983260.0,0.0262
2017-02-04,0,0,0,0,0,0
2017-02-05,0,0,0,0,0,0
2017-02-06,12.1,12.12,12.23,11.89,587340.0,-0.0049
2017-02-07,12.02,12.13,12.18,11.82,892320.0,-0.0066
2017-02-08,11.95,11.93,11.99,11.75,797930.0,-0.0058
2017-02-09,12.02,11.92,12.11,11.74,1050000.0,0.0059
2017-02-10,12.47,12.09,12.54,12.02,1350000.0,0.0374
2017-02-11,0,0,0,0,0,0
2017-02-12,0,0,0,0,0,0
2017-02-13,13.11,12.47,13.27,12.47,1640000.0,0.0513
2017-02-14,13.63,13.08,13.67,12.87,1290000.0,0.0397
2017-02-15,13.79,13.64,13.88,13.49,1180000.0,0.011699999999999999
2017-02-16,13.41,13.66,13.94,13.26,933100.0,-0.0276
2017-02-17,14.12,13.27,14.29,13.16,1860000.0,0.0529
2017-02-18,0,0,0,0,0,0
2017-02-19,0,0,0,0,0,0
2017-02-20,0,0,0,0,0,0
2017-02-21,15.36,14.3,15.85,14.15,3890000.0,0.08779999999999999
2017-02-22,14.08,14.97,14.99,13.98,3550000.0,-0.0833
2017-02-23,14.7,14.3,14.79,14.11,1890000.0,0.044000000000000004
2017-02-24,14.8,14.4,14.93,14.26,1440000.0,0.0068000000000000005
2017-02-25,0,0,0,0,0,0
2017-02-26,0,0,0,0,0,0
2017-02-27,15.13,14.74,15.15,14.5,1140000.0,0.0223
2017-02-28,14.72,14.93,15.0,14.45,1460000.0,-0.0271
2017-03-01,14.45,14.94,14.98,14.33,1110000.0,-0.0183
2017-03-02,14.67,14.45,14.93,14.38,1350000.0,0.0152
2017-03-03,14.5,14.65,14.74,14.47,695650.0,-0.0116
2017-03-04,0,0,0,0,0,0
2017-03-05,0,0,0,0,0,0
2017-03-06,13.74,14.54,14.54,13.54,1590000.0,-0.0524
2017-03-07,13.38,13.72,13.72,13.32,1090000.0,-0.0262
2017-03-08,13.43,13.34,13.68,13.23,1040000.0,0.0037
2017-03-09,13.28,13.39,13.55,13.17,656800.0,-0.011200000000000002
2017-03-10,13.47,13.4,13.53,13.27,714480.0,0.0143
2017-03-11,0,0,0,0,0,0
2017-03-12,0,0,0,0,0,0
2017-03-13,13.72,13.5,13.72,13.37,601000.0,0.018600000000000002
2017-03-14,13.58,13.7,13.79,13.38,819890.0,-0.0102
2017-03-15,13.91,13.65,14.01,13.56,1090000.0,0.024300000000000002
2017-03-16,14.26,14.15,14.61,14.13,988650.0,0.0252
2017-03-17,13.74,14.28,14.3,13.67,937240.0,-0.0365
2017-03-18,0,0,0,0,0,0
2017-03-19,0,0,0,0,0,0
2017-03-20,13.55,13.74,13.76,13.23,1430000.0,-0.0138
2017-03-21,12.33,12.88,13.23,12.05,5430000.0,-0.09
2017-03-22,11.96,12.38,12.45,11.73,2670000.0,-0.03
2017-03-23,11.64,11.85,11.97,11.52,2430000.0,-0.027200000000000002
2017-03-24,11.15,11.67,11.68,11.09,3140000.0,-0.0417
2017-03-25,0,0,0,0,0,0
2017-03-26,0,0,0,0,0,0
2017-03-27,11.33,11.02,11.4,10.86,1700000.0,0.0161
2017-03-28,11.57,11.31,11.69,11.31,1490000.0,0.0212
2017-03-29,11.56,11.58,11.81,11.5,1020000.0,-0.0009
2017-03-30,11.81,11.56,11.88,11.52,1330000.0,0.0216
2017-03-31,12.27,11.82,12.36,11.73,1480000.0,0.039
2017-04-01,0,0,0,0,0,0
2017-04-02,0,0,0,0,0,0
2017-04-03,12.23,12.3,12.46,12.11,845220.0,-0.0033
2017-04-04,12.35,12.21,12.57,12.12,954900.0,0.0098
2017-04-05,12.3,12.49,12.65,12.27,797340.0,-0.004
2017-04-06,12.65,12.21,12.73,12.16,931900.0,0.0285
2017-04-07,12.68,12.64,12.78,12.48,572070.0,0.0024
2017-04-08,0,0,0,0,0,0
2017-04-09,0,0,0,0,0,0
2017-04-10,13.16,12.73,13.35,12.64,819890.0,0.0379
2017-04-11,13.08,13.16,13.23,12.85,661050.0,-0.0060999999999999995
2017-04-12,12.79,13.04,13.06,12.73,792050.0,-0.0222
2017-04-13,12.72,12.75,12.92,12.57,414390.0,-0.0055000000000000005
2017-04-14,0,0,0,0,0,0
2017-04-15,0,0,0,0,0,0
2017-04-16,0,0,0,0,0,0
2017-04-17,13.42,13.35,13.56,13.08,1160000.0,0.055
2017-04-18,13.44,13.31,13.49,13.24,1060000.0,0.0015
2017-04-19,13.46,13.45,13.66,13.36,822120.0,0.0015
2017-04-20,13.51,13.56,13.78,13.47,801260.0,0.0037
2017-04-21,13.4,13.5,13.62,13.34,707660.0,-0.008100000000000001
2017-04-22,0,0,0,0,0,0
2017-04-23,0,0,0,0,0,0
2017-04-24,13.68,13.62,13.92,13.46,873310.0,0.0209
2017-04-25,13.93,13.69,14.0,13.57,838310.0,0.0183
2017-04-26,13.97,13.92,14.33,13.86,1490000.0,0.0029
2017-04-27,13.68,14.01,14.08,13.57,1110000.0,-0.0208
2017-04-28,13.3,13.72,13.76,12.98,1520000.0,-0.0278
2017-04-29,0,0,0,0,0,0
2017-04-30,0,0,0,0,0,0
2017-05-01,13.09,13.36,13.48,13.07,929380.0,-0.0158
2017-05-02,13.24,13.11,13.26,12.99,914930.0,0.0115
2017-05-03,13.5,13.47,13.97,13.33,1340000.0,0.0196
2017-05-04,12.71,13.5,13.5,12.68,1490000.0,-0.058499999999999996
2017-05-05,13.31,12.77,13.34,12.63,2520000.0,0.0472
2017-05-06,0,0,0,0,0,0
2017-05-07,0,0,0,0,0,0
2017-05-08,13.45,13.3,13.53,13.16,817400.0,0.0105
2017-05-09,13.74,13.43,13.8,13.21,1020000.0,0.0216
2017-05-10,13.69,13.71,13.83,13.37,1400000.0,-0.0036
2017-05-11,13.27,13.63,13.65,12.95,1310000.0,-0.030699999999999998
2017-05-12,13.11,13.25,13.3,12.82,888140.0,-0.0121
2017-05-13,0,0,0,0,0,0
2017-05-14,0,0,0,0,0,0
2017-05-15,13.24,13.3,13.65,13.23,1020000.0,0.009899999999999999
2017-05-16,12.94,13.1,13.21,12.69,1380000.0,-0.0227
2017-05-17,12.28,12.72,12.89,12.19,1240000.0,-0.051
2017-05-18,12.53,12.25,12.53,12.07,1020000.0,0.0204
2017-05-19,12.98,12.62,13.14,12.57,1090000.0,0.0359
2017-05-20,0,0,0,0,0,0
2017-05-21,0,0,0,0,0,0
2017-05-22,13.01,13.0,13.22,12.4,861810.0,0.0023
2017-05-23,13.27,12.97,13.72,12.97,1640000.0,0.02
2017-05-24,13.3,13.21,13.45,13.1,756960.0,0.0023
2017-05-25,13.72,13.41,13.94,13.33,1560000.0,0.0316
2017-05-26,13.24,13.45,13.56,12.99,1040000.0,-0.035
2017-05-27,0,0,0,0,0,0
2017-05-28,0,0,0,0,0,0
2017-05-29,0,0,0,0,0,0
2017-05-30,13.54,13.02,13.87,13.0,1160000.0,0.0227
2017-05-31,12.81,13.55,13.6,12.67,2069999.9999999998,-0.053899999999999997
2017-06-01,12.91,12.85,13.26,12.78,1280000.0,0.0078000000000000005
2017-06-02,12.8,12.71,12.9,12.34,1380000.0,-0.0085
2017-06-03,0,0,0,0,0,0
2017-06-04,0,0,0,0,0,0
2017-06-05,12.69,12.74,12.89,12.58,1380000.0,-0.0086
2017-06-06,12.59,12.32,13.14,12.32,2510000.0,-0.0079
2017-06-07,12.55,12.67,12.83,12.47,1090000.0,-0.0032
2017-06-08,12.88,12.53,12.91,12.24,1310000.0,0.0263
2017-06-09,12.63,12.66,13.07,12.36,1160000.0,-0.0194
2017-06-10,0,0,0,0,0,0
2017-06-11,0,0,0,0,0,0
2017-06-12,12.82,12.39,13.12,12.35,911290.0,0.015
2017-06-13,13.14,12.83,13.15,12.83,798040.0,0.025
2017-06-14,12.95,13.16,13.21,12.83,613820.0,-0.014499999999999999
2017-06-15,12.65,12.69,12.79,12.5,782130.0,-0.0232
2017-06-16,12.8,12.62,12.86,12.55,602980.0,0.011899999999999999
2017-06-17,0,0,0,0,0,0
2017-06-18,0,0,0,0,0,0
2017-06-19,13.03,12.9,13.13,12.84,641680.0,0.018000000000000002
2017-06-20,13.05,12.98,13.1,12.82,681480.0,0.0015
2017-06-21,13.99,13.11,14.05,13.1,1850000.0,0.07200000000000001
2017-06-22,15.07,14.07,15.69,13.99,4890000.0,0.07719999999999999
2017-06-23,15.78,14.99,16.0,14.65,3550000.0,0.0471
2017-06-24,0,0,0,0,0,0
2017-06-25,0,0,0,0,0,0
2017-06-26,15.62,16.0,16.11,15.49,2150000.0,-0.0101
2017-06-27,15.39,15.62,15.63,15.15,1530000.0,-0.0147
2017-06-28,15.98,15.5,16.38,15.23,2470000.0,0.0383
2017-06-29,15.99,16.0,16.08,15.73,1330000.0,0.0006
2017-06-30,15.92,16.03,16.16,15.59,949500.0,-0.0044
2017-07-01,0,0,0,0,0,0
2017-07-02,0,0,0,0,0,0
2017-07-03,16.0,16.1,16.35,15.95,954120.0,0.005
2017-07-04,0,0,0,0,0,0
2017-07-05,15.46,15.95,16.06,15.38,1590000.0,-0.0337
2017-07-06,15.24,15.28,15.64,15.09,930210.0,-0.014199999999999999
2017-07-07,15.56,15.23,15.69,15.15,1010000.0,0.021
2017-07-08,0,0,0,0,0,0
2017-07-09,0,0,0,0,0,0
2017-07-10,15.67,15.58,15.89,15.58,559060.0,0.0070999999999999995
2017-07-11,15.73,15.71,15.88,15.41,585950.0,0.0038
2017-07-12,16.37,15.92,16.62,15.72,2150000.0,0.0407
2017-07-13,16.34,16.35,16.49,16.09,767580.0,-0.0018
2017-07-14,16.83,16.36,17.0,16.34,1360000.0,0.03
2017-07-15,0,0,0,0,0,0
2017-07-16,0,0,0,0,0,0
2017-07-17,16.62,16.91,17.04,16.57,998530.0,-0.0125
2017-07-18,16.75,16.54,17.04,16.35,1640000.0,0.0078000000000000005
2017-07-19,17.42,17.11,18.12,17.05,3570000.0,0.04
2017-07-20,17.02,17.4,17.42,16.78,1800000.0,-0.023
2017-07-21,16.59,16.97,17.0,16.36,1750000.0,-0.0253
2017-07-22,0,0,0,0,0,0
2017-07-23,0,0,0,0,0,0
2017-07-24,16.72,16.61,16.85,16.48,674510.0,0.0078000000000000005
2017-07-25,16.57,16.83,16.96,16.56,921440.0,-0.009000000000000001
2017-07-26,16.55,16.7,16.79,16.3,926000.0,-0.0012
2017-07-27,16.34,16.55,16.85,16.16,944530.0,-0.0127
2017-07-28,16.78,16.95,17.0,16.49,1010000.0,0.0269
2017-07-29,0,0,0,0,0,0
2017-07-30,0,0,0,0,0,0
2017-07-31,16.94,16.82,16.99,16.48,762930.0,0.0095
2017-08-01,16.99,17.0,17.11,16.78,990420.0,0.003
2017-08-02,16.5,16.84,16.85,16.23,1410000.0,-0.0288
2017-08-03,16.61,16.58,17.08,16.5,839580.0,0.0067
2017-08-04,16.71,16.63,16.79,16.51,626240.0,0.006
2017-08-05,0,0,0,0,0,0
2017-08-06,0,0,0,0,0,0
2017-08-07,17.63,16.75,17.84,16.72,1740000.0,0.055099999999999996
2017-08-08,17.43,17.63,17.92,17.32,1540000.0,-0.0113
2017-08-09,17.21,17.33,17.5,16.98,756870.0,-0.0126
2017-08-10,16.55,17.03,17.08,16.46,938240.0,-0.0383
2017-08-11,17.2,16.55,17.38,16.45,1400000.0,0.0393
2017-08-12,0,0,0,0,0,0
2017-08-13,0,0,0,0,0,0
2017-08-14,16.64,16.31,16.8,15.71,3750000.0,-0.0326
2017-08-15,16.94,16.83,17.2,16.63,1540000.0,0.018000000000000002
2017-08-16,16.97,16.8,17.52,16.77,1530000.0,0.0018
2017-08-17,16.4,16.92,17.18,16.31,1020000.0,-0.0336
2017-08-18,16.63,16.46,16.8,16.43,1010000.0,0.013999999999999999
2017-08-19,0,0,0,0,0,0
2017-08-20,0,0,0,0,0,0
2017-08-21,14.99,16.0,16.25,14.84,3120000.0,-0.0986
2017-08-22,15.07,15.32,15.45,14.94,1170000.0,0.0053
2017-08-23,15.18,15.0,15.57,14.99,1010000.0,0.0073
2017-08-24,15.57,15.21,15.69,15.18,1050000.0,0.025699999999999997
2017-08-25,15.47,15.65,15.8,15.15,1340000.0,-0.0064
2017-08-26,0,0,0,0,0,0
2017-08-27,0,0,0,0,0,0
2017-08-28,15.38,15.47,15.49,15.14,633650.0,-0.0058
2017-08-29,15.53,15.13,15.64,14.97,609740.0,0.0098
2017-08-30,15.61,15.56,15.79,15.5,558380.0,0.0052
2017-08-31,15.71,15.58,15.77,15.47,833670.0,0.0064
2017-09-01,16.1,15.78,16.15,15.78,642910.0,0.0248
2017-09-02,0,0,0,0,0,0
2017-09-03,0,0,0,0,0,0
2017-09-04,0,0,0,0,0,0
2017-09-05,16.0,15.96,16.08,15.64,778890.0,-0.0062
2017-09-06,16.04,16.02,16.38,15.81,942760.0,0.0025
2017-09-07,16.35,16.05,16.35,15.97,427850.0,0.019299999999999998
2017-09-08,16.3,16.31,16.9,16.21,1280000.0,-0.0031
2017-09-09,0,0,0,0,0,0
2017-09-10,0,0,0,0,0,0
2017-09-11,16.65,16.5,16.72,16.37,746310.0,0.0215
2017-09-12,16.5,16.62,16.68,16.23,1340000.0,-0.009000000000000001
2017-09-13,16.52,16.28,16.67,16.07,709680.0,0.0012
2017-09-14,17.3,16.5,17.33,16.39,1700000.0,0.0472
2017-09-15,17.27,17.33,17.91,17.26,3040000.0,-0.0017000000000000001
2017-09-16,0,0,0,0,0,0
2017-09-17,0,0,0,0,0,0
2017-09-18,16.8,17.46,17.59,16.64,1650000.0,-0.027200000000000002
2017-09-19,16.71,16.76,16.95,16.47,688770.0,-0.0054
2017-09-20,16.02,16.68,16.77,15.78,2420000.0,-0.041299999999999996
2017-09-21,15.86,16.06,16.06,15.65,1630000.0,-0.01
2017-09-22,16.46,15.75,16.78,15.15,3700000.0,0.0378
2017-09-23,0,0,0,0,0,0
2017-09-24,0,0,0,0,0,0
2017-09-25,16.04,16.3,16.58,15.92,1380000.0,-0.0255
2017-09-26,16.07,16.21,16.42,15.75,1200000.0,0.0019
2017-09-27,16.73,16.14,16.86,16.12,1180000.0,0.041100000000000005
2017-09-28,16.82,16.73,16.87,16.5,836980.0,0.0054
2017-09-29,16.84,16.77,17.19,16.7,1080000.0,0.0012
2017-09-30,0,0,0,0,0,0
2017-10-01,0,0,0,0,0,0
2017-10-02,16.7,16.73,17.0,16.43,1220000.0,-0.0083
2017-10-03,16.74,16.7,16.86,16.63,453770.0,0.0024
2017-10-04,16.74,16.79,16.85,16.58,429570.0,0.0
2017-10-05,16.53,16.76,16.82,16.43,482890.0,-0.0125
2017-10-06,16.53,16.4,16.64,16.4,350460.0,0.0
2017-10-07,0,0,0,0,0,0
2017-10-08,0,0,0,0,0,0
2017-10-09,15.95,16.51,16.59,15.81,956820.0,-0.0351
2017-10-10,15.94,16.05,16.08,15.65,655930.0,-0.0006
2017-10-11,15.75,15.93,15.99,15.61,573570.0,-0.011899999999999999
2017-10-12,16.06,15.75,16.28,15.62,768740.0,0.0197
2017-10-13,16.26,16.12,16.6,16.11,819350.0,0.0125
2017-10-14,0,0,0,0,0,0
2017-10-15,0,0,0,0,0,0
2017-10-16,15.99,16.42,16.56,15.93,872780.0,-0.0166
2017-10-17,15.98,16.07,16.09,15.6,791170.0,-0.0006
2017-10-18,15.75,15.88,16.43,15.73,871420.0,-0.0144
2017-10-19,15.75,15.61,15.86,15.42,593430.0,0.0
2017-10-20,15.94,15.86,15.98,15.8,486610.0,0.0121
2017-10-21,0,0,0,0,0,0
2017-10-22,0,0,0,0,0,0
2017-10-23,16.42,16.0,16.54,16.0,1070000.0,0.0301
2017-10-24,16.68,16.47,16.98,16.47,1010000.0,0.0158
2017-10-25,16.12,16.65,16.7,16.0,956920.0,-0.0336
2017-10-26,16.11,16.21,16.49,15.9,645680.0,-0.0006
2017-10-27,16.92,16.37,17.05,16.17,1970000.0,0.050300000000000004
2017-10-28,0,0,0,0,0,0
2017-10-29,0,0,0,0,0,0
2017-10-30,17.42,16.95,17.45,16.81,1210000.0,0.0296
2017-10-31,17.61,17.47,17.66,17.11,1540000.0,0.0109
2017-11-01,17.75,17.75,18.05,17.49,1380000.0,0.0079
2017-11-02,18.49,17.85,18.68,17.85,1490000.0,0.0417
2017-11-03,18.79,18.66,18.89,18.31,990910.0,0.016200000000000003
2017-11-04,0,0,0,0,0,0
2017-11-05,0,0,0,0,0,0
2017-11-06,18.76,18.79,19.09,18.61,1250000.0,-0.0016
2017-11-07,18.76,18.77,18.93,18.47,1200000.0,0.0
2017-11-08,18.87,18.84,18.95,18.64,1260000.0,0.0059
2017-11-09,16.84,18.0,18.08,16.7,3950000.0,-0.1076
2017-11-10,17.78,17.38,18.14,17.27,3180000.0,0.056100000000000004
2017-11-11,0,0,0,0,0,0
2017-11-12,0,0,0,0,0,0
2017-11-13,17.73,17.73,18.1,17.4,1210000.0,-0.0031
2017-11-14,17.45,17.47,17.75,16.99,973300.0,-0.0158
2017-11-15,17.46,17.58,17.65,17.24,1040000.0,0.0006
2017-11-16,17.55,17.42,17.79,17.27,687050.0,0.0052
2017-11-17,17.79,17.84,17.9,17.55,1120000.0,0.0137
2017-11-18,0,0,0,0,0,0
2017-11-19,0,0,0,0,0,0
2017-11-20,18.13,17.73,18.15,17.71,1010000.0,0.0191
2017-11-21,18.09,18.13,18.3,17.91,727900.0,-0.0022
2017-11-22,18.15,18.15,18.27,17.86,1050000.0,0.0033
2017-11-23,0,0,0,0,0,0
2017-11-24,18.07,18.16,18.3,18.02,363470.0,-0.0044
2017-11-25,0,0,0,0,0,0
2017-11-26,0,0,0,0,0,0
2017-11-27,18.21,18.07,18.25,18.0,660150.0,0.0077
2017-11-28,18.37,18.25,18.49,18.18,756590.0,0.0088
2017-11-29,17.73,18.38,18.52,17.63,1040000.0,-0.0348
2017-11-30,17.97,17.82,18.01,17.4,944460.0,0.013500000000000002
2017-12-01,17.97,17.9,18.28,17.56,959550.0,0.0
2017-12-02,0,0,0,0,0,0
2017-12-03,0,0,0,0,0,0
2017-12-04,16.12,18.1,18.1,16.04,3080000.0,-0.10289999999999999
2017-12-05,16.5,16.15,16.7,16.15,1280000.0,0.0236
2017-12-06,16.56,16.31,16.74,16.14,951520.0,0.0036
2017-12-07,17.12,16.6,17.2,16.53,1430000.0,0.0338
2017-12-08,17.25,17.31,17.5,17.22,946410.0,0.0076
2017-12-09,0,0,0,0,0,0
2017-12-10,0,0,0,0,0,0
2017-12-11,17.79,18.12,18.4,17.65,4830000.0,0.0313
2017-12-12,17.81,17.4,17.95,17.39,1430000.0,0.0011
2017-12-13,17.6,17.84,17.95,17.48,806980.0,-0.0118
2017-12-14,17.69,17.47,17.72,17.47,727300.0,0.0051
2017-12-15,17.36,17.45,17.75,17.33,1090000.0,-0.0187
2017-12-16,0,0,0,0,0,0
2017-12-17,0,0,0,0,0,0
2017-12-18,17.55,17.34,17.6,17.27,850570.0,0.0109
2017-12-19,17.41,17.55,17.6,17.28,609090.0,-0.008
2017-12-20,17.15,17.46,17.58,17.05,647120.0,-0.0149
2017-12-21,17.19,17.25,17.38,17.14,548790.0,0.0023
2017-12-22,17.1,17.15,17.16,16.92,482530.0,-0.0052
2017-12-23,0,0,0,0,0,0
2017-12-24,0,0,0,0,0,0
2017-12-25,0,0,0,0,0,0
2017-12-26,16.88,16.96,17.0,16.67,515929.99999999994,-0.0129
2017-12-27,17.15,16.85,17.19,16.75,572170.0,0.016
2017-12-28,16.9,17.19,17.19,16.85,550430.0,-0.0146
2017-12-29,16.86,17.01,17.14,16.75,732010.0,-0.0024
2017-12-30,0,0,0,0,0,0
2017-12-31,0,0,0,0,0,0
2018-01-01,0,0,0,0,0,0
2018-01-02,17.14,16.98,17.16,16.88,736140.0,0.0166
2018-01-03,17.07,17.18,17.2,16.83,987610.0,-0.0040999999999999995
2018-01-04,17.06,17.13,17.16,16.78,799060.0,-0.0006
2018-01-05,17.01,17.0,17.19,16.9,768880.0,-0.0029
2018-01-06,0,0,0,0,0,0
2018-01-07,0,0,0,0,0,0
2018-01-08,17.1,17.03,17.2,16.85,727050.0,0.0053
2018-01-09,16.95,17.08,17.09,16.72,725500.0,-0.0088
2018-01-10,16.93,16.8,16.95,16.73,576460.0,-0.0012
2018-01-11,17.3,16.99,17.47,16.82,934010.0,0.0219
2018-01-12,16.55,17.1,17.1,16.47,1830000.0,-0.0434
2018-01-13,0,0,0,0,0,0
2018-01-14,0,0,0,0,0,0
2018-01-15,0,0,0,0,0,0
2018-01-16,16.39,16.57,16.7,16.22,1250000.0,-0.0097
2018-01-17,16.32,16.5,16.54,16.2,683360.0,-0.0043
2018-01-18,15.86,16.25,16.32,15.85,1020000.0,-0.0282
2018-01-19,15.8,15.96,15.96,15.7,669810.0,-0.0038
2018-01-20,0,0,0,0,0,0
2018-01-21,0,0,0,0,0,0
2018-01-22,15.77,15.87,16.2,15.64,617280.0,-0.0019
2018-01-23,15.64,15.89,16.1,15.4,1310000.0,-0.008199999999999999
2018-01-24,15.54,15.57,15.7,15.21,763880.0,-0.0064
2018-01-25,15.94,15.62,16.11,15.55,1090000.0,0.025699999999999997
2018-01-26,16.05,16.08,16.2,15.83,481740.0,0.0069
2018-01-27,0,0,0,0,0,0
2018-01-28,0,0,0,0,0,0
2018-01-29,16.03,16.0,16.18,15.89,486170.0,-0.0012
2018-01-30,15.61,15.84,15.98,15.58,594700.0,-0.0262
2018-01-31,15.41,15.68,15.9,15.37,570330.0,-0.0128
2018-02-01,15.51,15.74,15.74,15.35,535970.0,0.006500000000000001
2018-02-02,15.41,15.4,15.55,15.15,1030000.0,-0.0064
2018-02-03,0,0,0,0,0,0
2018-02-04,0,0,0,0,0,0
2018-02-05,15.34,15.25,15.62,15.14,1140000.0,-0.0045000000000000005
2018-02-06,15.44,15.0,15.59,14.99,820350.0,0.006500000000000001
2018-02-07,15.43,15.24,15.5,15.23,721470.0,-0.0006
2018-02-08,15.15,15.48,15.69,15.08,986150.0,-0.0181
2018-02-09,14.89,15.23,15.39,14.45,1120000.0,-0.0172
2018-02-10,0,0,0,0,0,0
2018-02-11,0,0,0,0,0,0
2018-02-12,15.51,14.96,15.55,14.96,732710.0,0.0416
2018-02-13,15.83,15.53,15.87,15.5,548150.0,0.0206
2018-02-14,15.78,15.68,15.95,15.63,457740.0,-0.0032
2018-02-15,15.87,15.91,15.97,15.51,529900.0,0.005699999999999999
2018-02-16,15.73,15.86,15.91,15.66,293560.0,-0.0088
2018-02-17,0,0,0,0,0,0
2018-02-18,0,0,0,0,0,0
2018-02-19,0,0,0,0,0,0
2018-02-20,15.73,15.75,15.85,15.61,344110.0,0.0
2018-02-21,15.64,15.79,15.9,15.64,307970.0,-0.005699999999999999
2018-02-22,15.55,15.68,15.85,15.45,313380.0,-0.0058
2018-02-23,15.46,15.54,15.66,15.34,257930.0,-0.0058
2018-02-24,0,0,0,0,0,0
2018-02-25,0,0,0,0,0,0
2018-02-26,15.79,15.59,15.86,15.5,351340.0,0.0213
2018-02-27,15.52,15.8,15.81,15.35,533930.0,-0.0171
2018-02-28,15.7,15.58,15.76,15.48,486100.0,0.0116
2018-03-01,15.77,15.71,16.0,15.49,680220.0,0.0045000000000000005
2018-03-02,15.85,15.58,15.88,15.33,325890.0,0.0051
2018-03-03,0,0,0,0,0,0
2018-03-04,0,0,0,0,0,0
2018-03-05,16.23,15.83,16.27,15.79,686980.0,0.024
2018-03-06,16.41,16.28,16.5,16.12,412970.0,0.0111
2018-03-07,16.4,16.3,16.5,16.15,343060.0,-0.0006
2018-03-08,16.46,16.44,16.52,16.24,588680.0,0.0037
2018-03-09,16.19,16.5,16.53,16.16,535000.0,-0.016399999999999998
2018-03-10,0,0,0,0,0,0
2018-03-11,0,0,0,0,0,0
2018-03-12,16.19,16.17,16.51,16.17,379720.0,0.0
2018-03-13,16.13,16.39,16.41,16.06,445490.0,-0.0037
2018-03-14,15.95,16.13,16.2,15.87,298960.0,-0.0108
2018-03-15,15.74,16.04,16.04,15.68,359000.0,-0.013500000000000002
2018-03-16,15.49,15.5,15.69,15.34,819520.0,-0.0159
2018-03-17,0,0,0,0,0,0
2018-03-18,0,0,0,0,0,0
2018-03-19,16.6,16.33,16.94,15.95,2550000.0,0.0717
2018-03-20,16.72,16.61,16.78,16.47,1520000.0,0.0072
2018-03-21,17.15,16.77,17.2,16.77,1250000.0,0.025699999999999997
2018-03-22,16.94,17.0,17.13,16.6,952350.0,-0.012199999999999999
2018-03-23,17.08,16.92,17.29,16.72,743000.0,0.0083
2018-03-24,0,0,0,0,0,0
2018-03-25,0,0,0,0,0,0
2018-03-26,17.51,17.22,17.6,17.08,783290.0,0.0252
2018-03-27,16.48,16.63,17.3,16.27,1180000.0,-0.0588
2018-03-28,15.92,16.53,16.7,15.78,736970.0,-0.034
2018-03-29,16.27,16.05,16.47,15.98,287080.0,0.022000000000000002
2018-03-30,0,0,0,0,0,0
2018-03-31,0,0,0,0,0,0
2018-04-01,0,0,0,0,0,0
2018-04-02,16.3,16.11,16.41,16.03,494250.0,0.0018
2018-04-03,15.85,16.39,16.52,15.78,812250.0,-0.0276
2018-04-04,15.98,15.75,16.02,15.53,588190.0,0.008199999999999999
2018-04-05,16.31,16.02,16.48,16.0,860110.0,0.0207
2018-04-06,16.13,16.23,16.7,15.95,521299.99999999994,-0.011000000000000001
2018-04-07,0,0,0,0,0,0
2018-04-08,0,0,0,0,0,0
2018-04-09,16.02,16.2,16.43,16.0,592520.0,-0.0068000000000000005
2018-04-10,16.05,16.2,16.28,16.04,541330.0,0.0019
2018-04-11,16.13,16.04,16.25,16.0,272810.0,0.005
2018-04-12,16.16,16.17,16.23,16.06,352130.0,0.0019
2018-04-13,16.2,16.16,16.47,15.95,306170.0,0.0025
2018-04-14,0,0,0,0,0,0
2018-04-15,0,0,0,0,0,0
2018-04-16,16.05,16.16,16.3,15.81,280820.0,-0.009300000000000001
2018-04-17,16.14,16.12,16.28,15.86,397570.0,0.005600000000000001
2018-04-18,16.25,16.18,16.61,16.18,730370.0,0.0068000000000000005
2018-04-19,16.05,16.15,16.16,15.88,524870.0,-0.0123
2018-04-20,15.89,16.06,16.07,15.75,620130.0,-0.01
2018-04-21,0,0,0,0,0,0
2018-04-22,0,0,0,0,0,0
2018-04-23,15.53,15.94,15.94,15.49,547520.0,-0.0227
2018-04-24,15.36,15.53,15.66,15.15,621280.0,-0.0109
2018-04-25,15.13,15.3,15.33,14.88,530200.0,-0.015
2018-04-26,15.3,15.18,15.44,15.09,371160.0,0.011200000000000002
2018-04-27,15.9,15.48,16.08,15.45,587950.0,0.0392
2018-04-28,0,0,0,0,0,0
2018-04-29,0,0,0,0,0,0
2018-04-30,15.63,15.85,15.95,15.35,516210.00000000006,-0.017
2018-05-01,15.39,15.58,15.66,15.34,263890.0,-0.0154
2018-05-02,15.48,15.4,15.66,15.4,362030.0,0.0058
2018-05-03,15.14,15.43,15.51,15.0,259290.00000000003,-0.022000000000000002
2018-05-04,15.32,15.11,15.55,15.08,368310.0,0.011899999999999999
2018-05-05,0,0,0,0,0,0
2018-05-06,0,0,0,0,0,0
2018-05-07,15.75,15.38,15.81,15.38,604050.0,0.0281
2018-05-08,15.72,15.79,15.85,15.52,344390.0,-0.0019
2018-05-09,16.26,15.76,16.32,15.55,653470.0,0.0344
2018-05-10,16.73,16.41,16.77,16.33,709530.0,0.028900000000000002
2018-05-11,16.65,16.74,16.87,16.45,453620.0,-0.0048
2018-05-12,0,0,0,0,0,0
2018-05-13,0,0,0,0,0,0
2018-05-14,16.71,16.75,17.1,16.65,494440.0,0.0036
2018-05-15,16.79,16.71,16.91,16.5,650800.0,0.0048
2018-05-16,17.56,16.51,17.56,16.1,1690000.0,0.045899999999999996
2018-05-17,17.45,17.59,17.75,17.28,730380.0,-0.0063
2018-05-18,17.24,17.29,17.59,17.13,477300.0,-0.012
2018-05-19,0,0,0,0,0,0
2018-05-20,0,0,0,0,0,0
2018-05-21,17.73,17.3,17.97,17.3,1060000.0,0.028399999999999998
2018-05-22,17.18,17.78,17.81,17.15,479970.0,-0.031
2018-05-23,16.92,17.03,17.27,16.62,667690.0,-0.0151
2018-05-24,16.72,16.82,16.92,16.48,561900.0,-0.0118
2018-05-25,16.68,16.61,16.79,16.37,355710.0,-0.0024
2018-05-26,0,0,0,0,0,0
2018-05-27,0,0,0,0,0,0
2018-05-28,0,0,0,0,0,0
2018-05-29,16.94,16.31,17.02,16.27,440660.0,0.015600000000000001
2018-05-30,16.89,16.88,17.03,16.7,433810.0,-0.003
2018-05-31,16.61,16.82,16.89,16.31,756440.0,-0.0166
2018-06-01,15.69,16.65,16.75,15.55,1440000.0,-0.0554
2018-06-02,0,0,0,0,0,0
2018-06-03,0,0,0,0,0,0
2018-06-04,13.52,15.25,15.38,13.36,4480000.0,-0.1386
2018-06-05,13.09,13.51,13.57,13.0,2560000.0,-0.031400000000000004
2018-06-06,12.44,13.07,13.34,12.28,2960000.0,-0.049699999999999994
2018-06-07,12.24,12.87,12.92,12.04,2780000.0,-0.0161
2018-06-08,12.34,12.25,12.68,12.24,2110000.0,0.008199999999999999
2018-06-09,0,0,0,0,0,0
2018-06-10,0,0,0,0,0,0
2018-06-11,12.2,12.35,12.42,12.06,2220000.0,-0.0113
2018-06-12,12.4,12.25,12.76,12.25,1790000.0,0.016399999999999998
2018-06-13,12.37,12.4,12.57,12.3,1210000.0,-0.0024
2018-06-14,12.46,12.44,12.6,12.4,1070000.0,0.0073
2018-06-15,11.95,12.35,12.43,11.37,3870000.0,-0.0409
2018-06-16,0,0,0,0,0,0
2018-06-17,0,0,0,0,0,0
2018-06-18,11.97,11.61,12.05,11.6,1340000.0,0.0017000000000000001
2018-06-19,11.87,11.68,11.89,11.6,1430000.0,-0.0084
2018-06-20,12.29,11.88,12.45,11.79,1530000.0,0.0354
2018-06-21,12.41,12.2,12.67,12.2,1440000.0,0.0098
2018-06-22,12.49,12.48,12.75,12.35,1340000.0,0.0064
2018-06-23,0,0,0,0,0,0
2018-06-24,0,0,0,0,0,0
2018-06-25,12.39,12.39,12.62,12.14,1280000.0,-0.008
2018-06-26,12.15,12.21,12.24,11.71,1100000.0,-0.0194
2018-06-27,11.92,12.24,12.31,11.91,591900.0,-0.0189
2018-06-28,12.32,11.9,12.37,11.76,905920.0,0.0336
2018-06-29,12.24,12.32,12.37,12.11,589340.0,-0.006500000000000001
2018-06-30,0,0,0,0,0,0
2018-07-01,0,0,0,0,0,0
2018-07-02,12.47,12.11,12.67,12.11,650940.0,0.018799999999999997
2018-07-03,12.2,12.6,12.68,12.17,364280.0,-0.0217
2018-07-04,0,0,0,0,0,0
2018-07-05,12.41,12.26,12.58,12.22,502600.0,0.0172
2018-07-06,12.76,12.39,12.88,12.39,845090.0,0.0282
2018-07-07,0,0,0,0,0,0
2018-07-08,0,0,0,0,0,0
2018-07-09,13.07,12.92,13.18,12.81,674440.0,0.024300000000000002
2018-07-10,13.22,13.1,13.28,13.03,538100.0,0.0115
2018-07-11,13.02,13.16,13.22,12.95,455450.0,-0.0151
2018-07-12,13.06,13.09,13.12,12.93,294440.0,0.0031
2018-07-13,13.1,13.03,13.23,12.84,550420.0,0.0031
2018-07-14,0,0,0,0,0,0
2018-07-15,0,0,0,0,0,0
2018-07-16,12.85,13.14,13.2,12.81,422970.0,-0.0191
2018-07-17,12.67,12.8,12.96,12.54,924670.0,-0.013999999999999999
2018-07-18,12.83,12.65,12.97,12.51,427790.0,0.0126
2018-07-19,13.07,12.75,13.2,12.73,818340.0,0.0187
2018-07-20,12.78,13.08,13.12,12.75,595270.0,-0.0222
2018-07-21,0,0,0,0,0,0
2018-07-22,0,0,0,0,0,0
2018-07-23,12.56,12.74,12.81,12.47,610660.0,-0.0172
2018-07-24,13.04,12.65,13.08,12.6,597940.0,0.0382
2018-07-25,13.38,13.08,13.43,12.93,752390.0,0.026099999999999998
2018-07-26,13.36,13.29,13.5,13.29,531440.0,-0.0015
2018-07-27,13.18,13.33,13.43,13.13,424340.0,-0.013500000000000002
2018-07-28,0,0,0,0,0,0
2018-07-29,0,0,0,0,0,0
2018-07-30,13.15,13.25,13.39,12.86,560000.0,-0.0023
2018-07-31,13.48,13.15,13.6,13.15,790050.0,0.025099999999999997
2018-08-01,13.75,13.54,13.79,13.34,509470.0,0.02
2018-08-02,13.99,13.62,14.09,13.62,770240.0,0.0175
2018-08-03,13.72,13.98,14.04,13.56,480420.0,-0.019299999999999998
2018-08-04,0,0,0,0,0,0
2018-08-05,0,0,0,0,0,0
2018-08-06,13.77,13.71,13.85,13.62,263790.0,0.0036
2018-08-07,14.48,13.84,14.68,13.84,1160000.0,0.0516
2018-08-08,14.72,14.49,14.8,14.49,1020000.0,0.0166
2018-08-09,14.45,14.68,14.98,14.4,715810.0,-0.0183
2018-08-10,14.28,14.39,14.41,14.08,535800.0,-0.0118
2018-08-11,0,0,0,0,0,0
2018-08-12,0,0,0,0,0,0
2018-08-13,13.58,14.2,14.25,13.48,967950.0,-0.049
2018-08-14,13.31,12.49,13.73,12.3,1730000.0,-0.0199
2018-08-15,13.19,12.89,13.62,12.64,1330000.0,-0.009000000000000001
2018-08-16,13.11,13.17,13.53,12.93,750090.0,-0.0060999999999999995
2018-08-17,13.11,13.11,13.35,12.94,742410.0,0.0
2018-08-18,0,0,0,0,0,0
2018-08-19,0,0,0,0,0,0
2018-08-20,13.13,13.14,13.31,12.97,763590.0,0.0015
2018-08-21,13.09,13.07,13.35,13.03,609240.0,-0.003
2018-08-22,13.18,13.13,13.28,13.1,508300.0,0.0069
2018-08-23,13.41,13.21,13.46,13.18,542280.0,0.0175
2018-08-24,13.86,13.47,13.95,13.43,1280000.0,0.0336
2018-08-25,0,0,0,0,0,0
2018-08-26,0,0,0,0,0,0
2018-08-27,13.94,13.84,14.27,13.78,522549.99999999994,0.0058
2018-08-28,13.72,14.06,14.15,13.48,1160000.0,-0.0158
2018-08-29,14.8,14.25,15.3,14.2,2610000.0,0.0787
2018-08-30,14.18,14.8,15.18,14.08,1210000.0,-0.04190000000000001
2018-08-31,14.36,14.13,14.39,14.13,498730.0,0.0127
2018-09-01,0,0,0,0,0,0
2018-09-02,0,0,0,0,0,0
2018-09-03,0,0,0,0,0,0
2018-09-04,14.51,14.36,14.56,14.25,794910.0,0.0104
2018-09-05,14.42,14.44,14.44,14.03,330640.0,-0.0062
2018-09-06,14.32,14.38,14.49,14.17,370310.0,-0.0069
2018-09-07,14.65,14.31,14.67,14.24,759930.0,0.023
2018-09-08,0,0,0,0,0,0
2018-09-09,0,0,0,0,0,0
2018-09-10,14.69,14.67,14.86,14.43,531380.0,0.0027
2018-09-11,14.72,14.63,14.8,14.5,364400.0,0.002
2018-09-12,14.94,14.65,15.0,14.53,390370.0,0.0149
2018-09-13,14.66,14.86,15.1,14.64,338170.0,-0.0187
2018-09-14,14.62,14.69,14.75,14.52,460370.0,-0.0027
2018-09-15,0,0,0,0,0,0
2018-09-16,0,0,0,0,0,0
2018-09-17,14.66,14.61,14.73,14.42,375290.0,0.0027
2018-09-18,14.88,14.66,15.05,14.65,321830.0,0.015
2018-09-19,14.94,14.8,15.05,14.67,228110.0,0.004
2018-09-20,15.33,14.9,15.44,14.9,632210.0,0.026099999999999998
2018-09-21,14.72,15.35,15.52,14.67,774360.0,-0.0398
2018-09-22,0,0,0,0,0,0
2018-09-23,0,0,0,0,0,0
2018-09-24,14.82,14.73,15.13,14.7,240720.0,0.0068000000000000005
2018-09-25,14.66,14.78,14.84,14.54,270050.0,-0.0108
2018-09-26,14.53,14.69,14.95,14.43,365620.0,-0.0089
2018-09-27,14.46,14.44,14.6,14.31,470890.0,-0.0048
2018-09-28,14.5,14.47,14.72,14.32,739920.0,0.0028000000000000004
2018-09-29,0,0,0,0,0,0
2018-09-30,0,0,0,0,0,0
2018-10-01,14.4,14.75,14.86,14.36,284680.0,-0.0069
2018-10-02,14.45,14.41,14.62,14.26,749440.0,0.0034999999999999996
2018-10-03,14.62,14.44,14.66,14.3,416930.0,0.0118
2018-10-04,14.52,14.63,14.63,14.31,573490.0,-0.0068000000000000005
2018-10-05,14.21,14.48,14.49,13.96,449470.0,-0.0213
2018-10-06,0,0,0,0,0,0
2018-10-07,0,0,0,0,0,0
2018-10-08,14.25,14.22,14.35,13.91,484590.0,0.0028000000000000004
2018-10-09,14.52,14.26,14.63,14.13,433760.0,0.0189
2018-10-10,14.2,14.51,14.73,14.04,502980.0,-0.022000000000000002
2018-10-11,13.83,14.19,14.28,13.56,665410.0,-0.026099999999999998
2018-10-12,14.27,14.07,14.48,14.02,631240.0,0.0318
2018-10-13,0,0,0,0,0,0
2018-10-14,0,0,0,0,0,0
2018-10-15,14.66,14.26,14.73,14.23,632580.0,0.0273
2018-10-16,15.16,14.73,15.32,14.72,705610.0,0.0341
2018-10-17,14.97,15.22,15.25,14.57,764620.0,-0.0125
2018-10-18,15.02,14.94,15.23,14.77,593680.0,0.0033
2018-10-19,15.02,15.1,15.43,15.02,537900.0,0.0
2018-10-20,0,0,0,0,0,0
2018-10-21,0,0,0,0,0,0
2018-10-22,13.94,14.4,14.67,13.41,2140000.0,-0.0719
2018-10-23,13.64,13.73,13.8,13.42,1350000.0,-0.0215
2018-10-24,13.1,13.59,13.61,13.08,568220.0,-0.039599999999999996
2018-10-25,13.08,13.16,13.4,12.77,805910.0,-0.0015
2018-10-26,13.0,12.83,13.3,12.69,575010.0,-0.0060999999999999995
2018-10-27,0,0,0,0,0,0
2018-10-28,0,0,0,0,0,0
2018-10-29,13.14,13.1,13.29,12.85,889470.0,0.0108
2018-10-30,13.96,13.07,14.06,12.96,558760.0,0.062400000000000004
2018-10-31,14.3,14.2,14.79,14.03,851010.0,0.024399999999999998
2018-11-01,14.53,13.95,14.57,13.34,944830.0,0.0161
2018-11-02,14.6,14.57,14.97,14.43,460820.0,0.0048
2018-11-03,0,0,0,0,0,0
2018-11-04,0,0,0,0,0,0
2018-11-05,14.16,14.99,14.99,13.84,2190000.0,-0.0301
2018-11-06,13.78,14.09,14.19,13.36,661070.0,-0.0268
2018-11-07,14.61,13.96,14.88,13.96,1150000.0,0.0602
2018-11-08,14.32,14.62,14.73,13.93,710180.0,-0.019799999999999998
2018-11-09,14.27,14.23,14.34,13.9,382540.0,-0.0034999999999999996
2018-11-10,0,0,0,0,0,0
2018-11-11,0,0,0,0,0,0
2018-11-12,13.86,14.27,14.27,13.72,624700.0,-0.0287
2018-11-13,13.4,13.9,14.19,13.24,576850.0,-0.0332
2018-11-14,13.71,13.46,14.1,13.43,847730.0,0.0231
2018-11-15,15.23,14.49,15.36,13.81,2450000.0,0.1109
2018-11-16,16.0,15.34,16.19,15.15,3020000.0,0.0506
2018-11-17,0,0,0,0,0,0
2018-11-18,0,0,0,0,0,0
2018-11-19,16.32,16.03,16.5,15.86,1430000.0,0.02
2018-11-20,16.18,16.06,16.35,15.73,1090000.0,-0.0086
2018-11-21,16.5,16.27,16.69,15.95,844980.0,0.019799999999999998
2018-11-22,0,0,0,0,0,0
2018-11-23,16.55,16.33,16.95,16.22,519179.99999999994,0.003
2018-11-24,0,0,0,0,0,0
2018-11-25,0,0,0,0,0,0
2018-11-26,16.69,16.81,17.16,16.63,1210000.0,0.0085
2018-11-27,17.52,16.54,17.86,16.51,1400000.0,0.049699999999999994
2018-11-28,17.75,17.56,17.97,17.49,1590000.0,0.0131
2018-11-29,17.27,17.75,17.89,16.69,844390.0,-0.027000000000000003
2018-11-30,16.9,17.22,17.27,16.73,613500.0,-0.021400000000000002
2018-12-01,0,0,0,0,0,0
2018-12-02,0,0,0,0,0,0
2018-12-03,17.31,17.47,17.62,16.94,1200000.0,0.024300000000000002
2018-12-04,16.49,16.95,17.13,16.44,865940.0,-0.047400000000000005
2018-12-05,0,0,0,0,0,0
2018-12-06,16.47,16.18,16.55,15.91,785750.0,-0.0012
2018-12-07,16.27,16.56,16.73,16.08,541450.0,-0.0121
2018-12-08,0,0,0,0,0,0
2018-12-09,0,0,0,0,0,0
2018-12-10,16.42,16.2,16.68,16.02,690530.0,0.0092
2018-12-11,16.08,16.7,17.0,15.94,683830.0,-0.0207
2018-12-12,16.81,16.33,16.9,16.13,603910.0,0.0454
2018-12-13,16.85,17.08,17.11,16.42,580390.0,0.0024
2018-12-14,16.66,16.25,16.9,16.03,451780.0,-0.0113
2018-12-15,0,0,0,0,0,0
2018-12-16,0,0,0,0,0,0
2018-12-17,16.01,16.37,16.66,15.91,518630.0,-0.039
2018-12-18,16.47,16.45,16.8,16.33,555510.0,0.0287
2018-12-19,16.1,16.48,16.6,16.1,414080.0,-0.0225
2018-12-20,15.38,16.1,16.37,15.25,904330.0,-0.0447
2018-12-21,14.32,15.37,15.42,14.25,1270000.0,-0.0689
2018-12-22,0,0,0,0,0,0
2018-12-23,0,0,0,0,0,0
2018-12-24,13.92,14.14,14.22,13.46,780970.0,-0.0279
2018-12-25,0,0,0,0,0,0
2018-12-26,14.43,14.03,14.64,13.74,602320.0,0.0366
2018-12-27,14.42,14.37,14.55,13.76,534160.0,-0.0007000000000000001
2018-12-28,14.46,14.31,14.65,14.27,453110.0,0.0028000000000000004
2018-12-29,0,0,0,0,0,0
2018-12-30,0,0,0,0,0,0
2018-12-31,14.34,14.62,14.67,14.08,370680.0,-0.0083
2019-01-01,0,0,0,0,0,0
2019-01-02,14.44,14.05,14.76,14.0,357510.0,0.006999999999999999
2019-01-03,15.14,15.02,15.27,14.8,906780.0,0.048499999999999995
2019-01-04,16.37,15.43,16.53,15.2,1130000.0,0.0812
2019-01-05,0,0,0,0,0,0
2019-01-06,0,0,0,0,0,0
2019-01-07,16.8,16.06,17.4,15.96,855600.0,0.0263
2019-01-08,17.13,16.98,17.42,16.82,557100.0,0.0196
2019-01-09,17.21,17.26,17.64,17.13,726290.0,0.004699999999999999
2019-01-10,17.62,17.06,17.79,16.8,610370.0,0.023799999999999998
2019-01-11,17.66,17.47,17.85,17.36,537850.0,0.0023
2019-01-12,0,0,0,0,0,0
2019-01-13,0,0,0,0,0,0
2019-01-14,17.7,17.66,18.15,17.54,1020000.0,0.0023
2019-01-15,18.12,17.79,18.16,17.74,737190.0,0.023700000000000002
2019-01-16,18.17,18.11,18.25,17.78,535570.0,0.0028000000000000004
2019-01-17,18.18,18.0,18.4,17.9,556040.0,0.0006
2019-01-18,18.03,18.35,18.49,17.85,620990.0,-0.0083
2019-01-19,0,0,0,0,0,0
2019-01-20,0,0,0,0,0,0
2019-01-21,0,0,0,0,0,0
2019-01-22,17.28,17.84,18.0,17.21,690640.0,-0.0416
2019-01-23,17.34,17.15,17.74,17.01,662200.0,0.0034999999999999996
2019-01-24,18.14,17.48,18.35,17.21,556430.0,0.0461
2019-01-25,19.51,18.11,19.83,18.11,1130000.0,0.0755
2019-01-26,0,0,0,0,0,0
2019-01-27,0,0,0,0,0,0
2019-01-28,20.53,19.5,20.68,19.4,1120000.0,0.052300000000000006
2019-01-29,20.58,20.83,21.07,20.37,885750.0,0.0024
2019-01-30,20.89,20.72,21.07,20.44,509660.0,0.0151
2019-01-31,21.57,20.8,21.69,20.6,686940.0,0.0326
2019-02-01,19.76,21.57,21.67,19.41,1550000.0,-0.0839
2019-02-02,0,0,0,0,0,0
2019-02-03,0,0,0,0,0,0
2019-02-04,19.97,19.91,20.36,19.66,579490.0,0.0106
2019-02-05,19.79,19.95,20.33,19.48,484810.0,-0.009000000000000001
2019-02-06,20.95,20.95,22.19,20.85,2200000.0,0.058600000000000006
2019-02-07,20.53,21.02,21.53,20.25,827980.0,-0.02
2019-02-08,20.57,20.41,20.82,20.15,590200.0,0.0019
2019-02-09,0,0,0,0,0,0
2019-02-10,0,0,0,0,0,0
2019-02-11,21.33,21.08,21.83,21.08,818200.0,0.0369
2019-02-12,21.33,21.59,21.72,21.14,667110.0,0.0
2019-02-13,21.11,21.31,21.36,20.72,577550.0,-0.0103
2019-02-14,21.14,20.94,21.4,20.9,610890.0,0.0014000000000000002
2019-02-15,20.54,21.25,21.46,20.1,801750.0,-0.028399999999999998
2019-02-16,0,0,0,0,0,0
2019-02-17,0,0,0,0,0,0
2019-02-18,0,0,0,0,0,0
2019-02-19,22.3,20.67,22.55,20.6,1620000.0,0.0857
2019-02-20,21.55,22.5,22.83,21.37,1450000.0,-0.0336
2019-02-21,22.18,21.46,22.24,21.46,694400.0,0.0292
2019-02-22,24.32,22.32,24.37,22.32,1750000.0,0.0965
2019-02-23,0,0,0,0,0,0
2019-02-24,0,0,0,0,0,0
2019-02-25,23.6,24.65,25.02,23.16,1390000.0,-0.0296
2019-02-26,23.85,23.46,24.41,23.45,739920.0,0.0106
2019-02-27,24.19,23.68,24.23,23.46,569570.0,0.0143
2019-02-28,24.66,24.18,25.07,23.97,803490.0,0.0194
2019-03-01,24.99,24.97,25.89,24.64,1210000.0,0.0134
2019-03-02,0,0,0,0,0,0
2019-03-03,0,0,0,0,0,0
2019-03-04,24.43,25.2,25.24,23.86,690640.0,-0.022400000000000003
2019-03-05,24.21,24.35,24.62,23.97,373710.0,-0.009000000000000001
2019-03-06,23.55,24.04,24.22,23.19,705490.0,-0.0273
2019-03-07,23.3,23.53,23.93,22.75,560810.0,-0.0106
2019-03-08,23.07,23.0,23.48,22.08,710920.0,-0.009899999999999999
2019-03-09,0,0,0,0,0,0
2019-03-10,0,0,0,0,0,0
2019-03-11,23.56,23.24,23.75,23.07,702640.0,0.0212
2019-03-12,23.63,23.6,24.0,23.37,769670.0,0.003
2019-03-13,23.66,23.72,23.9,23.26,1030000.0,0.0013
2019-03-14,23.48,23.75,23.83,23.29,459710.0,-0.0076
2019-03-15,23.29,23.6,23.75,23.12,700650.0,-0.008100000000000001
2019-03-16,0,0,0,0,0,0
2019-03-17,0,0,0,0,0,0
2019-03-18,23.33,23.4,23.7,22.92,649720.0,0.0017000000000000001
2019-03-19,23.48,23.37,23.63,23.27,789990.0,0.0064
2019-03-20,23.62,23.48,23.76,23.01,1320000.0,0.006
2019-03-21,19.28,21.54,21.54,19.1,5550000.0,-0.1837
2019-03-22,18.75,19.2,19.24,18.49,3730000.0,-0.0275
2019-03-23,0,0,0,0,0,0
2019-03-24,0,0,0,0,0,0
2019-03-25,18.52,18.74,18.82,18.14,1920000.0,-0.0123
2019-03-26,18.2,18.68,18.7,17.92,1050000.0,-0.0173
2019-03-27,18.3,18.16,18.45,17.63,792370.0,0.0055000000000000005
2019-03-28,18.78,18.23,18.85,18.14,830750.0,0.0262
2019-03-29,18.63,18.81,19.12,18.41,598010.0,-0.008
2019-03-30,0,0,0,0,0,0
2019-03-31,0,0,0,0,0,0
2019-04-01,19.09,18.75,19.19,18.64,672520.0,0.024700000000000003
2019-04-02,18.99,19.01,19.25,18.4,775960.0,-0.0052
2019-04-03,19.14,19.13,19.35,18.71,580020.0,0.0079
2019-04-04,19.14,19.15,19.25,18.91,372430.0,0.0
2019-04-05,19.32,19.3,19.54,19.22,558860.0,0.009399999999999999
2019-04-06,0,0,0,0,0,0
2019-04-07,0,0,0,0,0,0
2019-04-08,19.45,19.3,19.55,19.06,350710.0,0.0067
2019-04-09,18.92,19.45,19.54,18.85,666310.0,-0.027200000000000002
2019-04-10,18.81,19.01,19.37,18.43,682020.0,-0.0058
2019-04-11,18.46,18.72,18.87,18.25,629350.0,-0.018600000000000002
2019-04-12,18.82,18.55,19.1,18.44,1570000.0,0.0195
2019-04-13,0,0,0,0,0,0
2019-04-14,0,0,0,0,0,0
2019-04-15,18.83,18.8,19.02,18.64,809960.0,0.0005
2019-04-16,19.12,18.96,19.36,18.86,838060.0,0.0154
2019-04-17,19.14,19.33,19.75,19.0,875950.0,0.001
2019-04-18,19.01,19.19,19.37,18.9,612100.0,-0.0068000000000000005
2019-04-19,0,0,0,0,0,0
2019-04-20,0,0,0,0,0,0
2019-04-21,0,0,0,0,0,0
2019-04-22,19.58,19.02,19.63,19.02,765290.0,0.03
2019-04-23,20.26,19.67,20.3,19.64,1530000.0,0.0347
2019-04-24,20.18,20.25,20.75,20.16,893640.0,-0.0039000000000000003
2019-04-25,20.06,20.06,20.46,19.93,580550.0,-0.0059
2019-04-26,20.27,20.08,20.31,20.0,517409.99999999994,0.0105
2019-04-27,0,0,0,0,0,0
2019-04-28,0,0,0,0,0,0
2019-04-29,20.03,20.58,20.59,19.95,426050.0,-0.0118
2019-04-30,19.98,19.92,20.07,19.59,544680.0,-0.0025
2019-05-01,20.63,20.18,20.83,20.13,873660.0,0.0325
2019-05-02,20.4,20.65,20.91,20.2,622620.0,-0.0111
2019-05-03,21.45,20.5,21.46,20.38,1670000.0,0.051500000000000004
2019-05-04,0,0,0,0,0,0
2019-05-05,0,0,0,0,0,0
2019-05-06,20.03,20.66,20.83,20.02,869550.0,-0.0662
2019-05-07,20.14,19.99,20.28,19.75,499220.0,0.0055000000000000005
2019-05-08,19.66,20.18,20.27,19.53,515960.00000000006,-0.023799999999999998
2019-05-09,18.87,19.37,19.45,18.58,882680.0,-0.04019999999999999
2019-05-10,19.12,18.76,19.39,18.61,775660.0,0.0132
2019-05-11,0,0,0,0,0,0
2019-05-12,0,0,0,0,0,0
2019-05-13,17.83,19.0,19.0,17.65,991940.0,-0.0675
2019-05-14,17.88,17.87,18.27,17.77,675660.0,0.0028000000000000004
2019-05-15,18.12,17.61,18.25,17.61,524930.0,0.0134
2019-05-16,18.43,18.14,18.59,18.09,409480.0,0.0171
2019-05-17,17.51,18.01,18.22,17.5,1110000.0,-0.0499
2019-05-18,0,0,0,0,0,0
2019-05-19,0,0,0,0,0,0
2019-05-20,17.44,17.38,17.62,16.9,579320.0,-0.004
2019-05-21,17.94,17.67,18.23,17.67,509580.0,0.0287
2019-05-22,17.93,17.84,18.11,17.7,581100.0,-0.0006
2019-05-23,17.38,17.75,17.88,17.01,759900.0,-0.030699999999999998
2019-05-24,17.62,17.5,17.75,17.41,454900.0,0.0138
2019-05-25,0,0,0,0,0,0
2019-05-26,0,0,0,0,0,0
2019-05-27,0,0,0,0,0,0
2019-05-28,17.77,17.65,18.04,17.4,498330.0,0.0085
2019-05-29,17.69,17.69,17.86,17.35,831940.0,-0.0045000000000000005
2019-05-30,19.41,18.42,20.09,18.42,1830000.0,0.09720000000000001
2019-05-31,19.09,19.0,19.41,18.61,913810.0,-0.0165
2019-06-01,0,0,0,0,0,0
2019-06-02,0,0,0,0,0,0
2019-06-03,19.86,18.37,20.0,18.35,884540.0,0.0403
2019-06-04,20.61,19.45,20.71,19.4,1220000.0,0.0378
2019-06-05,20.86,20.34,20.88,20.25,962520.0,0.0121
2019-06-06,21.21,20.62,21.42,20.5,794500.0,0.0168
2019-06-07,21.32,21.23,21.53,21.09,800430.0,0.0052
2019-06-08,0,0,0,0,0,0
2019-06-09,0,0,0,0,0,0
2019-06-10,21.31,21.29,21.75,21.23,538090.0,-0.0005
2019-06-11,21.13,21.33,21.47,20.59,604460.0,-0.0084
2019-06-12,21.21,20.74,21.48,20.56,1150000.0,0.0038
2019-06-13,21.74,21.34,21.82,21.25,792930.0,0.025
2019-06-14,21.61,21.53,21.85,21.25,482340.0,-0.006
2019-06-15,0,0,0,0,0,0
2019-06-16,0,0,0,0,0,0
2019-06-17,21.29,21.74,21.78,21.06,658070.0,-0.0148
2019-06-18,21.93,21.61,22.2,21.5,904750.0,0.0301
2019-06-19,22.36,21.93,22.52,21.85,887550.0,0.0196
2019-06-20,21.99,22.75,22.93,21.9,969100.0,-0.0165
2019-06-21,22.07,22.16,22.34,21.9,858420.0,0.0036
2019-06-22,0,0,0,0,0,0
2019-06-23,0,0,0,0,0,0
2019-06-24,22.18,22.14,22.28,21.85,318080.0,0.005
2019-06-25,21.27,22.11,22.34,20.97,1060000.0,-0.040999999999999995
2019-06-26,21.31,21.43,21.85,21.21,390980.0,0.0019
2019-06-27,22.0,21.4,22.14,21.18,799560.0,0.032400000000000005
2019-06-28,21.83,22.04,22.24,21.53,641290.0,-0.0077
2019-06-29,0,0,0,0,0,0
2019-06-30,0,0,0,0,0,0
2019-07-01,22.27,22.21,22.77,22.09,572760.0,0.0202
2019-07-02,22.34,22.22,22.49,22.01,605860.0,0.0031
2019-07-03,22.12,22.45,22.59,22.0,1240000.0,-0.0098
2019-07-04,0,0,0,0,0,0
2019-07-05,22.32,21.84,22.47,21.72,453120.0,0.009000000000000001
2019-07-06,0,0,0,0,0,0
2019-07-07,0,0,0,0,0,0
2019-07-08,21.89,22.15,22.2,21.64,480410.0,-0.019299999999999998
2019-07-09,21.65,21.77,21.88,21.47,395310.0,-0.011000000000000001
2019-07-10,21.21,21.72,21.96,21.09,629100.0,-0.0203
2019-07-11,20.4,21.3,21.37,20.25,836410.0,-0.0382
2019-07-12,20.81,20.61,21.03,20.4,752050.0,0.020099999999999996
2019-07-13,0,0,0,0,0,0
2019-07-14,0,0,0,0,0,0
2019-07-15,20.62,20.85,21.0,20.58,269030.0,-0.0091
2019-07-16,20.62,20.66,20.93,20.44,440260.0,0.0
2019-07-17,20.6,20.58,20.93,20.58,376480.0,-0.001
2019-07-18,20.73,20.65,20.89,20.34,467110.0,0.0063
2019-07-19,20.94,20.75,21.1,20.7,407150.0,0.0101
2019-07-20,0,0,0,0,0,0
2019-07-21,0,0,0,0,0,0
2019-07-22,20.87,20.99,21.33,20.76,286240.0,-0.0033
2019-07-23,20.6,20.88,21.1,20.44,357520.0,-0.0129
2019-07-24,20.61,20.57,20.82,20.4,257810.0,0.0005
2019-07-25,20.19,20.62,20.71,19.95,495060.0,-0.0204
2019-07-26,20.41,20.19,20.46,19.88,374090.0,0.0109
2019-07-27,0,0,0,0,0,0
2019-07-28,0,0,0,0,0,0
2019-07-29,20.72,20.31,20.78,20.31,293830.0,0.0152
2019-07-30,21.18,20.56,21.24,20.37,511230.0,0.0222
2019-07-31,21.32,21.3,21.69,21.07,562130.0,0.0066
2019-08-01,22.23,21.65,23.35,21.65,1220000.0,0.042699999999999995
2019-08-02,21.8,22.3,22.55,21.55,507730.0,-0.019299999999999998
2019-08-03,0,0,0,0,0,0
2019-08-04,0,0,0,0,0,0
2019-08-05,20.52,21.21,21.34,20.1,729580.0,-0.0587
2019-08-06,20.92,21.02,21.29,20.68,399430.0,0.0195
2019-08-07,21.74,20.99,21.79,20.8,560990.0,0.0392
2019-08-08,22.26,21.72,22.28,21.52,447880.0,0.0239
2019-08-09,21.86,22.06,22.21,21.69,443040.0,-0.018000000000000002
2019-08-10,0,0,0,0,0,0
2019-08-11,0,0,0,0,0,0
2019-08-12,21.28,21.55,21.66,21.1,449180.0,-0.0265
2019-08-13,21.86,21.17,21.95,21.04,474360.0,0.0273
2019-08-14,20.6,21.35,21.56,20.35,1080000.0,-0.0576
2019-08-15,23.08,23.76,24.25,21.12,4380000.0,0.1204
2019-08-16,23.39,23.48,23.97,23.04,1580000.0,0.0134
2019-08-17,0,0,0,0,0,0
2019-08-18,0,0,0,0,0,0
2019-08-19,24.36,23.69,24.72,23.56,1620000.0,0.0415
2019-08-20,24.03,24.2,24.3,23.87,583480.0,-0.013500000000000002
2019-08-21,24.5,24.53,24.82,24.3,664270.0,0.0196
2019-08-22,23.77,24.49,24.56,23.72,603910.0,-0.0298
2019-08-23,22.74,23.48,23.74,22.63,664390.0,-0.0433
2019-08-24,0,0,0,0,0,0
2019-08-25,0,0,0,0,0,0
2019-08-26,23.09,23.06,23.31,22.9,365830.0,0.0154
2019-08-27,22.56,23.11,23.4,22.32,742550.0,-0.023
2019-08-28,23.14,22.74,23.27,22.51,537780.0,0.025699999999999997
2019-08-29,23.29,23.38,23.78,23.13,470280.0,0.006500000000000001
2019-08-30,23.39,23.62,23.87,22.97,492110.0,0.0043
2019-08-31,0,0,0,0,0,0
2019-09-01,0,0,0,0,0,0
2019-09-02,0,0,0,0,0,0
2019-09-03,23.17,23.14,23.4,22.89,810920.0,-0.009399999999999999
2019-09-04,23.27,23.41,23.56,23.13,464900.0,0.0043
2019-09-05,23.06,23.58,23.81,22.85,602190.0,-0.009000000000000001
2019-09-06,22.72,23.24,23.34,22.52,513900.0,-0.0147
2019-09-07,0,0,0,0,0,0
2019-09-08,0,0,0,0,0,0
2019-09-09,21.41,22.78,22.96,21.35,788830.0,-0.057699999999999994
2019-09-10,21.2,21.34,21.51,20.14,993510.0,-0.0098
2019-09-11,21.2,21.39,21.71,21.0,516530.0,0.0
2019-09-12,21.16,21.39,21.58,20.66,568060.0,-0.0019
2019-09-13,21.31,21.38,21.5,21.11,472510.0,0.0070999999999999995
2019-09-14,0,0,0,0,0,0
2019-09-15,0,0,0,0,0,0
2019-09-16,21.46,21.54,22.04,21.32,685530.0,0.006999999999999999
2019-09-17,21.91,21.46,22.25,21.31,801990.0,0.021
2019-09-18,21.69,21.89,21.97,21.25,443170.0,-0.01
2019-09-19,22.07,21.73,22.31,21.61,588970.0,0.0175
2019-09-20,22.16,22.08,22.4,21.88,680440.0,0.0040999999999999995
2019-09-21,0,0,0,0,0,0
2019-09-22,0,0,0,0,0,0
2019-09-23,22.67,22.16,22.9,22.16,766420.0,0.023
2019-09-24,21.26,22.8,22.92,20.99,1400000.0,-0.0622
2019-09-25,21.4,21.23,21.5,20.96,409620.0,0.0063
2019-09-26,19.98,21.3,21.39,19.7,1080000.0,-0.0661
2019-09-27,19.43,20.06,20.27,19.3,852560.0,-0.0275
2019-09-28,0,0,0,0,0,0
2019-09-29,0,0,0,0,0,0
2019-09-30,18.88,19.45,19.54,18.7,1250000.0,-0.028300000000000002
2019-10-01,18.25,19.02,19.2,18.24,686880.0,-0.0334
2019-10-02,17.71,18.15,18.21,17.5,722600.0,-0.0296
2019-10-03,18.56,17.76,18.56,17.74,1080000.0,0.04769999999999999
2019-10-04,18.68,18.51,18.88,18.19,553650.0,0.0067
2019-10-05,0,0,0,0,0,0
2019-10-06,0,0,0,0,0,0
2019-10-07,18.14,18.0,18.5,17.86,1030000.0,-0.028900000000000002
2019-10-08,18.03,18.0,18.3,17.87,710690.0,-0.0060999999999999995
2019-10-09,18.02,18.11,18.26,17.78,685150.0,-0.0006
2019-10-10,18.23,18.16,18.73,18.08,562310.0,0.011699999999999999
2019-10-11,18.71,18.5,18.9,18.5,513020.0,0.0263
2019-10-12,0,0,0,0,0,0
2019-10-13,0,0,0,0,0,0
2019-10-14,18.79,18.62,18.97,18.53,342540.0,0.0043
2019-10-15,18.68,18.73,19.04,18.32,531390.0,-0.0059
2019-10-16,18.17,18.59,18.68,18.03,471330.0,-0.027000000000000003
2019-10-17,18.26,18.09,18.62,17.99,402410.0,0.004699999999999999
2019-10-18,18.11,18.2,18.51,18.0,455510.0,-0.008199999999999999
2019-10-19,0,0,0,0,0,0
2019-10-20,0,0,0,0,0,0
2019-10-21,18.53,18.1,18.77,18.1,493150.0,0.0232
2019-10-22,17.91,18.57,18.8,17.79,710330.0,-0.0335
2019-10-23,17.84,17.83,18.22,17.71,536090.0,-0.0039000000000000003
2019-10-24,18.25,18.04,18.33,17.87,472350.0,0.023
2019-10-25,17.86,18.25,18.25,17.0,1140000.0,-0.021400000000000002
2019-10-26,0,0,0,0,0,0
2019-10-27,0,0,0,0,0,0
2019-10-28,17.68,18.02,18.19,17.64,737790.0,-0.0101
2019-10-29,17.7,17.71,18.06,17.56,517650.0,0.0011
2019-10-30,17.25,17.65,17.75,17.07,903460.0,-0.0254
2019-10-31,17.07,17.27,17.41,16.82,752120.0,-0.0104
2019-11-01,17.48,17.18,17.66,17.05,530160.0,0.023700000000000002
2019-11-02,0,0,0,0,0,0
2019-11-03,0,0,0,0,0,0
2019-11-04,17.16,17.6,17.66,17.14,592960.0,-0.018000000000000002
2019-11-05,17.35,17.23,17.4,16.93,690190.0,0.0111
2019-11-06,16.97,17.31,17.57,16.72,744550.0,-0.0219
2019-11-07,17.12,17.18,17.54,17.05,873650.0,0.0088
2019-11-08,16.9,17.02,17.13,16.77,542050.0,-0.0129
2019-11-09,0,0,0,0,0,0
2019-11-10,0,0,0,0,0,0
2019-11-11,16.86,16.84,17.25,16.69,752780.0,-0.0021
2019-11-12,17.51,17.0,17.74,16.92,1740000.0,0.0382
2019-11-13,14.66,16.31,17.0,14.57,5190000.0,-0.1628
2019-11-14,15.07,14.88,15.17,14.5,1840000.0,0.027999999999999997
2019-11-15,14.95,15.3,15.93,14.9,1550000.0,-0.008
2019-11-16,0,0,0,0,0,0
2019-11-17,0,0,0,0,0,0
2019-11-18,14.97,14.95,15.22,14.53,1160000.0,0.0013
2019-11-19,15.1,15.18,15.36,14.99,907020.0,0.0087
2019-11-20,15.03,15.05,15.28,14.82,979780.0,-0.0043
2019-11-21,14.78,15.08,15.39,14.65,944330.0,-0.017
2019-11-22,14.92,14.78,14.96,14.59,631590.0,0.0095
2019-11-23,0,0,0,0,0,0
2019-11-24,0,0,0,0,0,0
2019-11-25,15.63,14.99,15.68,14.99,1070000.0,0.047599999999999996
2019-11-26,15.54,15.61,15.74,15.22,751170.0,-0.0058
2019-11-27,16.19,15.57,16.3,15.56,908950.0,0.0418
2019-11-28,0,0,0,0,0,0
2019-11-29,16.35,16.21,16.48,16.04,539040.0,0.009899999999999999
2019-11-30,0,0,0,0,0,0
2019-12-01,0,0,0,0,0,0
2019-12-02,16.41,16.4,16.71,16.27,775190.0,0.0037
2019-12-03,16.74,16.19,16.81,16.01,1260000.0,0.020099999999999996
2019-12-04,17.42,16.7,17.51,16.66,1200000.0,0.0406
2019-12-05,17.94,17.45,18.25,17.45,1550000.0,0.029900000000000003
2019-12-06,18.35,18.12,18.45,17.97,854390.0,0.0229
2019-12-07,0,0,0,0,0,0
2019-12-08,0,0,0,0,0,0
2019-12-09,19.05,19.01,19.36,18.52,1970000.0,0.0381
2019-12-10,19.31,18.93,19.44,18.88,1120000.0,0.013600000000000001
2019-12-11,19.81,19.31,20.05,19.31,1220000.0,0.0259
2019-12-12,20.25,19.95,20.27,19.9,1010000.0,0.0222
2019-12-13,20.31,20.25,20.57,19.85,1150000.0,0.003
2019-12-14,0,0,0,0,0,0
2019-12-15,0,0,0,0,0,0
2019-12-16,20.7,20.46,20.74,20.33,563850.0,0.0192
2019-12-17,21.33,20.71,21.4,20.66,1180000.0,0.0304
2019-12-18,20.6,21.31,21.31,20.32,913180.0,-0.0342
2019-12-19,20.6,20.68,20.85,20.3,1100000.0,0.0
2019-12-20,21.15,20.65,21.17,20.51,1140000.0,0.026699999999999998
2019-12-21,0,0,0,0,0,0
2019-12-22,0,0,0,0,0,0
2019-12-23,21.81,21.2,21.83,21.01,752010.0,0.031200000000000002
2019-12-24,22.15,21.84,22.19,21.67,364080.0,0.015600000000000001
2019-12-25,0,0,0,0,0,0
2019-12-26,22.32,22.2,22.61,22.06,519590.00000000006,0.0077
2019-12-27,21.79,22.32,22.32,21.67,519400.0,-0.023700000000000002
2019-12-28,0,0,0,0,0,0
2019-12-29,0,0,0,0,0,0
2019-12-30,21.86,21.71,21.93,21.21,661990.0,0.0032
2019-12-31,22.1,21.83,22.18,21.74,344820.0,0.011000000000000001
2020-01-01,0,0,0,0,0,0
2020-01-02,22.52,22.36,22.53,22.04,643340.0,0.019
2020-01-03,21.8,22.19,22.44,21.59,809640.0,-0.032
2020-01-04,0,0,0,0,0,0
2020-01-05,0,0,0,0,0,0
2020-01-06,22.32,21.31,22.33,21.1,938020.0,0.0239
2020-01-07,22.35,22.29,22.6,22.22,598930.0,0.0016
2020-01-08,22.57,22.37,22.71,22.11,712030.0,0.0096
2020-01-09,22.89,22.61,23.38,22.61,788850.0,0.014199999999999999
2020-01-10,22.55,23.0,23.0,22.47,445100.0,-0.0149
2020-01-11,0,0,0,0,0,0
2020-01-12,0,0,0,0,0,0
2020-01-13,23.06,22.63,23.3,22.6,696540.0,0.0226
2020-01-14,23.45,23.0,23.75,22.76,935840.0,0.0169
2020-01-15,23.28,23.39,23.45,22.9,759760.0,-0.0072
2020-01-16,23.02,23.43,23.74,22.87,760270.0,-0.011200000000000002
2020-01-17,22.41,23.05,23.07,21.97,1330000.0,-0.0265
2020-01-18,0,0,0,0,0,0
2020-01-19,0,0,0,0,0,0
2020-01-20,0,0,0,0,0,0
2020-01-21,22.01,22.3,22.34,21.47,883750.0,-0.0178
2020-01-22,21.77,22.23,22.23,21.64,653750.0,-0.0109
2020-01-23,21.39,21.65,21.65,21.05,652520.0,-0.0175
2020-01-24,21.08,21.41,21.43,20.87,726930.0,-0.014499999999999999
2020-01-25,0,0,0,0,0,0
2020-01-26,0,0,0,0,0,0
2020-01-27,20.21,20.33,20.53,20.1,583820.0,-0.041299999999999996
2020-01-28,20.72,20.34,20.94,20.22,537900.0,0.0252
2020-01-29,20.5,20.84,20.91,20.37,385080.0,-0.0106
2020-01-30,20.5,20.34,20.53,20.15,243710.0,0.0
2020-01-31,20.05,20.35,20.36,19.89,485740.0,-0.022000000000000002
2020-02-01,0,0,0,0,0,0
2020-02-02,0,0,0,0,0,0
2020-02-03,20.62,20.05,20.82,20.03,621360.0,0.028399999999999998
2020-02-04,21.3,21.0,21.52,20.98,897860.0,0.033
2020-02-05,21.66,21.75,22.1,21.21,813670.0,0.0169
2020-02-06,21.85,21.85,22.45,21.8,680940.0,0.0088
2020-02-07,21.22,21.75,21.81,20.86,663120.0,-0.0288
2020-02-08,0,0,0,0,0,0
2020-02-09,0,0,0,0,0,0
2020-02-10,21.37,21.1,21.52,20.98,350870.0,0.0070999999999999995
2020-02-11,22.84,21.61,22.88,21.49,1070000.0,0.0688
2020-02-12,24.13,23.05,24.42,22.86,2049999.9999999998,0.0565
2020-02-13,23.92,23.86,24.1,22.58,1680000.0,-0.0087
2020-02-14,23.32,24.11,24.28,23.16,531280.0,-0.025099999999999997
2020-02-15,0,0,0,0,0,0
2020-02-16,0,0,0,0,0,0
2020-02-17,0,0,0,0,0,0
2020-02-18,23.51,23.26,23.84,23.15,552320.0,0.008100000000000001
2020-02-19,24.64,23.91,25.35,23.85,1540000.0,0.0481
2020-02-20,24.47,25.19,25.3,23.95,1250000.0,-0.0069
2020-02-21,23.0,24.15,24.15,22.7,1250000.0,-0.0601
2020-02-22,0,0,0,0,0,0
2020-02-23,0,0,0,0,0,0
2020-02-24,21.8,21.27,22.2,20.91,1130000.0,-0.052199999999999996
2020-02-25,21.85,22.09,22.49,21.57,1070000.0,0.0023
2020-02-26,21.67,21.85,22.5,21.6,605610.0,-0.008199999999999999
2020-02-27,20.63,20.9,21.42,20.06,1630000.0,-0.048
2020-02-28,20.4,19.5,20.79,19.37,1060000.0,-0.0111
2020-02-29,0,0,0,0,0,0
2020-03-01,0,0,0,0,0,0
2020-03-02,20.61,20.12,20.63,19.65,687360.0,0.0103
2020-03-03,20.91,20.92,22.04,20.55,708310.0,0.0146
2020-03-04,21.47,21.34,21.47,20.73,438730.0,0.0268
2020-03-05,21.5,20.95,21.77,20.8,504240.0,0.0014000000000000002
2020-03-06,20.31,20.89,21.36,19.88,706060.0,-0.0553
2020-03-07,0,0,0,0,0,0
2020-03-08,0,0,0,0,0,0
2020-03-09,17.35,18.72,18.79,17.25,1280000.0,-0.1457
2020-03-10,18.21,18.31,18.45,17.48,613310.0,0.0496
2020-03-11,17.89,17.67,18.15,16.94,1070000.0,-0.0176
2020-03-12,16.28,15.95,17.1,15.88,1030000.0,-0.09
2020-03-13,16.8,17.18,17.49,15.4,1360000.0,0.0319
2020-03-14,0,0,0,0,0,0
2020-03-15,0,0,0,0,0,0
2020-03-16,13.24,15.0,15.21,12.34,1920000.0,-0.2119
2020-03-17,14.8,13.56,15.93,12.99,1650000.0,0.11779999999999999
2020-03-18,13.47,13.99,14.75,12.0,2040000.0,-0.08990000000000001
2020-03-19,14.06,13.44,14.7,12.07,1480000.0,0.0438
2020-03-20,14.71,14.6,15.5,14.15,1230000.0,0.0462
2020-03-21,0,0,0,0,0,0
2020-03-22,0,0,0,0,0,0
2020-03-23,14.43,14.83,14.83,13.58,984830.0,-0.019
2020-03-24,15.4,15.3,15.83,14.92,933150.0,0.0672
2020-03-25,15.45,15.61,16.7,14.7,1190000.0,0.0032
2020-03-26,17.42,17.85,18.49,16.76,2130000.0,0.1275
2020-03-27,15.28,16.56,16.56,15.22,1170000.0,-0.12279999999999999
2020-03-28,0,0,0,0,0,0
2020-03-29,0,0,0,0,0,0
2020-03-30,15.64,15.42,15.82,14.9,968660.0,0.0236
2020-03-31,15.91,15.74,16.4,15.43,1580000.0,0.0173
2020-04-01,14.74,15.22,15.42,14.58,479500.0,-0.0735
2020-04-02,15.29,14.79,15.63,14.75,680370.0,0.0373
2020-04-03,14.9,15.31,15.49,14.58,384150.0,-0.0255
2020-04-04,0,0,0,0,0,0
2020-04-05,0,0,0,0,0,0
2020-04-06,16.37,15.74,16.59,15.61,609910.0,0.0987
2020-04-07,16.18,17.0,17.11,16.1,631810.0,-0.0116
2020-04-08,16.89,16.59,17.08,16.36,650880.0,0.043899999999999995
2020-04-09,16.88,17.02,17.69,16.61,640490.0,-0.0006
2020-04-10,0,0,0,0,0,0
2020-04-11,0,0,0,0,0,0
2020-04-12,0,0,0,0,0,0
2020-04-13,17.08,16.88,17.15,16.36,494580.0,0.0118
2020-04-14,17.75,17.5,17.94,17.18,553870.0,0.0392
2020-04-15,17.19,17.13,17.25,16.75,393590.0,-0.0315
2020-04-16,16.78,17.39,17.39,16.56,339410.0,-0.0239
2020-04-17,17.3,17.31,17.7,16.84,924060.0,0.031
2020-04-18,0,0,0,0,0,0
2020-04-19,0,0,0,0,0,0
2020-04-20,16.78,17.0,17.17,16.66,509450.0,-0.0301
2020-04-21,15.87,16.14,16.5,15.83,598380.0,-0.0542
2020-04-22,16.43,16.32,16.47,15.93,478500.0,0.0353
2020-04-23,16.97,16.62,17.34,16.53,576710.0,0.0329
2020-04-24,16.86,17.03,17.22,16.46,355800.0,-0.006500000000000001
2020-04-25,0,0,0,0,0,0
2020-04-26,0,0,0,0,0,0
2020-04-27,17.24,16.95,17.5,16.89,399190.0,0.0225
2020-04-28,17.23,17.62,17.7,16.9,461130.0,-0.0006
2020-04-29,18.58,17.58,18.7,17.44,1060000.0,0.0784
2020-04-30,17.84,18.44,18.44,17.58,500790.0,-0.0398
2020-05-01,17.14,17.01,17.58,16.77,353780.0,-0.0392
2020-05-02,0,0,0,0,0,0
2020-05-03,0,0,0,0,0,0
2020-05-04,17.58,17.1,17.59,16.98,451530.0,0.025699999999999997
2020-05-05,17.54,17.83,18.2,17.5,374810.0,-0.0023
2020-05-06,18.1,17.85,18.35,17.58,525020.0,0.0319
2020-05-07,18.09,18.17,18.4,17.77,822420.0,-0.0006
2020-05-08,18.54,18.35,18.73,18.21,627470.0,0.024900000000000002
2020-05-09,0,0,0,0,0,0
2020-05-10,0,0,0,0,0,0
2020-05-11,18.26,18.39,18.49,18.06,454350.0,-0.0151
2020-05-12,17.71,18.44,18.67,17.69,363240.0,-0.0301
2020-05-13,17.2,17.63,17.91,16.82,536300.0,-0.0288
2020-05-14,16.81,16.85,16.94,15.84,902200.0,-0.0227
2020-05-15,17.05,16.5,17.18,16.27,550140.0,0.0143
2020-05-16,0,0,0,0,0,0
2020-05-17,0,0,0,0,0,0
2020-05-18,17.98,17.85,18.06,17.31,776420.0,0.0545
2020-05-19,19.27,18.16,19.45,18.16,1250000.0,0.0717
2020-05-20,18.92,19.6,20.14,18.7,1960000.0,-0.0182
2020-05-21,18.71,19.01,19.34,18.58,475470.0,-0.0111
2020-05-22,18.2,18.69,18.69,18.08,1030000.0,-0.0273
2020-05-23,0,0,0,0,0,0
2020-05-24,0,0,0,0,0,0
2020-05-25,0,0,0,0,0,0
2020-05-26,19.05,18.8,19.42,18.73,1100000.0,0.0467
2020-05-27,19.28,19.21,19.31,18.4,780710.0,0.0121
2020-05-28,18.14,19.39,19.39,18.04,1630000.0,-0.0591
2020-05-29,18.8,18.28,19.18,18.1,1290000.0,0.0364
2020-05-30,0,0,0,0,0,0
2020-05-31,0,0,0,0,0,0
2020-06-01,18.71,18.25,19.08,18.23,920900.0,-0.0048
2020-06-02,18.4,18.6,18.75,18.16,789540.0,-0.0166
2020-06-03,19.09,18.5,19.75,18.31,3060000.0,0.0375
2020-06-04,19.23,19.11,19.85,19.1,1230000.0,0.0073
2020-06-05,19.23,19.5,19.6,19.16,1020000.0,0.0
2020-06-06,0,0,0,0,0,0
2020-06-07,0,0,0,0,0,0
2020-06-08,20.2,19.38,20.2,19.22,971820.0,0.0504
2020-06-09,19.1,20.0,20.0,18.91,1250000.0,-0.0545
2020-06-10,18.44,19.23,19.3,18.16,933530.0,-0.0346
2020-06-11,16.95,17.49,17.82,16.82,1050000.0,-0.0808
2020-06-12,17.74,17.52,17.99,17.2,892000.0,0.0466
2020-06-13,0,0,0,0,0,0
2020-06-14,0,0,0,0,0,0
2020-06-15,17.84,17.2,18.0,17.0,527330.0,0.005600000000000001
2020-06-16,18.07,18.49,18.49,17.71,688590.0,0.0129
2020-06-17,17.41,18.12,18.12,17.34,553500.0,-0.0365
2020-06-18,17.76,17.41,18.11,17.35,449950.0,0.020099999999999996
2020-06-19,18.05,18.08,18.4,17.89,874420.0,0.0163
2020-06-20,0,0,0,0,0,0
2020-06-21,0,0,0,0,0,0
2020-06-22,17.76,18.18,18.2,17.6,386410.0,-0.0161
2020-06-23,18.43,17.95,18.67,17.84,613250.0,0.0377
2020-06-24,18.66,18.3,18.87,18.13,727180.0,0.0125
2020-06-25,19.14,18.66,19.14,18.5,689430.0,0.025699999999999997
2020-06-26,18.47,19.08,19.24,18.38,492010.0,-0.0353
2020-06-27,0,0,0,0,0,0
2020-06-28,0,0,0,0,0,0
2020-06-29,19.03,18.74,19.21,18.42,566360.0,0.030600000000000002
2020-06-30,19.27,18.95,19.55,18.94,475900.0,0.0126
2020-07-01,19.33,19.27,19.6,19.16,495970.0,0.0031
2020-07-02,20.04,19.62,20.43,19.52,885950.0,0.036699999999999997
2020-07-03,0,0,0,0,0,0
2020-07-04,0,0,0,0,0,0
2020-07-05,0,0,0,0,0,0
2020-07-06,22.1,20.4,22.18,20.35,1910000.0,0.10279999999999999
2020-07-07,22.29,22.06,22.35,21.54,1130000.0,0.0086
2020-07-08,23.67,22.47,23.96,22.43,1630000.0,0.061900000000000004
2020-07-09,23.89,24.0,24.49,23.4,1770000.0,0.0091
2020-07-10,23.4,23.93,23.98,23.13,744830.0,-0.0203
2020-07-11,0,0,0,0,0,0
2020-07-12,0,0,0,0,0,0
2020-07-13,23.15,23.68,24.49,23.01,919790.0,-0.010700000000000001
2020-07-14,23.69,23.0,23.72,22.56,1020000.0,0.0233
2020-07-15,23.73,24.2,24.24,23.44,732030.0,0.0015
2020-07-16,22.8,23.36,23.44,22.51,826160.0,-0.039
2020-07-17,23.43,23.03,23.54,22.81,694290.0,0.0276
2020-07-18,0,0,0,0,0,0
2020-07-19,0,0,0,0,0,0
2020-07-20,24.88,23.64,25.85,23.64,2360000.0,0.061900000000000004
2020-07-21,23.23,25.21,25.28,22.9,1760000.0,-0.0663
2020-07-22,23.0,23.23,23.62,22.93,837030.0,-0.009899999999999999
2020-07-23,22.96,23.07,23.44,22.58,703220.0,-0.0017000000000000001
2020-07-24,22.75,22.63,22.88,22.13,785980.0,-0.0089
2020-07-25,0,0,0,0,0,0
2020-07-26,0,0,0,0,0,0
2020-07-27,24.63,23.53,24.66,23.46,2150000.0,0.0824
2020-07-28,23.01,24.49,24.53,23.01,1090000.0,-0.0658
2020-07-29,22.77,23.1,23.54,22.67,937730.0,-0.0104
2020-07-30,22.55,22.43,22.6,21.75,1020000.0,-0.0097
2020-07-31,22.14,22.68,22.75,21.65,941590.0,-0.0182
2020-08-01,0,0,0,0,0,0
2020-08-02,0,0,0,0,0,0
2020-08-03,22.42,22.21,22.47,22.04,825400.0,0.0126
2020-08-04,23.98,22.87,24.27,22.87,1440000.0,0.0696
2020-08-05,23.77,24.1,24.15,23.13,969380.0,-0.0088
2020-08-06,23.62,23.69,24.12,23.36,1020000.0,-0.0063
2020-08-07,25.32,25.0,26.72,24.62,4179999.9999999995,0.07200000000000001
2020-08-08,0,0,0,0,0,0
2020-08-09,0,0,0,0,0,0
2020-08-10,24.46,25.2,25.48,23.94,1770000.0,-0.034
2020-08-11,24.04,24.54,24.72,23.32,1170000.0,-0.0172
2020-08-12,25.03,24.0,25.73,24.0,1780000.0,0.0412
2020-08-13,26.38,25.1,26.54,24.75,2400000.0,0.053899999999999997
2020-08-14,25.89,26.41,26.41,25.51,1520000.0,-0.018600000000000002
2020-08-15,0,0,0,0,0,0
2020-08-16,0,0,0,0,0,0
2020-08-17,25.94,26.16,26.47,25.65,1250000.0,0.0019
2020-08-18,26.7,25.99,27.27,25.75,2000000.0,0.029300000000000003
2020-08-19,26.59,26.78,27.28,26.36,1440000.0,-0.0040999999999999995
2020-08-20,25.69,26.26,26.59,25.45,1220000.0,-0.0338
2020-08-21,25.96,25.59,26.65,25.59,940770.0,0.0105
2020-08-22,0,0,0,0,0,0
2020-08-23,0,0,0,0,0,0
2020-08-24,27.06,26.06,27.59,26.06,1970000.0,0.0424
2020-08-25,27.72,27.29,27.78,26.75,1490000.0,0.024399999999999998
2020-08-26,28.05,28.0,28.83,27.8,2440000.0,0.011899999999999999
2020-08-27,28.64,28.0,28.98,27.61,1610000.0,0.021
2020-08-28,32.52,29.25,32.72,28.92,4840000.0,0.1355
2020-08-29,0,0,0,0,0,0
2020-08-30,0,0,0,0,0,0
2020-08-31,32.49,32.45,34.1,31.78,2029999.9999999998,-0.0009
2020-09-01,33.75,32.59,34.01,32.49,2150000.0,0.0388
2020-09-02,33.49,34.17,34.85,32.25,1780000.0,-0.0077
2020-09-03,30.83,32.52,32.92,30.35,2440000.0,-0.0794
2020-09-04,30.3,30.22,31.18,28.35,1990000.0,-0.0172
2020-09-05,0,0,0,0,0,0
2020-09-06,0,0,0,0,0,0
2020-09-07,0,0,0,0,0,0
2020-09-08,29.86,28.77,31.12,28.7,1440000.0,-0.014499999999999999
2020-09-09,30.97,30.8,31.29,30.45,1340000.0,0.037200000000000004
2020-09-10,27.68,28.69,29.49,26.8,8250000.0,-0.10619999999999999
2020-09-11,28.42,27.99,29.21,27.98,4870000.0,0.026699999999999998
2020-09-12,0,0,0,0,0,0
2020-09-13,0,0,0,0,0,0
2020-09-14,30.14,28.83,30.2,28.09,2260000.0,0.0605
2020-09-15,31.27,30.53,32.23,30.53,3120000.0,0.0375
2020-09-16,30.48,31.48,31.87,30.31,1640000.0,-0.0253
2020-09-17,29.52,29.51,30.19,29.26,1380000.0,-0.0315
2020-09-18,29.28,29.71,30.16,29.23,2040000.0,-0.008100000000000001
2020-09-19,0,0,0,0,0,0
2020-09-20,0,0,0,0,0,0
2020-09-21,29.43,28.33,29.52,28.33,1330000.0,0.0051
2020-09-22,29.65,29.61,29.83,28.79,970100.0,0.0075
2020-09-23,30.27,30.1,31.61,30.06,2000000.0,0.0209
2020-09-24,29.9,29.64,30.37,28.7,1880000.0,-0.012199999999999999
2020-09-25,32.18,29.89,32.37,29.77,2780000.0,0.07629999999999999
2020-09-26,0,0,0,0,0,0
2020-09-27,0,0,0,0,0,0
2020-09-28,34.02,33.66,34.2,32.54,2810000.0,0.0572
2020-09-29,34.04,33.78,34.4,32.93,2020000.0,0.0006
2020-09-30,35.1,34.25,36.2,34.18,3340000.0,0.0311
2020-10-01,36.35,35.59,36.73,34.66,1870000.0,0.0356
2020-10-02,35.9,35.1,36.99,35.0,1910000.0,-0.0124
2020-10-03,0,0,0,0,0,0
2020-10-04,0,0,0,0,0,0
2020-10-05,38.25,36.64,38.37,36.64,2060000.0,0.0655
2020-10-06,38.92,38.56,39.99,37.63,3230000.0,0.0175
2020-10-07,40.78,39.96,42.72,39.77,3930000.0,0.0478
2020-10-08,39.48,41.32,41.32,38.55,4350000.0,-0.0319
2020-10-09,41.62,39.52,42.05,39.29,2590000.0,0.0542
2020-10-10,0,0,0,0,0,0
2020-10-11,0,0,0,0,0,0
2020-10-12,37.85,41.0,41.0,37.07,4940000.0,-0.0906
2020-10-13,39.24,37.28,40.09,37.25,2450000.0,0.036699999999999997
2020-10-14,39.7,39.64,40.33,39.08,1680000.0,0.011699999999999999
2020-10-15,38.91,37.44,39.52,37.25,1770000.0,-0.0199
2020-10-16,37.97,39.7,39.98,37.73,2370000.0,-0.0242
2020-10-17,0,0,0,0,0,0
2020-10-18,0,0,0,0,0,0
2020-10-19,39.46,38.48,40.53,37.5,2490000.0,0.0392
2020-10-20,44.12,39.5,44.86,39.12,7410000.0,0.11810000000000001
2020-10-21,39.51,44.5,44.79,39.3,6100000.0,-0.1045
2020-10-22,39.9,39.66,40.22,37.56,3120000.0,0.009899999999999999
2020-10-23,40.37,41.3,42.38,38.91,2660000.0,0.0118
2020-10-24,0,0,0,0,0,0
2020-10-25,0,0,0,0,0,0
2020-10-26,0,0,0,0,0,0
2020-10-26,38.74,39.43,40.5,37.79,2330000.0,-0.0404
2020-10-27,38.01,39.6,40.13,37.86,1720000.0,-0.018799999999999997
2020-10-28,37.99,37.95,38.68,37.4,1820000.0,-0.0005
2020-10-29,37.68,38.72,39.1,37.3,2029999.9999999998,-0.008199999999999999
2020-10-30,36.35,36.87,37.21,34.95,2120000.0,-0.0353
2020-10-30,36.35,36.87,37.21,34.95,2120000.0,-0.0353
2020-11-01,0,0,0,0,0,0
2020-11-02,0,0,0,0,0,0
2020-11-02,36.96,37.15,37.5,36.06,1480000.0,0.0168
2020-11-03,36.73,37.2,38.15,36.47,1940000.0,-0.0062
2020-11-04,35.7,36.01,36.95,33.04,3340000.0,-0.027999999999999997
2020-11-05,39.97,37.63,41.26,37.59,4130000.0,0.11960000000000001
2020-11-06,39.85,40.25,41.73,39.1,2830000.0,-0.003
2020-11-08,0,0,0,0,0,0
2020-11-09,0,0,0,0,0,0
2020-11-09,39.32,42.33,43.11,39.26,2810000.0,-0.013300000000000001
2020-11-10,0,0,0,0,0,0
2020-11-10,38.93,39.93,41.18,37.65,1990000.0,-0.009899999999999999
2020-11-11,40.51,39.8,41.3,39.53,2000000.0,0.0406
2020-11-12,39.42,41.45,42.06,39.11,1630000.0,-0.0269
2020-11-13,38.83,40.08,40.4,38.32,1340000.0,-0.015
2020-11-15,0,0,0,0,0,0
2020-11-16,0,0,0,0,0,0
2020-11-16,38.73,38.97,39.96,38.3,1810000.0,-0.0026
2020-11-17,39.69,38.62,39.71,37.68,1430000.0,0.0248
2020-11-18,38.72,40.18,40.3,38.2,2029999.9999999998,-0.024399999999999998
2020-11-19,37.16,38.73,39.04,35.4,6740000.0,-0.0403
2020-11-20,38.43,37.5,38.94,36.13,3160000.0,0.0342
2020-11-22,0,0,0,0,0,0
2020-11-23,0,0,0,0,0,0
2020-11-23,39.83,39.02,39.84,37.89,2730000.0,0.0364
2020-11-24,40.62,40.47,41.3,38.65,2400000.0,0.019799999999999998
2020-11-25,42.9,40.86,43.4,40.46,4510000.0,0.056100000000000004
2020-11-27,0,0,0,0,0,0
2020-11-27,44.17,43.81,45.7,43.3,2240000.0,0.0296
2020-11-29,0,0,0,0,0,0
2020-11-29,0,0,0,0,0,0
2020-12-01,0,0,0,0,0,0
2020-12-02,0,0,0,0,0,0
