2015-01-02,0.38,0.38,0.38,0.38,101450.0,0.0
2015-01-03,0,0,0,0,0,0
2015-01-04,0,0,0,0,0,0
2015-01-05,0.39,0.38,0.39,0.38,220960.0,0.0263
2015-01-06,0.37,0.38,0.38,0.35,164200.0,-0.0513
2015-01-07,0.38,0.37,0.38,0.36,5500.0,0.027000000000000003
2015-01-08,0.39,0.37,0.39,0.36,101700.0,0.0263
2015-01-09,0.38,0.39,0.39,0.36,164800.0,-0.0256
2015-01-10,0,0,0,0,0,0
2015-01-11,0,0,0,0,0,0
2015-01-12,0.37,0.4,0.41,0.36,2100000.0,-0.0263
2015-01-13,0.34,0.38,0.38,0.34,614990.0,-0.08109999999999999
2015-01-14,0.34,0.35,0.35,0.34,330120.0,0.0
2015-01-15,0.33,0.34,0.34,0.33,378880.0,-0.0294
2015-01-16,0.33,0.33,0.33,0.31,520480.0,0.0
2015-01-17,0,0,0,0,0,0
2015-01-18,0,0,0,0,0,0
2015-01-19,0.33,0.33,0.34,0.33,445580.0,0.0
2015-01-20,0.34,0.35,0.38,0.33,828680.0,0.030299999999999997
2015-01-21,0.33,0.34,0.34,0.33,515350.0,-0.0294
2015-01-22,0.33,0.33,0.34,0.32,442790.0,0.0
2015-01-23,0.33,0.33,0.34,0.32,338350.0,0.0
2015-01-24,0,0,0,0,0,0
2015-01-25,0,0,0,0,0,0
2015-01-26,0.34,0.33,0.34,0.33,109750.0,0.030299999999999997
2015-01-27,0.33,0.34,0.35,0.33,423050.0,-0.0294
2015-01-28,0.35,0.33,0.35,0.33,261899.99999999997,0.060599999999999994
2015-01-29,0.35,0.34,0.36,0.34,350110.0,0.0
2015-01-30,0.34,0.35,0.35,0.34,992800.0,-0.0286
2015-01-31,0,0,0,0,0,0
2015-02-01,0,0,0,0,0,0
2015-02-02,0.34,0.34,0.34,0.33,128130.0,0.0
2015-02-03,0.34,0.35,0.35,0.33,327850.0,0.0
2015-02-04,0.35,0.34,0.35,0.33,432700.0,0.0294
2015-02-05,0.35,0.34,0.35,0.34,114300.0,0.0
2015-02-06,0.34,0.35,0.35,0.34,176210.0,-0.0286
2015-02-07,0,0,0,0,0,0
2015-02-08,0,0,0,0,0,0
2015-02-09,0.36,0.35,0.37,0.34,261360.0,0.0588
2015-02-10,0.38,0.36,0.39,0.36,518030.0,0.0556
2015-02-11,0.37,0.38,0.38,0.36,290600.0,-0.0263
2015-02-12,0.38,0.37,0.38,0.36,166530.0,0.027000000000000003
2015-02-13,0.39,0.37,0.39,0.37,460440.0,0.0263
2015-02-14,0,0,0,0,0,0
2015-02-15,0,0,0,0,0,0
2015-02-16,0,0,0,0,0,0
2015-02-17,0.38,0.39,0.4,0.37,477060.0,-0.0256
2015-02-18,0.37,0.39,0.39,0.37,715370.0,-0.0263
2015-02-19,0.36,0.37,0.38,0.35,315210.0,-0.027000000000000003
2015-02-20,0.36,0.36,0.37,0.36,301480.0,0.0
2015-02-21,0,0,0,0,0,0
2015-02-22,0,0,0,0,0,0
2015-02-23,0.34,0.36,0.36,0.33,416170.0,-0.0556
2015-02-24,0.39,0.36,0.39,0.34,1380000.0,0.1471
2015-02-25,0.45,0.39,0.45,0.39,1060000.0,0.15380000000000002
2015-02-26,0.42,0.42,0.43,0.4,513809.99999999994,-0.0667
2015-02-27,0.45,0.4,0.46,0.4,566200.0,0.07139999999999999
2015-02-28,0,0,0,0,0,0
2015-03-01,0,0,0,0,0,0
2015-03-02,0.47,0.45,0.47,0.43,353290.0,0.0444
2015-03-03,0.47,0.46,0.48,0.44,519950.00000000006,0.0
2015-03-04,0.47,0.47,0.48,0.45,441070.0,0.0
2015-03-05,0.47,0.47,0.48,0.47,282460.0,0.0
2015-03-06,0.46,0.46,0.47,0.46,530600.0,-0.0213
2015-03-07,0,0,0,0,0,0
2015-03-08,0,0,0,0,0,0
2015-03-09,0.43,0.45,0.46,0.42,318570.0,-0.0652
2015-03-10,0.42,0.4,0.42,0.4,206470.0,-0.0233
2015-03-11,0.44,0.42,0.44,0.41,327960.0,0.047599999999999996
2015-03-12,0.45,0.45,0.45,0.42,1280000.0,0.0227
2015-03-13,0.44,0.44,0.45,0.43,350900.0,-0.0222
2015-03-14,0,0,0,0,0,0
2015-03-15,0,0,0,0,0,0
2015-03-16,0.435,0.435,0.445,0.435,116080.0,-0.011399999999999999
2015-03-17,0.44,0.44,0.44,0.425,229900.0,0.0115
2015-03-18,0.425,0.43,0.44,0.42,204540.0,-0.0341
2015-03-19,0.415,0.425,0.425,0.41,133630.0,-0.0235
2015-03-20,0.42,0.4,0.43,0.4,113000.0,0.012
2015-03-21,0,0,0,0,0,0
2015-03-22,0,0,0,0,0,0
2015-03-23,0.44,0.42,0.45,0.42,208280.0,0.047599999999999996
2015-03-24,0.45,0.44,0.46,0.44,150030.0,0.0227
2015-03-25,0.45,0.435,0.47,0.435,220200.0,0.0
2015-03-26,0.455,0.45,0.455,0.43,830000.0,0.0111
2015-03-27,0.455,0.455,0.47,0.44,161700.0,0.0
2015-03-28,0,0,0,0,0,0
2015-03-29,0,0,0,0,0,0
2015-03-30,0.5,0.47,0.51,0.47,869080.0,0.0989
2015-03-31,0.52,0.5,0.53,0.5,1140000.0,0.04
2015-04-01,0.5,0.52,0.52,0.485,510240.0,-0.0385
2015-04-02,0.52,0.52,0.52,0.5,296800.0,0.04
2015-04-03,0,0,0,0,0,0
2015-04-04,0,0,0,0,0,0
2015-04-05,0,0,0,0,0,0
2015-04-06,0.51,0.49,0.51,0.49,185170.0,-0.0192
2015-04-07,0.57,0.51,0.57,0.5,590250.0,0.1176
2015-04-08,0.54,0.55,0.56,0.54,1470000.0,-0.0526
2015-04-09,0.53,0.55,0.55,0.53,362820.0,-0.018500000000000003
2015-04-10,0.54,0.53,0.54,0.5,1010000.0,0.0189
2015-04-11,0,0,0,0,0,0
2015-04-12,0,0,0,0,0,0
2015-04-13,0.53,0.52,0.53,0.48,1470000.0,-0.018500000000000003
2015-04-14,0.5,0.51,0.51,0.5,232720.0,-0.056600000000000004
2015-04-15,0.52,0.51,0.52,0.5,250380.0,0.04
2015-04-16,0.5,0.51,0.51,0.49,614230.0,-0.0385
2015-04-17,0.485,0.5,0.5,0.485,317820.0,-0.03
2015-04-18,0,0,0,0,0,0
2015-04-19,0,0,0,0,0,0
2015-04-20,0.5,0.49,0.5,0.48,189220.0,0.030899999999999997
2015-04-21,0.51,0.51,0.52,0.49,668470.0,0.02
2015-04-22,0.55,0.51,0.55,0.5,589220.0,0.0784
2015-04-23,0.61,0.57,0.62,0.57,2530000.0,0.1091
2015-04-24,0.64,0.63,0.67,0.62,1990000.0,0.0492
2015-04-25,0,0,0,0,0,0
2015-04-26,0,0,0,0,0,0
2015-04-27,0.58,0.62,0.64,0.58,4570000.0,-0.09380000000000001
2015-04-28,0.57,0.59,0.59,0.55,477550.0,-0.0172
2015-04-29,0.54,0.6,0.6,0.54,730350.0,-0.0526
2015-04-30,0.51,0.55,0.58,0.51,1230000.0,-0.0556
2015-05-01,0.53,0.53,0.54,0.51,290300.0,0.0392
2015-05-02,0,0,0,0,0,0
2015-05-03,0,0,0,0,0,0
2015-05-04,0.51,0.51,0.52,0.51,633200.0,-0.0377
2015-05-05,0.55,0.51,0.55,0.51,506710.0,0.0784
2015-05-06,0.54,0.56,0.58,0.54,345810.0,-0.0182
2015-05-07,0.55,0.54,0.56,0.53,179860.0,0.018500000000000003
2015-05-08,0.56,0.56,0.56,0.54,72800.0,0.0182
2015-05-09,0,0,0,0,0,0
2015-05-10,0,0,0,0,0,0
2015-05-11,0.54,0.55,0.56,0.54,77760.0,-0.035699999999999996
2015-05-12,0.52,0.55,0.55,0.52,145840.0,-0.037000000000000005
2015-05-13,0.51,0.52,0.52,0.51,438190.0,-0.0192
2015-05-14,0.52,0.53,0.53,0.52,121400.0,0.0196
2015-05-15,0.52,0.52,0.53,0.52,64000.0,0.0
2015-05-16,0,0,0,0,0,0
2015-05-17,0,0,0,0,0,0
2015-05-18,0,0,0,0,0,0
2015-05-19,0.52,0.52,0.54,0.52,280670.0,0.0
2015-05-20,0.53,0.53,0.53,0.52,239100.0,0.0192
2015-05-21,0.51,0.52,0.53,0.51,479740.0,-0.0377
2015-05-22,0.52,0.53,0.53,0.52,138300.0,0.0196
2015-05-23,0,0,0,0,0,0
2015-05-24,0,0,0,0,0,0
2015-05-25,0.51,0.52,0.52,0.5,450290.0,-0.0192
2015-05-26,0.5,0.51,0.51,0.5,326880.0,-0.0196
2015-05-27,0.52,0.51,0.52,0.495,397180.0,0.04
2015-05-28,0.54,0.53,0.54,0.52,447300.0,0.0385
2015-05-29,0.53,0.54,0.54,0.53,439510.0,-0.018500000000000003
2015-05-30,0,0,0,0,0,0
2015-05-31,0,0,0,0,0,0
2015-06-01,0.53,0.53,0.55,0.52,454550.0,0.0
2015-06-02,0.52,0.53,0.53,0.51,507750.0,-0.0189
2015-06-03,0.52,0.51,0.52,0.51,255630.0,0.0
2015-06-04,0.52,0.52,0.52,0.51,821980.0,0.0
2015-06-05,0.51,0.51,0.52,0.51,128560.0,-0.0192
2015-06-06,0,0,0,0,0,0
2015-06-07,0,0,0,0,0,0
2015-06-08,0.53,0.51,0.53,0.51,278090.0,0.0392
2015-06-09,0.53,0.53,0.54,0.52,1310000.0,0.0
2015-06-10,0.57,0.52,0.57,0.52,838730.0,0.0755
2015-06-11,0.64,0.57,0.64,0.57,3280000.0,0.12279999999999999
2015-06-12,0.67,0.63,0.68,0.61,964340.0,0.046900000000000004
2015-06-13,0,0,0,0,0,0
2015-06-14,0,0,0,0,0,0
2015-06-15,0.74,0.68,0.78,0.68,8430000.0,0.1045
2015-06-16,0.75,0.76,0.77,0.7,2100000.0,0.013500000000000002
2015-06-17,0.78,0.75,0.78,0.74,1660000.0,0.04
2015-06-18,0.77,0.79,0.81,0.75,1370000.0,-0.0128
2015-06-19,0.75,0.75,0.75,0.72,867100.0,-0.026000000000000002
2015-06-20,0,0,0,0,0,0
2015-06-21,0,0,0,0,0,0
2015-06-22,0.72,0.73,0.77,0.72,508700.0,-0.04
2015-06-23,0.77,0.74,0.77,0.74,465210.0,0.0694
2015-06-24,0.76,0.75,0.77,0.74,159180.0,-0.013000000000000001
2015-06-25,0.78,0.77,0.78,0.75,608410.0,0.0263
2015-06-26,0.86,0.77,0.86,0.77,1730000.0,0.1026
2015-06-27,0,0,0,0,0,0
2015-06-28,0,0,0,0,0,0
2015-06-29,0.84,0.81,0.89,0.81,1030000.0,-0.0233
2015-06-30,0.78,0.86,0.86,0.78,796800.0,-0.07139999999999999
2015-07-01,0,0,0,0,0,0
2015-07-02,0.79,0.79,0.8,0.78,333240.0,0.0128
2015-07-03,0.75,0.78,0.79,0.75,192230.0,-0.0506
2015-07-04,0,0,0,0,0,0
2015-07-05,0,0,0,0,0,0
2015-07-06,0.75,0.75,0.78,0.72,602070.0,0.0
2015-07-07,0.77,0.79,0.81,0.74,1190000.0,0.026699999999999998
2015-07-08,0.75,0.77,0.79,0.75,728710.0,-0.026000000000000002
2015-07-09,0.76,0.75,0.77,0.73,490290.0,0.013300000000000001
2015-07-10,0.81,0.78,0.82,0.78,551270.0,0.0658
2015-07-11,0,0,0,0,0,0
2015-07-12,0,0,0,0,0,0
2015-07-13,0.84,0.8,0.86,0.79,3250000.0,0.037000000000000005
2015-07-14,0.85,0.86,0.86,0.84,1230000.0,0.011899999999999999
2015-07-15,0.84,0.86,0.87,0.84,792230.0,-0.0118
2015-07-16,0.81,0.86,0.86,0.79,1010000.0,-0.035699999999999996
2015-07-17,0.74,0.8,0.82,0.72,1410000.0,-0.0864
2015-07-18,0,0,0,0,0,0
2015-07-19,0,0,0,0,0,0
2015-07-20,0.69,0.75,0.75,0.67,1180000.0,-0.0676
2015-07-21,0.69,0.67,0.7,0.67,712890.0,0.0
2015-07-22,0.71,0.69,0.75,0.65,967180.0,0.028999999999999998
2015-07-23,0.69,0.7,0.73,0.69,229500.0,-0.0282
2015-07-24,0.69,0.68,0.7,0.66,439170.0,0.0
2015-07-25,0,0,0,0,0,0
2015-07-26,0,0,0,0,0,0
2015-07-27,0.69,0.7,0.72,0.66,349630.0,0.0
2015-07-28,0.7,0.7,0.7,0.68,159920.0,0.014499999999999999
2015-07-29,0.65,0.71,0.72,0.64,1440000.0,-0.07139999999999999
2015-07-30,0.65,0.65,0.68,0.65,997580.0,0.0
2015-07-31,0.68,0.66,0.7,0.64,436870.0,0.0462
2015-08-01,0,0,0,0,0,0
2015-08-02,0,0,0,0,0,0
2015-08-03,0,0,0,0,0,0
2015-08-04,0.68,0.67,0.7,0.65,538070.0,0.0
2015-08-05,0.74,0.74,0.75,0.72,1020000.0,0.0882
2015-08-06,0.74,0.75,0.75,0.72,990870.0,0.0
2015-08-07,0.72,0.72,0.74,0.7,443580.0,-0.027000000000000003
2015-08-08,0,0,0,0,0,0
2015-08-09,0,0,0,0,0,0
2015-08-10,0.78,0.73,0.8,0.73,696480.0,0.0833
2015-08-11,0.79,0.77,0.85,0.77,1100000.0,0.0128
2015-08-12,0.81,0.8,0.81,0.77,640070.0,0.0253
2015-08-13,0.78,0.79,0.8,0.75,621920.0,-0.037000000000000005
2015-08-14,0.76,0.75,0.76,0.74,403430.0,-0.0256
2015-08-15,0,0,0,0,0,0
2015-08-16,0,0,0,0,0,0
2015-08-17,0.78,0.75,0.78,0.74,436660.0,0.0263
2015-08-18,0.79,0.77,0.8,0.75,643190.0,0.0128
2015-08-19,0.79,0.79,0.79,0.75,566010.0,0.0
2015-08-20,0.79,0.77,0.79,0.76,1300000.0,0.0
2015-08-21,0.76,0.79,0.79,0.74,1160000.0,-0.038
2015-08-22,0,0,0,0,0,0
2015-08-23,0,0,0,0,0,0
2015-08-24,0.69,0.71,0.71,0.68,1030000.0,-0.09210000000000002
2015-08-25,0.68,0.71,0.74,0.66,1190000.0,-0.014499999999999999
2015-08-26,0.63,0.65,0.67,0.59,3760000.0,-0.0735
2015-08-27,0.63,0.64,0.64,0.6,1370000.0,0.0
2015-08-28,0.64,0.65,0.66,0.62,965270.0,0.0159
2015-08-29,0,0,0,0,0,0
2015-08-30,0,0,0,0,0,0
2015-08-31,0.71,0.64,0.71,0.63,920710.0,0.1094
2015-09-01,0.63,0.68,0.68,0.63,350150.0,-0.1127
2015-09-02,0.64,0.65,0.67,0.64,273140.0,0.0159
2015-09-03,0.65,0.66,0.66,0.63,370220.0,0.015600000000000001
2015-09-04,0.63,0.62,0.64,0.6,975150.0,-0.0308
2015-09-05,0,0,0,0,0,0
2015-09-06,0,0,0,0,0,0
2015-09-07,0,0,0,0,0,0
2015-09-08,0.68,0.67,0.7,0.65,1230000.0,0.0794
2015-09-09,0.7,0.67,0.76,0.65,1360000.0,0.0294
2015-09-10,0.71,0.7,0.71,0.68,287940.0,0.0143
2015-09-11,0.69,0.69,0.69,0.67,412910.0,-0.0282
2015-09-12,0,0,0,0,0,0
2015-09-13,0,0,0,0,0,0
2015-09-14,0.71,0.69,0.71,0.68,442690.0,0.028999999999999998
2015-09-15,0.68,0.7,0.7,0.67,364740.0,-0.042300000000000004
2015-09-16,0.68,0.68,0.68,0.65,225230.0,0.0
2015-09-17,0.67,0.67,0.67,0.65,159810.0,-0.0147
2015-09-18,0.64,0.67,0.67,0.63,317250.0,-0.044800000000000006
2015-09-19,0,0,0,0,0,0
2015-09-20,0,0,0,0,0,0
2015-09-21,0.62,0.65,0.66,0.61,662230.0,-0.031200000000000002
2015-09-22,0.68,0.63,0.68,0.62,923740.0,0.0968
2015-09-23,0.69,0.67,0.69,0.66,619600.0,0.0147
2015-09-24,0.7,0.67,0.7,0.66,504580.0,0.014499999999999999
2015-09-25,0.67,0.7,0.7,0.67,614100.0,-0.0429
2015-09-26,0,0,0,0,0,0
2015-09-27,0,0,0,0,0,0
2015-09-28,0.56,0.69,0.69,0.56,1870000.0,-0.1642
2015-09-29,0.6,0.58,0.61,0.57,1590000.0,0.07139999999999999
2015-09-30,0.62,0.59,0.62,0.59,715200.0,0.0333
2015-10-01,0.64,0.62,0.64,0.61,3300000.0,0.0323
2015-10-02,0.63,0.63,0.63,0.6,281280.0,-0.015600000000000001
2015-10-03,0,0,0,0,0,0
2015-10-04,0,0,0,0,0,0
2015-10-05,0.68,0.64,0.69,0.64,1050000.0,0.0794
2015-10-06,0.71,0.68,0.71,0.68,865600.0,0.0441
2015-10-07,0.74,0.71,0.75,0.71,1430000.0,0.042300000000000004
2015-10-08,0.79,0.75,0.82,0.75,1750000.0,0.0676
2015-10-09,0.83,0.79,0.83,0.79,1040000.0,0.0506
2015-10-10,0,0,0,0,0,0
2015-10-11,0,0,0,0,0,0
2015-10-12,0,0,0,0,0,0
2015-10-13,0.815,0.83,0.85,0.79,877460.0,-0.0181
2015-10-14,0.79,0.77,0.79,0.76,660930.0,-0.030699999999999998
2015-10-15,0.75,0.78,0.78,0.74,376100.0,-0.0506
2015-10-16,0.76,0.75,0.77,0.75,225240.0,0.013300000000000001
2015-10-17,0,0,0,0,0,0
2015-10-18,0,0,0,0,0,0
2015-10-19,0.75,0.74,0.76,0.74,674450.0,-0.0132
2015-10-20,0.75,0.74,0.78,0.74,964330.0,0.0
2015-10-21,0.71,0.75,0.76,0.68,2130000.0,-0.0533
2015-10-22,0.72,0.76,0.81,0.69,1910000.0,0.0141
2015-10-23,0.74,0.73,0.75,0.72,413140.0,0.0278
2015-10-24,0,0,0,0,0,0
2015-10-25,0,0,0,0,0,0
2015-10-26,0.73,0.73,0.74,0.71,699370.0,-0.013500000000000002
2015-10-27,0.73,0.72,0.73,0.69,1750000.0,0.0
2015-10-28,0.74,0.73,0.77,0.73,701400.0,0.0137
2015-10-29,0.71,0.74,0.77,0.7,639320.0,-0.0405
2015-10-30,0.73,0.73,0.74,0.69,938200.0,0.0282
2015-10-31,0,0,0,0,0,0
2015-11-01,0,0,0,0,0,0
2015-11-02,0.68,0.73,0.73,0.68,580650.0,-0.06849999999999999
2015-11-03,0.72,0.7,0.72,0.68,1310000.0,0.0588
2015-11-04,0.71,0.72,0.74,0.7,336150.0,-0.0139
2015-11-05,0.74,0.72,0.74,0.72,989970.0,0.042300000000000004
2015-11-06,0.73,0.7,0.73,0.7,532780.0,-0.013500000000000002
2015-11-07,0,0,0,0,0,0
2015-11-08,0,0,0,0,0,0
2015-11-09,0.74,0.73,0.74,0.72,221400.0,0.0137
2015-11-10,0.74,0.74,0.74,0.72,104730.0,0.0
2015-11-11,0.74,0.74,0.74,0.72,143180.0,0.0
2015-11-12,0.7,0.72,0.72,0.7,115140.0,-0.0541
2015-11-13,0.71,0.7,0.71,0.69,224950.0,0.0143
2015-11-14,0,0,0,0,0,0
2015-11-15,0,0,0,0,0,0
2015-11-16,0.71,0.7,0.71,0.69,189000.0,0.0
2015-11-17,0.7,0.71,0.71,0.68,254420.0,-0.0141
2015-11-18,0.69,0.69,0.69,0.67,76380.0,-0.0143
2015-11-19,0.63,0.63,0.64,0.63,1530000.0,-0.087
2015-11-20,0.64,0.63,0.64,0.63,508490.0,0.0159
2015-11-21,0,0,0,0,0,0
2015-11-22,0,0,0,0,0,0
2015-11-23,0.64,0.63,0.64,0.63,125090.0,0.0
2015-11-24,0.64,0.64,0.64,0.63,206300.0,0.0
2015-11-25,0.64,0.62,0.64,0.62,144530.0,0.0
2015-11-26,0.64,0.63,0.64,0.63,96210.0,0.0
2015-11-27,0.62,0.63,0.63,0.62,387840.0,-0.031200000000000002
2015-11-28,0,0,0,0,0,0
2015-11-29,0,0,0,0,0,0
2015-11-30,0.64,0.63,0.64,0.63,594970.0,0.0323
2015-12-01,0.63,0.64,0.65,0.63,1880000.0,-0.015600000000000001
2015-12-02,0.64,0.64,0.64,0.63,202330.0,0.0159
2015-12-03,0.64,0.64,0.64,0.63,770690.0,0.0
2015-12-04,0.64,0.64,0.64,0.63,334380.0,0.0
2015-12-05,0,0,0,0,0,0
2015-12-06,0,0,0,0,0,0
2015-12-07,0.61,0.63,0.63,0.57,1810000.0,-0.046900000000000004
2015-12-08,0.6,0.58,0.6,0.58,702870.0,-0.016399999999999998
2015-12-09,0.59,0.61,0.61,0.56,575510.0,-0.0167
2015-12-10,0.58,0.58,0.59,0.57,279140.0,-0.0169
2015-12-11,0.6,0.58,0.6,0.57,456510.0,0.0345
2015-12-12,0,0,0,0,0,0
2015-12-13,0,0,0,0,0,0
2015-12-14,0.59,0.59,0.59,0.58,603070.0,-0.0167
2015-12-15,0.62,0.59,0.62,0.58,1130000.0,0.0508
2015-12-16,0.64,0.62,0.65,0.62,875720.0,0.0323
2015-12-17,0.66,0.64,0.66,0.64,692080.0,0.0313
2015-12-18,0.66,0.66,0.67,0.64,313360.0,0.0
2015-12-19,0,0,0,0,0,0
2015-12-20,0,0,0,0,0,0
2015-12-21,0.68,0.68,0.71,0.65,1790000.0,0.030299999999999997
2015-12-22,0.69,0.68,0.7,0.67,882480.0,0.0147
2015-12-23,0.68,0.69,0.69,0.66,895990.0,-0.014499999999999999
2015-12-24,0.69,0.69,0.69,0.67,160260.0,0.0147
2015-12-25,0,0,0,0,0,0
2015-12-26,0,0,0,0,0,0
2015-12-27,0,0,0,0,0,0
2015-12-28,0,0,0,0,0,0
2015-12-29,0.68,0.7,0.7,0.66,727620.0,-0.014499999999999999
2015-12-30,0.69,0.68,0.7,0.67,764170.0,0.0147
2015-12-31,0.72,0.68,0.73,0.68,2340000.0,0.0435
2016-01-01,0,0,0,0,0,0
2016-01-02,0,0,0,0,0,0
2016-01-03,0,0,0,0,0,0
2016-01-04,0.72,0.7,0.72,0.7,880630.0,0.0
2016-01-05,0.74,0.74,0.75,0.72,3830000.0,0.0278
2016-01-06,0.73,0.73,0.74,0.72,1420000.0,-0.013500000000000002
2016-01-07,0.74,0.71,0.74,0.71,463090.0,0.0137
2016-01-08,0.79,0.74,0.79,0.74,1950000.0,0.0676
2016-01-09,0,0,0,0,0,0
2016-01-10,0,0,0,0,0,0
2016-01-11,0.76,0.8,0.8,0.75,949840.0,-0.038
2016-01-12,0.77,0.77,0.79,0.76,1230000.0,0.0132
2016-01-13,0.77,0.8,0.81,0.77,10290000.0,0.0
2016-01-14,0.76,0.78,0.8,0.76,1130000.0,-0.013000000000000001
2016-01-15,0.71,0.77,0.77,0.69,1530000.0,-0.0658
2016-01-16,0,0,0,0,0,0
2016-01-17,0,0,0,0,0,0
2016-01-18,0.76,0.73,0.76,0.71,401170.0,0.0704
2016-01-19,0.75,0.76,0.76,0.73,380550.0,-0.0132
2016-01-20,0.74,0.74,0.74,0.7,519250.0,-0.013300000000000001
2016-01-21,0.74,0.73,0.74,0.71,393760.0,0.0
2016-01-22,0.76,0.76,0.76,0.74,278050.0,0.027000000000000003
2016-01-23,0,0,0,0,0,0
2016-01-24,0,0,0,0,0,0
2016-01-25,0.76,0.76,0.76,0.75,163110.0,0.0
2016-01-26,0.8,0.77,0.8,0.77,808790.0,0.0526
2016-01-27,0.81,0.82,0.82,0.79,1140000.0,0.0125
2016-01-28,0.8,0.81,0.81,0.78,310860.0,-0.0123
2016-01-29,0.79,0.8,0.82,0.78,699850.0,-0.0125
2016-01-30,0,0,0,0,0,0
2016-01-31,0,0,0,0,0,0
2016-02-01,0.79,0.79,0.79,0.77,399340.0,0.0
2016-02-02,0.85,0.77,0.85,0.77,2950000.0,0.0759
2016-02-03,0.84,0.85,0.85,0.82,622910.0,-0.0118
2016-02-04,0.84,0.83,0.84,0.82,439030.0,0.0
2016-02-05,0.84,0.84,0.84,0.82,820280.0,0.0
2016-02-06,0,0,0,0,0,0
2016-02-07,0,0,0,0,0,0
2016-02-08,0.89,0.85,0.89,0.85,1480000.0,0.059500000000000004
2016-02-09,0.96,0.89,0.98,0.88,3160000.0,0.0787
2016-02-10,0.92,0.97,1.0,0.91,1550000.0,-0.0417
2016-02-11,0.9,0.9,0.93,0.88,952310.0,-0.0217
2016-02-12,0.91,0.89,0.91,0.89,1830000.0,0.0111
2016-02-13,0,0,0,0,0,0
2016-02-14,0,0,0,0,0,0
2016-02-15,0,0,0,0,0,0
2016-02-16,0.89,0.9,0.9,0.86,752980.0,-0.022000000000000002
2016-02-17,0.9,0.89,0.91,0.88,307290.0,0.011200000000000002
2016-02-18,0.9,0.88,0.91,0.88,435200.0,0.0
2016-02-19,0.95,0.91,0.97,0.91,800540.0,0.0556
2016-02-20,0,0,0,0,0,0
2016-02-21,0,0,0,0,0,0
2016-02-22,1.03,0.97,1.03,0.96,2610000.0,0.0842
2016-02-23,0.98,1.01,1.02,0.95,911800.0,-0.048499999999999995
2016-02-24,1.0,0.99,1.0,0.95,455870.0,0.0204
2016-02-25,1.0,1.0,1.0,0.96,632940.0,0.0
2016-02-26,0.98,0.98,0.98,0.94,845960.0,-0.02
2016-02-27,0,0,0,0,0,0
2016-02-28,0,0,0,0,0,0
2016-02-29,0.98,0.98,0.98,0.94,739940.0,0.0
2016-03-01,0.95,0.97,0.98,0.94,467120.0,-0.030600000000000002
2016-03-02,0.97,0.95,0.97,0.93,521390.0,0.021099999999999997
2016-03-03,1.24,1.25,1.28,1.17,8990000.0,0.2784
2016-03-04,1.28,1.24,1.3,1.19,3510000.0,0.0323
2016-03-05,0,0,0,0,0,0
2016-03-06,0,0,0,0,0,0
2016-03-07,1.43,1.33,1.47,1.33,3940000.0,0.11720000000000001
2016-03-08,1.48,1.51,1.55,1.44,4270000.0,0.035
2016-03-09,1.34,1.46,1.46,1.3,2470000.0,-0.0946
2016-03-10,1.35,1.36,1.38,1.3,1270000.0,0.0075
2016-03-11,1.42,1.39,1.42,1.37,1130000.0,0.0519
2016-03-12,0,0,0,0,0,0
2016-03-13,0,0,0,0,0,0
2016-03-14,1.37,1.42,1.42,1.35,893520.0,-0.0352
2016-03-15,1.33,1.4,1.4,1.31,1030000.0,-0.0292
2016-03-16,1.32,1.32,1.34,1.27,871070.0,-0.0075
2016-03-17,1.47,1.3,1.47,1.3,1650000.0,0.11359999999999999
2016-03-18,1.4,1.45,1.47,1.39,893060.0,-0.047599999999999996
2016-03-19,0,0,0,0,0,0
2016-03-20,0,0,0,0,0,0
2016-03-21,1.4,1.4,1.42,1.37,520220.0,0.0
2016-03-22,1.33,1.4,1.4,1.31,1330000.0,-0.05
2016-03-23,1.34,1.32,1.35,1.3,864950.0,0.0075
2016-03-24,1.42,1.34,1.43,1.32,954820.0,0.059699999999999996
2016-03-25,0,0,0,0,0,0
2016-03-26,0,0,0,0,0,0
2016-03-27,0,0,0,0,0,0
2016-03-28,1.45,1.43,1.5,1.39,1710000.0,0.021099999999999997
2016-03-29,1.48,1.4,1.49,1.4,548730.0,0.0207
2016-03-30,1.7,1.5,1.71,1.46,5270000.0,0.14859999999999998
2016-03-31,1.75,1.75,1.79,1.69,1390000.0,0.0294
2016-04-01,1.93,1.75,2.0,1.75,5050000.0,0.10289999999999999
2016-04-02,0,0,0,0,0,0
2016-04-03,0,0,0,0,0,0
2016-04-04,1.98,2.01,2.1,1.95,3590000.0,0.0259
2016-04-05,1.88,1.96,1.96,1.85,1680000.0,-0.050499999999999996
2016-04-06,1.96,1.88,1.98,1.81,1380000.0,0.0426
2016-04-07,1.95,1.94,2.02,1.94,1510000.0,-0.0051
2016-04-08,2.05,1.99,2.07,1.95,1370000.0,0.0513
2016-04-09,0,0,0,0,0,0
2016-04-10,0,0,0,0,0,0
2016-04-11,2.27,2.1,2.29,2.09,2700000.0,0.1073
2016-04-12,2.5,2.28,2.5,2.28,4340000.0,0.1013
2016-04-13,2.42,2.48,2.48,2.35,2450000.0,-0.032
2016-04-14,2.74,2.48,2.76,2.47,5130000.0,0.1322
2016-04-15,2.63,2.68,2.71,2.61,2640000.0,-0.0401
2016-04-16,0,0,0,0,0,0
2016-04-17,0,0,0,0,0,0
2016-04-18,2.4,2.35,2.78,2.13,4970000.0,-0.0875
2016-04-19,2.27,2.43,2.43,2.16,2720000.0,-0.0542
2016-04-20,2.41,2.2,2.42,2.16,2730000.0,0.0617
2016-04-21,2.4,2.41,2.42,2.3,1320000.0,-0.0040999999999999995
2016-04-22,2.2,2.29,2.3,2.15,2790000.0,-0.0833
2016-04-23,0,0,0,0,0,0
2016-04-24,0,0,0,0,0,0
2016-04-25,2.11,2.15,2.17,1.97,5830000.0,-0.0409
2016-04-26,2.23,2.12,2.28,2.07,1490000.0,0.056900000000000006
2016-04-27,2.21,2.23,2.27,2.12,1400000.0,-0.009000000000000001
2016-04-28,2.19,2.21,2.25,2.15,1080000.0,-0.009000000000000001
2016-04-29,2.25,2.17,2.32,2.15,1460000.0,0.0274
2016-04-30,0,0,0,0,0,0
2016-05-01,0,0,0,0,0,0
2016-05-02,2.24,2.22,2.29,2.19,856470.0,-0.0044
2016-05-03,2.21,2.21,2.23,2.15,967520.0,-0.0134
2016-05-04,2.25,2.2,2.25,2.16,694830.0,0.0181
2016-05-05,2.37,2.32,2.37,2.27,1790000.0,0.0533
2016-05-06,2.48,2.36,2.54,2.31,1460000.0,0.0464
2016-05-07,0,0,0,0,0,0
2016-05-08,0,0,0,0,0,0
2016-05-09,2.41,2.44,2.45,2.34,1060000.0,-0.0282
2016-05-10,2.29,2.37,2.45,2.27,854170.0,-0.049800000000000004
2016-05-11,2.17,2.27,2.29,2.06,3330000.0,-0.0524
2016-05-12,2.14,2.17,2.24,2.12,543340.0,-0.0138
2016-05-13,2.4,2.14,2.4,2.11,1020000.0,0.1215
2016-05-14,0,0,0,0,0,0
2016-05-15,0,0,0,0,0,0
2016-05-16,2.45,2.35,2.55,2.32,3240000.0,0.0208
2016-05-17,2.44,2.47,2.48,2.37,1330000.0,-0.0040999999999999995
2016-05-18,2.3,2.39,2.39,2.3,672460.0,-0.0574
2016-05-19,2.36,2.39,2.48,2.32,735820.0,0.026099999999999998
2016-05-20,2.37,2.35,2.42,2.34,573920.0,0.0042
2016-05-21,0,0,0,0,0,0
2016-05-22,0,0,0,0,0,0
2016-05-23,0,0,0,0,0,0
2016-05-24,2.27,2.35,2.35,2.26,547970.0,-0.042199999999999994
2016-05-25,2.18,2.28,2.28,2.18,813370.0,-0.039599999999999996
2016-05-26,2.16,2.18,2.25,2.16,251810.0,-0.0092
2016-05-27,2.24,2.19,2.24,2.19,258820.0,0.037000000000000005
2016-05-28,0,0,0,0,0,0
2016-05-29,0,0,0,0,0,0
2016-05-30,2.24,2.2,2.24,2.2,107470.0,0.0
2016-05-31,2.38,2.25,2.45,2.22,993430.0,0.0625
2016-06-01,2.38,2.38,2.38,2.34,461930.0,0.0
2016-06-02,2.5,2.37,2.61,2.37,4850000.0,0.0504
2016-06-03,2.51,2.49,2.59,2.45,1270000.0,0.004
2016-06-04,0,0,0,0,0,0
2016-06-05,0,0,0,0,0,0
2016-06-06,2.59,2.52,2.65,2.52,1590000.0,0.0319
2016-06-07,2.69,2.61,2.7,2.61,1290000.0,0.038599999999999995
2016-06-08,2.85,2.74,2.86,2.74,1730000.0,0.059500000000000004
2016-06-09,2.83,2.86,2.86,2.72,791830.0,-0.006999999999999999
2016-06-10,2.71,2.8,2.82,2.7,681290.0,-0.0424
2016-06-11,0,0,0,0,0,0
2016-06-12,0,0,0,0,0,0
2016-06-13,2.72,2.71,2.79,2.65,1120000.0,0.0037
2016-06-14,2.6,2.73,2.75,2.58,735210.0,-0.0441
2016-06-15,2.58,2.59,2.62,2.55,387330.0,-0.0077
2016-06-16,2.57,2.53,2.59,2.48,820130.0,-0.0039000000000000003
2016-06-17,2.72,2.6,2.73,2.57,671870.0,0.0584
2016-06-18,0,0,0,0,0,0
2016-06-19,0,0,0,0,0,0
2016-06-20,2.71,2.73,2.76,2.67,426960.0,-0.0037
2016-06-21,2.7,2.72,2.73,2.63,527090.0,-0.0037
2016-06-22,2.65,2.65,2.67,2.58,506800.0,-0.018500000000000003
2016-06-23,2.64,2.67,2.67,2.57,354910.0,-0.0038
2016-06-24,2.49,2.51,2.6,2.44,874880.0,-0.056799999999999996
2016-06-25,0,0,0,0,0,0
2016-06-26,0,0,0,0,0,0
2016-06-27,2.38,2.37,2.47,2.3,1490000.0,-0.044199999999999996
2016-06-28,2.52,2.41,2.54,2.41,590380.0,0.0588
2016-06-29,2.55,2.53,2.58,2.49,365050.0,0.011899999999999999
2016-06-30,2.66,2.57,2.67,2.53,355730.0,0.0431
2016-07-01,0,0,0,0,0,0
2016-07-02,0,0,0,0,0,0
2016-07-03,0,0,0,0,0,0
2016-07-04,2.65,2.68,2.69,2.56,324130.0,-0.0038
2016-07-05,2.55,2.58,2.61,2.55,348850.0,-0.0377
2016-07-06,2.54,2.55,2.58,2.51,337820.0,-0.0039000000000000003
2016-07-07,2.5,2.51,2.54,2.5,365690.0,-0.015700000000000002
2016-07-08,2.47,2.5,2.54,2.45,392840.0,-0.012
2016-07-09,0,0,0,0,0,0
2016-07-10,0,0,0,0,0,0
2016-07-11,2.49,2.48,2.53,2.47,650660.0,0.008100000000000001
2016-07-12,2.54,2.49,2.54,2.44,479580.0,0.020099999999999996
2016-07-13,2.57,2.58,2.65,2.56,535060.0,0.0118
2016-07-14,2.51,2.57,2.59,2.51,168300.0,-0.0233
2016-07-15,2.51,2.6,2.6,2.5,279480.0,0.0
2016-07-16,0,0,0,0,0,0
2016-07-17,0,0,0,0,0,0
2016-07-18,2.41,2.51,2.54,2.37,632520.0,-0.0398
2016-07-19,2.39,2.43,2.47,2.36,1260000.0,-0.0083
2016-07-20,2.39,2.39,2.39,2.32,464000.0,0.0
2016-07-21,2.34,2.37,2.38,2.28,991280.0,-0.0209
2016-07-22,2.37,2.35,2.38,2.34,690840.0,0.0128
2016-07-23,0,0,0,0,0,0
2016-07-24,0,0,0,0,0,0
2016-07-25,2.25,2.35,2.35,2.23,974310.0,-0.0506
2016-07-26,2.28,2.24,2.28,2.16,571620.0,0.013300000000000001
2016-07-27,2.27,2.32,2.32,2.26,325080.0,-0.0044
2016-07-28,2.27,2.31,2.31,2.25,386890.0,0.0
2016-07-29,2.32,2.26,2.35,2.25,488350.0,0.022000000000000002
2016-07-30,0,0,0,0,0,0
2016-07-31,0,0,0,0,0,0
2016-08-01,0,0,0,0,0,0
2016-08-02,2.3,2.3,2.33,2.25,404610.0,-0.0086
2016-08-03,2.34,2.3,2.34,2.25,232200.0,0.0174
2016-08-04,2.33,2.27,2.34,2.27,150210.0,-0.0043
2016-08-05,2.35,2.3,2.35,2.3,140210.0,0.0086
2016-08-06,0,0,0,0,0,0
2016-08-07,0,0,0,0,0,0
2016-08-08,2.43,2.35,2.46,2.35,560660.0,0.034
2016-08-09,2.31,2.4,2.43,2.3,538310.0,-0.049400000000000006
2016-08-10,2.38,2.32,2.45,2.3,309800.0,0.030299999999999997
2016-08-11,2.56,2.52,2.62,2.48,2150000.0,0.0756
2016-08-12,2.5,2.54,2.55,2.42,586080.0,-0.023399999999999997
2016-08-13,0,0,0,0,0,0
2016-08-14,0,0,0,0,0,0
2016-08-15,2.45,2.45,2.47,2.4,387200.0,-0.02
2016-08-16,2.48,2.4,2.48,2.39,569690.0,0.012199999999999999
2016-08-17,2.47,2.48,2.48,2.42,237910.0,-0.004
2016-08-18,2.46,2.45,2.46,2.41,206410.0,-0.004
2016-08-19,2.44,2.45,2.45,2.42,126060.0,-0.008100000000000001
2016-08-20,0,0,0,0,0,0
2016-08-21,0,0,0,0,0,0
2016-08-22,2.37,2.41,2.42,2.36,368670.0,-0.0287
2016-08-23,2.37,2.36,2.41,2.34,523950.00000000006,0.0
2016-08-24,2.31,2.34,2.35,2.3,660350.0,-0.0253
2016-08-25,2.29,2.25,2.33,2.25,639590.0,-0.0087
2016-08-26,2.32,2.33,2.33,2.27,311520.0,0.0131
2016-08-27,0,0,0,0,0,0
2016-08-28,0,0,0,0,0,0
2016-08-29,2.35,2.32,2.36,2.29,542870.0,0.0129
2016-08-30,2.33,2.34,2.35,2.31,266300.0,-0.0085
2016-08-31,2.32,2.33,2.33,2.24,448610.0,-0.0043
2016-09-01,2.31,2.28,2.32,2.28,303840.0,-0.0043
2016-09-02,2.31,2.3,2.34,2.27,387290.0,0.0
2016-09-03,0,0,0,0,0,0
2016-09-04,0,0,0,0,0,0
2016-09-05,0,0,0,0,0,0
2016-09-06,2.3,2.31,2.34,2.27,418130.0,-0.0043
2016-09-07,2.28,2.3,2.33,2.25,504610.0,-0.0087
2016-09-08,2.22,2.26,2.27,2.17,724010.0,-0.0263
2016-09-09,2.18,2.2,2.22,2.15,941980.0,-0.018000000000000002
2016-09-10,0,0,0,0,0,0
2016-09-11,0,0,0,0,0,0
2016-09-12,2.19,2.16,2.21,2.1,1380000.0,0.0046
2016-09-13,2.14,2.15,2.17,2.08,1150000.0,-0.022799999999999997
2016-09-14,2.07,2.11,2.14,2.06,1010000.0,-0.0327
2016-09-15,1.97,2.06,2.09,1.95,1270000.0,-0.0483
2016-09-16,1.91,1.97,1.97,1.82,1970000.0,-0.0305
2016-09-17,0,0,0,0,0,0
2016-09-18,0,0,0,0,0,0
2016-09-19,1.99,1.94,1.99,1.91,693540.0,0.04190000000000001
2016-09-20,2.07,2.03,2.07,2.0,554440.0,0.04019999999999999
2016-09-21,2.07,2.08,2.1,2.06,270800.0,0.0
2016-09-22,2.07,2.08,2.08,2.04,283120.0,0.0
2016-09-23,2.0,2.06,2.09,1.98,579370.0,-0.0338
2016-09-24,0,0,0,0,0,0
2016-09-25,0,0,0,0,0,0
2016-09-26,1.93,2.0,2.0,1.9,291870.0,-0.035
2016-09-27,1.88,1.91,1.92,1.84,697120.0,-0.0259
2016-09-28,1.94,1.88,1.98,1.87,726070.0,0.0319
2016-09-29,2.01,2.0,2.03,1.99,1610000.0,0.0361
2016-09-30,2.0,2.01,2.02,1.97,358740.0,-0.005
2016-10-01,0,0,0,0,0,0
2016-10-02,0,0,0,0,0,0
2016-10-03,1.87,2.0,2.0,1.86,499640.0,-0.065
2016-10-04,1.8,1.88,1.88,1.75,1100000.0,-0.0374
2016-10-05,1.77,1.78,1.8,1.76,395060.0,-0.0167
2016-10-06,1.67,1.75,1.75,1.56,2390000.0,-0.0565
2016-10-07,1.83,1.63,1.86,1.62,929700.0,0.0958
2016-10-08,0,0,0,0,0,0
2016-10-09,0,0,0,0,0,0
2016-10-10,0,0,0,0,0,0
2016-10-11,1.75,1.86,1.89,1.69,485250.0,-0.0437
2016-10-12,1.74,1.72,1.78,1.72,354770.0,-0.005699999999999999
2016-10-13,1.71,1.72,1.77,1.68,353470.0,-0.0172
2016-10-14,1.79,1.73,1.8,1.71,398600.0,0.046799999999999994
2016-10-15,0,0,0,0,0,0
2016-10-16,0,0,0,0,0,0
2016-10-17,1.77,1.83,1.83,1.77,282260.0,-0.011200000000000002
2016-10-18,1.75,1.78,1.8,1.73,400560.0,-0.0113
2016-10-19,1.76,1.75,1.78,1.72,193070.0,0.005699999999999999
2016-10-20,1.72,1.75,1.75,1.67,1040000.0,-0.0227
2016-10-21,1.67,1.72,1.73,1.66,463110.0,-0.0291
2016-10-22,0,0,0,0,0,0
2016-10-23,0,0,0,0,0,0
2016-10-24,1.6,1.63,1.64,1.55,1140000.0,-0.04190000000000001
2016-10-25,1.54,1.59,1.6,1.52,1030000.0,-0.0375
2016-10-26,1.57,1.53,1.57,1.53,433190.0,0.0195
2016-10-27,1.65,1.59,1.66,1.57,619120.0,0.051
2016-10-28,1.61,1.66,1.72,1.59,756780.0,-0.0242
2016-10-29,0,0,0,0,0,0
2016-10-30,0,0,0,0,0,0
2016-10-31,1.61,1.62,1.65,1.57,453530.0,0.0
2016-11-01,1.54,1.63,1.63,1.525,575940.0,-0.0435
2016-11-02,1.52,1.57,1.59,1.48,869520.0,-0.013000000000000001
2016-11-03,1.46,1.5,1.5,1.45,1170000.0,-0.0395
2016-11-04,1.47,1.46,1.48,1.42,815240.0,0.0068000000000000005
2016-11-05,0,0,0,0,0,0
2016-11-06,0,0,0,0,0,0
2016-11-07,1.44,1.44,1.47,1.43,1450000.0,-0.0204
2016-11-08,1.51,1.45,1.58,1.45,1240000.0,0.048600000000000004
2016-11-09,1.48,1.49,1.53,1.45,961170.0,-0.0199
2016-11-10,1.64,1.49,1.64,1.48,1570000.0,0.1081
2016-11-11,1.6,1.65,1.68,1.56,898270.0,-0.024399999999999998
2016-11-12,0,0,0,0,0,0
2016-11-13,0,0,0,0,0,0
2016-11-14,1.55,1.61,1.61,1.51,931860.0,-0.0313
2016-11-15,1.61,1.56,1.64,1.53,1110000.0,0.0387
2016-11-16,1.7,1.61,1.72,1.59,1730000.0,0.0559
2016-11-17,1.93,1.7,2.0,1.7,9250000.0,0.1353
2016-11-18,1.88,1.94,1.94,1.83,1970000.0,-0.0259
2016-11-19,0,0,0,0,0,0
2016-11-20,0,0,0,0,0,0
2016-11-21,1.89,1.86,1.94,1.84,876770.0,0.0053
2016-11-22,1.86,1.89,1.89,1.8,1710000.0,-0.0159
2016-11-23,1.78,1.84,1.84,1.78,1200000.0,-0.043
2016-11-24,1.77,1.79,1.82,1.75,322560.0,-0.005600000000000001
2016-11-25,1.76,1.76,1.78,1.74,257959.99999999997,-0.005600000000000001
2016-11-26,0,0,0,0,0,0
2016-11-27,0,0,0,0,0,0
2016-11-28,1.87,1.78,1.87,1.76,803290.0,0.0625
2016-11-29,1.9,1.89,1.94,1.85,2340000.0,0.016
2016-11-30,1.93,1.93,1.94,1.89,1850000.0,0.0158
2016-12-01,1.93,1.91,1.95,1.84,1800000.0,0.0
2016-12-02,2.03,1.92,2.06,1.88,1960000.0,0.0518
2016-12-03,0,0,0,0,0,0
2016-12-04,0,0,0,0,0,0
2016-12-05,2.06,2.0,2.08,1.98,1260000.0,0.0148
2016-12-06,2.04,2.05,2.06,2.02,596290.0,-0.0097
2016-12-07,2.14,2.06,2.16,2.06,2690000.0,0.049
2016-12-08,2.2,2.15,2.23,2.12,3110000.0,0.027999999999999997
2016-12-09,2.32,2.2,2.33,2.19,1390000.0,0.0545
2016-12-10,0,0,0,0,0,0
2016-12-11,0,0,0,0,0,0
2016-12-12,2.16,2.39,2.39,2.13,997130.0,-0.069
2016-12-13,2.29,2.16,2.32,2.13,1390000.0,0.0602
2016-12-14,2.24,2.31,2.36,2.23,1760000.0,-0.0218
2016-12-15,2.24,2.27,2.3,2.21,795880.0,0.0
2016-12-16,2.22,2.25,2.3,2.19,1120000.0,-0.0089
2016-12-17,0,0,0,0,0,0
2016-12-18,0,0,0,0,0,0
2016-12-19,2.13,2.23,2.24,2.1,719530.0,-0.0405
2016-12-20,2.23,2.15,2.27,2.14,1490000.0,0.046900000000000004
2016-12-21,2.24,2.24,2.26,2.21,337700.0,0.0045000000000000005
2016-12-22,2.32,2.22,2.33,2.21,1320000.0,0.035699999999999996
2016-12-23,2.3,2.33,2.33,2.29,1010000.0,-0.0086
2016-12-24,0,0,0,0,0,0
2016-12-25,0,0,0,0,0,0
2016-12-26,0,0,0,0,0,0
2016-12-27,0,0,0,0,0,0
2016-12-28,2.27,2.29,2.29,2.23,622010.0,-0.013000000000000001
2016-12-29,2.3,2.25,2.33,2.25,401570.0,0.0132
2016-12-30,2.33,2.32,2.33,2.3,279480.0,0.013000000000000001
2016-12-31,0,0,0,0,0,0
2017-01-01,0,0,0,0,0,0
2017-01-02,0,0,0,0,0,0
2017-01-03,2.51,2.33,2.52,2.31,1880000.0,0.07730000000000001
2017-01-04,2.51,2.51,2.575,2.51,900500.0,0.0
2017-01-05,2.63,2.55,2.65,2.54,1410000.0,0.0478
2017-01-06,2.7,2.62,2.7,2.6,716130.0,0.026600000000000002
2017-01-07,0,0,0,0,0,0
2017-01-08,0,0,0,0,0,0
2017-01-09,2.84,2.73,2.85,2.7,1600000.0,0.0519
2017-01-10,2.97,2.91,3.04,2.9,2970000.0,0.0458
2017-01-11,2.93,2.98,3.13,2.93,3080000.0,-0.013500000000000002
2017-01-12,3.17,2.95,3.17,2.93,3740000.0,0.0819
2017-01-13,3.33,3.17,3.35,3.17,5450000.0,0.050499999999999996
2017-01-14,0,0,0,0,0,0
2017-01-15,0,0,0,0,0,0
2017-01-16,3.26,3.4,3.43,3.22,1600000.0,-0.021
2017-01-17,3.2,3.29,3.31,3.12,1740000.0,-0.0184
2017-01-18,3.05,3.09,3.14,2.91,3150000.0,-0.046900000000000004
2017-01-19,3.3,2.98,3.32,2.97,3650000.0,0.08199999999999999
2017-01-20,3.27,3.32,3.4,3.2,2510000.0,-0.0091
2017-01-21,0,0,0,0,0,0
2017-01-22,0,0,0,0,0,0
2017-01-23,3.39,3.31,3.39,3.26,1990000.0,0.036699999999999997
2017-01-24,3.67,3.4,3.7,3.38,2710000.0,0.08259999999999999
2017-01-25,3.6,3.7,3.75,3.51,2910000.0,-0.0191
2017-01-26,3.58,3.63,3.64,3.53,1070000.0,-0.005600000000000001
2017-01-27,3.62,3.58,3.65,3.57,980260.0,0.011200000000000002
2017-01-28,0,0,0,0,0,0
2017-01-29,0,0,0,0,0,0
2017-01-30,3.41,3.58,3.6,3.37,2080000.0,-0.057999999999999996
2017-01-31,3.57,3.41,3.59,3.39,1710000.0,0.046900000000000004
2017-02-01,3.37,3.43,3.49,3.28,2380000.0,-0.055999999999999994
2017-02-02,3.4,3.36,3.45,3.35,687390.0,0.0089
2017-02-03,3.36,3.38,3.4,3.35,359070.0,-0.0118
2017-02-04,0,0,0,0,0,0
2017-02-05,0,0,0,0,0,0
2017-02-06,3.38,3.35,3.45,3.35,839680.0,0.006
2017-02-07,3.51,3.36,3.58,3.32,1730000.0,0.0385
2017-02-08,3.68,3.58,3.71,3.55,1430000.0,0.0484
2017-02-09,3.77,3.73,3.78,3.68,1650000.0,0.0245
2017-02-10,3.91,3.79,3.98,3.79,2930000.0,0.0371
2017-02-11,0,0,0,0,0,0
2017-02-12,0,0,0,0,0,0
2017-02-13,4.21,3.94,4.24,3.93,6150000.0,0.0767
2017-02-14,4.19,4.24,4.45,4.14,2820000.0,-0.0048
2017-02-15,4.05,4.19,4.2,3.93,2350000.0,-0.0334
2017-02-16,3.9,4.0,4.03,3.84,2530000.0,-0.037000000000000005
2017-02-17,4.02,3.82,4.1,3.81,1330000.0,0.0308
2017-02-18,0,0,0,0,0,0
2017-02-19,0,0,0,0,0,0
2017-02-20,0,0,0,0,0,0
2017-02-21,4.03,4.08,4.09,3.85,1570000.0,0.0025
2017-02-22,3.98,3.98,4.0,3.92,1490000.0,-0.0124
2017-02-23,3.89,3.98,4.04,3.87,1180000.0,-0.0226
2017-02-24,3.87,3.86,3.89,3.47,3150000.0,-0.0051
2017-02-25,0,0,0,0,0,0
2017-02-26,0,0,0,0,0,0
2017-02-27,4.03,3.81,4.06,3.69,2430000.0,0.041299999999999996
2017-02-28,3.83,4.0,4.0,3.79,1830000.0,-0.0496
2017-03-01,3.94,3.76,3.95,3.73,1320000.0,0.0287
2017-03-02,3.78,3.95,3.95,3.75,783850.0,-0.0406
2017-03-03,3.57,3.7,3.76,3.54,1930000.0,-0.0556
2017-03-04,0,0,0,0,0,0
2017-03-05,0,0,0,0,0,0
2017-03-06,3.22,3.26,3.51,2.95,5120000.0,-0.098
2017-03-07,3.5,3.25,3.61,3.22,3760000.0,0.087
2017-03-08,3.36,3.58,3.69,3.35,2730000.0,-0.04
2017-03-09,3.29,3.35,3.49,3.21,1790000.0,-0.0208
2017-03-10,3.32,3.27,3.34,3.26,628900.0,0.0091
2017-03-11,0,0,0,0,0,0
2017-03-12,0,0,0,0,0,0
2017-03-13,3.4,3.34,3.5,3.34,986280.0,0.0241
2017-03-14,3.33,3.4,3.44,3.26,982510.0,-0.0206
2017-03-15,3.41,3.28,3.42,3.28,832180.0,0.024
2017-03-16,3.53,3.43,3.53,3.37,1630000.0,0.0352
2017-03-17,3.53,3.57,3.6,3.44,11080000.0,0.0
2017-03-18,0,0,0,0,0,0
2017-03-19,0,0,0,0,0,0
2017-03-20,3.4,3.66,3.68,3.4,972100.0,-0.0368
2017-03-21,3.27,3.38,3.38,3.2,1210000.0,-0.0382
2017-03-22,3.13,3.2,3.24,3.04,1380000.0,-0.042800000000000005
2017-03-23,3.16,3.2,3.22,3.08,918540.0,0.0096
2017-03-24,3.13,3.15,3.15,3.11,995600.0,-0.0095
2017-03-25,0,0,0,0,0,0
2017-03-26,0,0,0,0,0,0
2017-03-27,3.12,3.1,3.17,3.06,555230.0,-0.0032
2017-03-28,3.22,3.15,3.23,3.12,614280.0,0.0321
2017-03-29,3.13,3.23,3.29,3.13,2610000.0,-0.027999999999999997
2017-03-30,3.15,3.13,3.18,3.05,1260000.0,0.0064
2017-03-31,3.15,3.16,3.18,3.11,370040.0,0.0
2017-04-01,0,0,0,0,0,0
2017-04-02,0,0,0,0,0,0
2017-04-03,3.16,3.14,3.2,3.12,558190.0,0.0032
2017-04-04,3.15,3.16,3.16,3.12,281870.0,-0.0032
2017-04-05,3.15,3.13,3.26,3.12,946290.0,0.0
2017-04-06,3.16,3.15,3.16,3.12,293690.0,0.0032
2017-04-07,3.23,3.16,3.24,3.16,591450.0,0.0222
2017-04-08,0,0,0,0,0,0
2017-04-09,0,0,0,0,0,0
2017-04-10,3.45,3.24,3.5,3.21,1560000.0,0.0681
2017-04-11,3.37,3.45,3.53,3.36,1410000.0,-0.0232
2017-04-12,3.31,3.41,3.41,3.3,639790.0,-0.0178
2017-04-13,3.22,3.29,3.3,3.2,651720.0,-0.027200000000000002
2017-04-14,0,0,0,0,0,0
2017-04-15,0,0,0,0,0,0
2017-04-16,0,0,0,0,0,0
2017-04-17,3.2,3.21,3.22,3.15,514480.0,-0.0062
2017-04-18,3.2,3.19,3.25,3.16,1120000.0,0.0
2017-04-19,3.13,3.2,3.2,3.12,1200000.0,-0.0219
2017-04-20,3.11,3.11,3.23,3.08,895510.0,-0.0064
2017-04-21,3.11,3.12,3.14,3.09,359720.0,0.0
2017-04-22,0,0,0,0,0,0
2017-04-23,0,0,0,0,0,0
2017-04-24,3.14,3.1,3.14,3.08,568870.0,0.0096
2017-04-25,3.1,3.14,3.15,3.1,550420.0,-0.0127
2017-04-26,3.11,3.1,3.12,3.075,462610.0,0.0032
2017-04-27,3.09,3.1,3.13,3.065,1020000.0,-0.0064
2017-04-28,2.95,3.07,3.1,2.88,1730000.0,-0.0453
2017-04-29,0,0,0,0,0,0
2017-04-30,0,0,0,0,0,0
2017-05-01,2.94,2.95,2.96,2.92,677030.0,-0.0034000000000000002
2017-05-02,2.92,2.96,2.98,2.87,930220.0,-0.0068000000000000005
2017-05-03,2.91,2.9,2.96,2.89,390580.0,-0.0034000000000000002
2017-05-04,2.88,2.91,2.93,2.85,1050000.0,-0.0103
2017-05-05,3.0,2.88,3.02,2.86,2230000.0,0.0417
2017-05-06,0,0,0,0,0,0
2017-05-07,0,0,0,0,0,0
2017-05-08,3.26,2.99,3.31,2.98,1560000.0,0.0867
2017-05-09,3.15,3.25,3.34,3.11,1280000.0,-0.0337
2017-05-10,3.23,3.17,3.24,3.14,391720.0,0.0254
2017-05-11,3.32,3.25,3.38,3.25,1470000.0,0.0279
2017-05-12,3.2,3.35,3.36,3.14,1310000.0,-0.0361
2017-05-13,0,0,0,0,0,0
2017-05-14,0,0,0,0,0,0
2017-05-15,3.19,3.23,3.34,3.18,410660.0,-0.0031
2017-05-16,3.29,3.17,3.35,3.16,1810000.0,0.0313
2017-05-17,3.12,3.27,3.29,3.11,810720.0,-0.051699999999999996
2017-05-18,3.11,3.12,3.19,3.04,611530.0,-0.0032
2017-05-19,3.23,3.15,3.24,3.095,1230000.0,0.038599999999999995
2017-05-20,0,0,0,0,0,0
2017-05-21,0,0,0,0,0,0
2017-05-22,0,0,0,0,0,0
2017-05-23,3.2,3.25,3.3,3.16,533770.0,-0.009300000000000001
2017-05-24,3.07,3.2,3.24,3.0,861300.0,-0.0406
2017-05-25,3.04,3.05,3.145,3.01,611140.0,-0.0098
2017-05-26,3.1,3.04,3.15,3.03,642820.0,0.0197
2017-05-27,0,0,0,0,0,0
2017-05-28,0,0,0,0,0,0
2017-05-29,3.03,3.1,3.12,3.01,554880.0,-0.0226
2017-05-30,2.95,3.06,3.08,2.92,670880.0,-0.0264
2017-05-31,3.06,2.95,3.08,2.94,4440000.0,0.0373
2017-06-01,3.08,3.08,3.14,3.01,526730.0,0.006500000000000001
2017-06-02,2.96,3.07,3.11,2.95,694510.0,-0.039
2017-06-03,0,0,0,0,0,0
2017-06-04,0,0,0,0,0,0
2017-06-05,2.92,3.0,3.0,2.87,646690.0,-0.013500000000000002
2017-06-06,2.92,2.9,2.95,2.89,541400.0,0.0
2017-06-07,2.95,2.88,3.03,2.88,665390.0,0.0103
2017-06-08,2.97,2.98,2.98,2.91,376190.0,0.0068000000000000005
2017-06-09,2.95,2.97,3.01,2.91,276690.0,-0.0067
2017-06-10,0,0,0,0,0,0
2017-06-11,0,0,0,0,0,0
2017-06-12,2.94,2.95,2.99,2.91,347350.0,-0.0034000000000000002
2017-06-13,2.97,2.91,2.97,2.9,213660.0,0.0102
2017-06-14,2.97,2.96,2.97,2.91,511820.0,0.0
2017-06-15,2.89,2.95,2.98,2.89,385820.0,-0.0269
2017-06-16,2.7,2.91,2.91,2.66,1530000.0,-0.06570000000000001
2017-06-17,0,0,0,0,0,0
2017-06-18,0,0,0,0,0,0
2017-06-19,2.49,2.65,2.69,2.47,1670000.0,-0.07780000000000001
2017-06-20,2.6,2.46,2.61,2.43,1470000.0,0.044199999999999996
2017-06-21,2.59,2.61,2.67,2.55,1470000.0,-0.0038
2017-06-22,2.64,2.6,2.675,2.58,607830.0,0.019299999999999998
2017-06-23,2.73,2.65,2.73,2.65,247120.0,0.0341
2017-06-24,0,0,0,0,0,0
2017-06-25,0,0,0,0,0,0
2017-06-26,2.7,2.69,2.81,2.68,722420.0,-0.011000000000000001
2017-06-27,2.72,2.7,2.765,2.68,386250.0,0.0074
2017-06-28,2.67,2.75,2.79,2.66,305210.0,-0.0184
2017-06-29,2.64,2.69,2.69,2.61,339210.0,-0.011200000000000002
2017-06-30,2.87,2.74,2.93,2.74,1310000.0,0.08710000000000001
2017-07-01,0,0,0,0,0,0
2017-07-02,0,0,0,0,0,0
2017-07-03,0,0,0,0,0,0
2017-07-04,3.02,2.95,3.05,2.88,653920.0,0.052300000000000006
2017-07-05,3.07,3.06,3.09,2.97,636350.0,0.0166
2017-07-06,2.97,3.06,3.105,2.97,984540.0,-0.0326
2017-07-07,2.87,2.96,2.96,2.78,729320.0,-0.0337
2017-07-08,0,0,0,0,0,0
2017-07-09,0,0,0,0,0,0
2017-07-10,2.94,2.86,2.97,2.83,371240.0,0.024399999999999998
2017-07-11,3.06,2.95,3.11,2.95,1170000.0,0.0408
2017-07-12,2.98,3.08,3.1,2.95,389460.0,-0.026099999999999998
2017-07-13,2.99,2.98,3.01,2.94,193110.0,0.0034000000000000002
2017-07-14,2.96,3.01,3.01,2.9,258610.0,-0.01
2017-07-15,0,0,0,0,0,0
2017-07-16,0,0,0,0,0,0
2017-07-17,3.18,2.94,3.19,2.94,1220000.0,0.07429999999999999
2017-07-18,3.12,3.2,3.2,3.05,549940.0,-0.0189
2017-07-19,3.16,3.14,3.18,3.1,423300.0,0.0128
2017-07-20,3.12,3.15,3.15,3.09,281080.0,-0.0127
2017-07-21,3.04,3.11,3.11,3.0,324080.0,-0.0256
2017-07-22,0,0,0,0,0,0
2017-07-23,0,0,0,0,0,0
2017-07-24,2.95,3.03,3.06,2.85,781080.0,-0.0296
2017-07-25,3.01,2.96,3.03,2.94,337150.0,0.0203
2017-07-26,3.0,3.0,3.04,2.95,291970.0,-0.0033
2017-07-27,3.0,3.06,3.14,2.97,1000000.0,0.0
2017-07-28,3.04,3.0,3.07,2.99,494150.0,0.013300000000000001
2017-07-29,0,0,0,0,0,0
2017-07-30,0,0,0,0,0,0
2017-07-31,3.15,3.19,3.28,3.07,1650000.0,0.0362
2017-08-01,3.29,3.16,3.33,3.13,1030000.0,0.0444
2017-08-02,3.13,3.28,3.3,3.12,727990.0,-0.048600000000000004
2017-08-03,2.94,3.12,3.12,2.9,1060000.0,-0.060700000000000004
2017-08-04,3.07,2.94,3.08,2.85,794250.0,0.044199999999999996
2017-08-05,0,0,0,0,0,0
2017-08-06,0,0,0,0,0,0
2017-08-07,0,0,0,0,0,0
2017-08-08,2.97,3.05,3.065,2.96,366620.0,-0.0326
2017-08-09,2.91,2.96,3.01,2.91,432010.0,-0.0202
2017-08-10,2.75,2.92,2.94,2.74,892310.0,-0.055
2017-08-11,2.8,2.78,2.84,2.78,304240.0,0.0182
2017-08-12,0,0,0,0,0,0
2017-08-13,0,0,0,0,0,0
2017-08-14,2.73,2.8,2.85,2.72,755860.0,-0.025
2017-08-15,2.7,2.73,2.73,2.675,706410.0,-0.011000000000000001
2017-08-16,2.78,2.7,2.81,2.68,767590.0,0.0296
2017-08-17,2.8,2.8,2.84,2.78,282640.0,0.0072
2017-08-18,2.73,2.85,2.85,2.73,341580.0,-0.025
2017-08-19,0,0,0,0,0,0
2017-08-20,0,0,0,0,0,0
2017-08-21,2.72,2.73,2.74,2.67,204180.0,-0.0037
2017-08-22,2.68,2.72,2.75,2.68,296180.0,-0.0147
2017-08-23,2.78,2.69,2.79,2.67,426180.0,0.0373
2017-08-24,2.84,2.8,2.86,2.78,285760.0,0.0216
2017-08-25,2.85,2.86,2.88,2.81,134950.0,0.0034999999999999996
2017-08-26,0,0,0,0,0,0
2017-08-27,0,0,0,0,0,0
2017-08-28,2.83,2.85,2.85,2.79,217590.0,-0.006999999999999999
2017-08-29,2.88,2.81,2.89,2.78,391320.0,0.0177
2017-08-30,2.83,2.88,2.88,2.82,185390.0,-0.0174
2017-08-31,2.92,2.83,2.93,2.82,398490.0,0.0318
2017-09-01,2.92,2.91,2.95,2.82,197700.0,0.0
2017-09-02,0,0,0,0,0,0
2017-09-03,0,0,0,0,0,0
2017-09-04,0,0,0,0,0,0
2017-09-05,2.86,2.93,2.99,2.85,3290000.0,-0.020499999999999997
2017-09-06,2.93,2.89,2.93,2.86,790200.0,0.0245
2017-09-07,2.96,2.9,2.98,2.89,559280.0,0.0102
2017-09-08,2.92,2.98,2.99,2.86,479690.0,-0.013500000000000002
2017-09-09,0,0,0,0,0,0
2017-09-10,0,0,0,0,0,0
2017-09-11,2.95,2.93,2.96,2.89,342110.0,0.0103
2017-09-12,2.95,2.93,2.95,2.91,167230.0,0.0
2017-09-13,3.06,2.95,3.09,2.94,867400.0,0.0373
2017-09-14,2.99,3.05,3.085,2.98,423630.0,-0.0229
2017-09-15,3.0,2.98,3.08,2.98,999040.0,0.0033
2017-09-16,0,0,0,0,0,0
2017-09-17,0,0,0,0,0,0
2017-09-18,3.0,3.0,3.05,2.995,280310.0,0.0
2017-09-19,2.91,3.01,3.02,2.9,265870.0,-0.03
2017-09-20,2.87,2.92,2.93,2.87,416490.0,-0.0137
2017-09-21,2.84,2.86,2.905,2.84,414040.0,-0.0105
2017-09-22,2.85,2.84,2.9,2.83,496740.0,0.0034999999999999996
2017-09-23,0,0,0,0,0,0
2017-09-24,0,0,0,0,0,0
2017-09-25,2.77,2.83,2.86,2.75,782510.0,-0.0281
2017-09-26,2.75,2.78,2.82,2.75,290550.0,-0.0072
2017-09-27,2.73,2.74,2.77,2.69,596410.0,-0.0073
2017-09-28,2.8,2.74,2.8,2.73,426720.0,0.0256
2017-09-29,2.77,2.8,2.8,2.76,346310.0,-0.010700000000000001
2017-09-30,0,0,0,0,0,0
2017-10-01,0,0,0,0,0,0
2017-10-02,2.8,2.77,2.81,2.75,271870.0,0.0108
2017-10-03,2.75,2.79,2.84,2.75,546120.0,-0.0179
2017-10-04,2.76,2.73,2.76,2.725,505340.0,0.0036
2017-10-05,2.75,2.75,2.76,2.73,110820.0,-0.0036
2017-10-06,2.75,2.72,2.77,2.72,293540.0,0.0
2017-10-07,0,0,0,0,0,0
2017-10-08,0,0,0,0,0,0
2017-10-09,0,0,0,0,0,0
2017-10-10,2.77,2.74,2.85,2.72,730360.0,0.0073
2017-10-11,2.73,2.75,2.76,2.715,938010.0,-0.0144
2017-10-12,2.76,2.77,2.77,2.72,192440.0,0.011000000000000001
2017-10-13,2.74,2.73,2.75,2.72,335380.0,-0.0072
2017-10-14,0,0,0,0,0,0
2017-10-15,0,0,0,0,0,0
2017-10-16,2.69,2.75,2.75,2.65,581090.0,-0.0182
2017-10-17,2.71,2.68,2.72,2.66,293580.0,0.0074
2017-10-18,2.78,2.73,2.88,2.73,789310.0,0.0258
2017-10-19,2.73,2.78,2.8,2.69,564900.0,-0.018000000000000002
2017-10-20,2.71,2.7,2.75,2.7,161290.0,-0.0073
2017-10-21,0,0,0,0,0,0
2017-10-22,0,0,0,0,0,0
2017-10-23,2.67,2.71,2.72,2.67,543700.0,-0.0148
2017-10-24,2.69,2.66,2.7,2.66,128050.00000000001,0.0075
2017-10-25,2.69,2.67,2.7,2.67,182220.0,0.0
2017-10-26,2.68,2.68,2.69,2.66,392560.0,-0.0037
2017-10-27,2.49,2.71,2.71,2.48,1220000.0,-0.0709
2017-10-28,0,0,0,0,0,0
2017-10-29,0,0,0,0,0,0
2017-10-30,2.48,2.52,2.55,2.465,763160.0,-0.004
2017-10-31,2.42,2.48,2.48,2.4,620310.0,-0.0242
2017-11-01,2.55,2.42,2.55,2.4,650490.0,0.0537
2017-11-02,2.47,2.53,2.67,2.46,549220.0,-0.031400000000000004
2017-11-03,2.45,2.47,2.52,2.43,414560.0,-0.008100000000000001
2017-11-04,0,0,0,0,0,0
2017-11-05,0,0,0,0,0,0
2017-11-06,2.49,2.46,2.53,2.42,460280.0,0.0163
2017-11-07,2.47,2.45,2.5,2.42,301670.0,-0.008
2017-11-08,2.45,2.44,2.48,2.44,478110.0,-0.008100000000000001
2017-11-09,3.04,2.74,3.1,2.7,8520000.0,0.2408
2017-11-10,2.93,3.04,3.15,2.86,3880000.0,-0.0362
2017-11-11,0,0,0,0,0,0
2017-11-12,0,0,0,0,0,0
2017-11-13,2.83,2.89,2.92,2.82,1090000.0,-0.0341
2017-11-14,2.76,2.81,2.82,2.75,1180000.0,-0.024700000000000003
2017-11-15,2.65,2.78,2.78,2.57,994670.0,-0.039900000000000005
2017-11-16,2.75,2.68,2.78,2.66,1340000.0,0.0377
2017-11-17,2.99,2.74,3.0,2.74,3350000.0,0.0873
2017-11-18,0,0,0,0,0,0
2017-11-19,0,0,0,0,0,0
2017-11-20,2.95,3.0,3.15,2.93,3020000.0,-0.0134
2017-11-21,3.13,2.94,3.13,2.93,2150000.0,0.061
2017-11-22,3.38,3.14,3.41,3.13,2650000.0,0.0799
2017-11-23,3.32,3.26,3.34,3.2,924780.0,-0.0178
2017-11-24,3.19,3.29,3.4,3.175,1330000.0,-0.0392
2017-11-25,0,0,0,0,0,0
2017-11-26,0,0,0,0,0,0
2017-11-27,3.01,3.15,3.2,2.96,1860000.0,-0.0564
2017-11-28,3.14,2.98,3.18,2.91,961300.0,0.0432
2017-11-29,3.0,3.2,3.2,2.99,785330.0,-0.0446
2017-11-30,3.13,3.02,3.16,2.9,1180000.0,0.0433
2017-12-01,2.97,3.11,3.12,2.96,779760.0,-0.051100000000000007
2017-12-02,0,0,0,0,0,0
2017-12-03,0,0,0,0,0,0
2017-12-04,3.46,3.2,3.48,3.2,4130000.0,0.165
2017-12-05,3.41,3.43,3.46,3.31,1320000.0,-0.014499999999999999
2017-12-06,3.16,3.38,3.39,3.13,1390000.0,-0.0733
2017-12-07,3.19,3.17,3.25,3.15,600690.0,0.0095
2017-12-08,3.33,3.2,3.33,3.17,1840000.0,0.043899999999999995
2017-12-09,0,0,0,0,0,0
2017-12-10,0,0,0,0,0,0
2017-12-11,3.52,3.38,3.58,3.38,2360000.0,0.0571
2017-12-12,3.39,3.53,3.53,3.31,1130000.0,-0.0369
2017-12-13,3.39,3.4,3.4,3.34,996290.0,0.0
2017-12-14,3.51,3.38,3.56,3.37,1260000.0,0.0354
2017-12-15,3.49,3.52,3.58,3.46,911780.0,-0.005699999999999999
2017-12-16,0,0,0,0,0,0
2017-12-17,0,0,0,0,0,0
2017-12-18,3.45,3.4,3.53,3.4,714830.0,-0.0115
2017-12-19,3.42,3.45,3.49,3.4,517679.99999999994,-0.0087
2017-12-20,3.37,3.43,3.46,3.35,563650.0,-0.0146
2017-12-21,3.36,3.37,3.43,3.33,325180.0,-0.003
2017-12-22,3.21,3.37,3.38,3.17,1010000.0,-0.0446
2017-12-23,0,0,0,0,0,0
2017-12-24,0,0,0,0,0,0
2017-12-25,0,0,0,0,0,0
2017-12-26,0,0,0,0,0,0
2017-12-27,3.2,3.23,3.28,3.17,547420.0,-0.0031
2017-12-28,3.25,3.19,3.26,3.12,610080.0,0.015600000000000001
2017-12-29,3.21,3.25,3.25,3.17,351900.0,-0.0123
2017-12-30,0,0,0,0,0,0
2017-12-31,0,0,0,0,0,0
2018-01-01,0,0,0,0,0,0
2018-01-02,3.4,3.23,3.43,3.22,643330.0,0.0592
2018-01-03,3.37,3.4,3.5,3.32,929890.0,-0.0088
2018-01-04,3.49,3.35,3.5,3.33,664180.0,0.0356
2018-01-05,3.48,3.5,3.5,3.39,412460.0,-0.0029
2018-01-06,0,0,0,0,0,0
2018-01-07,0,0,0,0,0,0
2018-01-08,3.38,3.49,3.53,3.37,911690.0,-0.0287
2018-01-09,3.22,3.39,3.39,3.2,1300000.0,-0.0473
2018-01-10,3.25,3.25,3.32,3.18,1670000.0,0.009300000000000001
2018-01-11,3.17,3.2,3.28,3.16,854040.0,-0.0246
2018-01-12,3.14,3.19,3.25,3.13,632700.0,-0.0095
2018-01-13,0,0,0,0,0,0
2018-01-14,0,0,0,0,0,0
2018-01-15,3.08,3.1,3.19,3.05,1440000.0,-0.0191
2018-01-16,2.87,3.05,3.09,2.83,3120000.0,-0.0682
2018-01-17,2.95,2.91,3.12,2.9,2300000.0,0.0279
2018-01-18,2.83,2.97,3.0,2.82,1080000.0,-0.0407
2018-01-19,2.9,2.85,2.94,2.84,557880.0,0.024700000000000003
2018-01-20,0,0,0,0,0,0
2018-01-21,0,0,0,0,0,0
2018-01-22,2.88,2.91,2.91,2.84,1660000.0,-0.0069
2018-01-23,2.84,2.88,2.88,2.83,1410000.0,-0.0139
2018-01-24,2.91,2.85,2.925,2.835,682030.0,0.0246
2018-01-25,2.86,2.92,2.97,2.86,475150.0,-0.0172
2018-01-26,2.87,2.88,2.9,2.84,615800.0,0.0034999999999999996
2018-01-27,0,0,0,0,0,0
2018-01-28,0,0,0,0,0,0
2018-01-29,2.85,2.87,2.88,2.835,838870.0,-0.006999999999999999
2018-01-30,2.8,2.8,2.88,2.79,703500.0,-0.0175
2018-01-31,2.82,2.8,2.85,2.78,438850.0,0.0070999999999999995
2018-02-01,2.83,2.8,2.87,2.78,294980.0,0.0034999999999999996
2018-02-02,2.78,2.8,2.82,2.73,821260.0,-0.0177
2018-02-03,0,0,0,0,0,0
2018-02-04,0,0,0,0,0,0
2018-02-05,2.65,2.73,2.76,2.61,661140.0,-0.046799999999999994
2018-02-06,2.66,2.63,2.73,2.58,351830.0,0.0038
2018-02-07,2.64,2.66,2.68,2.61,553640.0,-0.0075
2018-02-08,2.63,2.63,2.67,2.6,626050.0,-0.0038
2018-02-09,2.67,2.61,2.68,2.595,539430.0,0.0152
2018-02-10,0,0,0,0,0,0
2018-02-11,0,0,0,0,0,0
2018-02-12,2.63,2.69,2.72,2.62,605100.0,-0.015
2018-02-13,2.79,2.66,2.79,2.65,346320.0,0.0608
2018-02-14,2.83,2.79,2.89,2.76,484630.0,0.0143
2018-02-15,2.72,2.85,2.87,2.68,361980.0,-0.038900000000000004
2018-02-16,2.73,2.74,2.755,2.685,149450.0,0.0037
2018-02-17,0,0,0,0,0,0
2018-02-18,0,0,0,0,0,0
2018-02-19,0,0,0,0,0,0
2018-02-20,2.64,2.73,2.74,2.635,344490.0,-0.033
2018-02-21,2.7,2.64,2.74,2.64,361990.0,0.0227
2018-02-22,2.71,2.68,2.76,2.68,230080.0,0.0037
2018-02-23,2.72,2.7,2.74,2.7,125870.0,0.0037
2018-02-24,0,0,0,0,0,0
2018-02-25,0,0,0,0,0,0
2018-02-26,2.7,2.73,2.75,2.7,843010.0,-0.0074
2018-02-27,2.71,2.7,2.73,2.69,318730.0,0.0037
2018-02-28,2.69,2.7,2.72,2.66,737970.0,-0.0074
2018-03-01,2.72,2.69,2.79,2.68,614010.0,0.011200000000000002
2018-03-02,2.73,2.73,2.8,2.7,485590.0,0.0037
2018-03-03,0,0,0,0,0,0
2018-03-04,0,0,0,0,0,0
2018-03-05,2.7,2.72,2.76,2.69,601400.0,-0.011000000000000001
2018-03-06,2.72,2.71,2.73,2.67,571510.0,0.0074
2018-03-07,2.69,2.7,2.73,2.675,528790.0,-0.011000000000000001
2018-03-08,2.68,2.69,2.7,2.68,395020.0,-0.0037
2018-03-09,2.69,2.69,2.7,2.64,566050.0,0.0037
2018-03-10,0,0,0,0,0,0
2018-03-11,0,0,0,0,0,0
2018-03-12,2.68,2.69,2.72,2.65,524580.0,-0.0037
2018-03-13,2.69,2.69,2.78,2.69,792550.0,0.0037
2018-03-14,2.69,2.69,2.755,2.685,444140.0,0.0
2018-03-15,2.68,2.69,2.73,2.65,376340.0,-0.0037
2018-03-16,2.68,2.68,2.71,2.66,446340.0,0.0
2018-03-17,0,0,0,0,0,0
2018-03-18,0,0,0,0,0,0
2018-03-19,2.66,2.65,2.69,2.65,1080000.0,-0.0075
2018-03-20,2.64,2.66,2.66,2.64,515190.00000000006,-0.0075
2018-03-21,2.66,2.64,2.69,2.64,836680.0,0.0076
2018-03-22,2.63,2.65,2.68,2.62,698400.0,-0.0113
2018-03-23,2.5,2.64,2.65,2.5,1130000.0,-0.049400000000000006
2018-03-24,0,0,0,0,0,0
2018-03-25,0,0,0,0,0,0
2018-03-26,2.52,2.5,2.6,2.49,945840.0,0.008
2018-03-27,2.33,2.53,2.57,2.33,1620000.0,-0.0754
2018-03-28,2.25,2.35,2.36,2.23,697200.0,-0.034300000000000004
2018-03-29,2.22,2.2,2.3,2.15,1020000.0,-0.013300000000000001
2018-03-30,0,0,0,0,0,0
2018-03-31,0,0,0,0,0,0
2018-04-01,0,0,0,0,0,0
2018-04-02,2.18,2.19,2.27,2.155,500020.0,-0.018000000000000002
2018-04-03,2.26,2.18,2.28,2.115,564220.0,0.036699999999999997
2018-04-04,2.3,2.24,2.31,2.2,433870.0,0.0177
2018-04-05,2.54,2.32,2.55,2.31,948830.0,0.1043
2018-04-06,2.32,2.53,2.53,2.31,968970.0,-0.0866
2018-04-07,0,0,0,0,0,0
2018-04-08,0,0,0,0,0,0
2018-04-09,2.34,2.34,2.45,2.24,900610.0,0.0086
2018-04-10,2.42,2.37,2.43,2.32,964380.0,0.0342
2018-04-11,2.43,2.43,2.54,2.43,414430.0,0.0040999999999999995
2018-04-12,2.39,2.43,2.48,2.39,191220.0,-0.0165
2018-04-13,2.31,2.3,2.34,2.27,899020.0,-0.0335
2018-04-14,0,0,0,0,0,0
2018-04-15,0,0,0,0,0,0
2018-04-16,2.48,2.35,2.51,2.33,869330.0,0.0736
2018-04-17,2.67,2.5,2.69,2.45,1120000.0,0.0766
2018-04-18,2.54,2.66,2.74,2.505,1500000.0,-0.0487
2018-04-19,2.58,2.6,2.665,2.56,343060.0,0.015700000000000002
2018-04-20,2.74,2.59,2.745,2.55,598600.0,0.062
2018-04-21,0,0,0,0,0,0
2018-04-22,0,0,0,0,0,0
2018-04-23,2.74,2.7,2.75,2.67,441310.0,0.0
2018-04-24,2.62,2.72,2.75,2.62,1070000.0,-0.0438
2018-04-25,2.59,2.65,2.65,2.59,937440.0,-0.0115
2018-04-26,2.59,2.63,2.65,2.575,559210.0,0.0
2018-04-27,2.57,2.6,2.64,2.56,370780.0,-0.0077
2018-04-28,0,0,0,0,0,0
2018-04-29,0,0,0,0,0,0
2018-04-30,2.56,2.56,2.64,2.53,598160.0,-0.0039000000000000003
2018-05-01,2.54,2.56,2.58,2.44,1200000.0,-0.0078000000000000005
2018-05-02,2.75,2.57,2.795,2.51,2040000.0,0.0827
2018-05-03,2.61,2.77,2.77,2.61,429860.0,-0.0509
2018-05-04,2.63,2.63,2.66,2.57,627860.0,0.0077
2018-05-05,0,0,0,0,0,0
2018-05-06,0,0,0,0,0,0
2018-05-07,2.53,2.6,2.65,2.5,1460000.0,-0.038
2018-05-08,2.5,2.55,2.58,2.5,976650.0,-0.011899999999999999
2018-05-09,2.51,2.54,2.62,2.5,895870.0,0.004
2018-05-10,2.53,2.53,2.55,2.46,1030000.0,0.008
2018-05-11,2.55,2.54,2.6,2.52,352610.0,0.0079
2018-05-12,0,0,0,0,0,0
2018-05-13,0,0,0,0,0,0
2018-05-14,2.51,2.57,2.57,2.5,191690.0,-0.015700000000000002
2018-05-15,2.43,2.51,2.55,2.42,275130.0,-0.0319
2018-05-16,2.42,2.42,2.48,2.37,303240.0,-0.0040999999999999995
2018-05-17,2.4,2.43,2.43,2.37,229860.0,-0.0083
2018-05-18,2.45,2.44,2.46,2.4,319790.0,0.0208
2018-05-19,0,0,0,0,0,0
2018-05-20,0,0,0,0,0,0
2018-05-21,0,0,0,0,0,0
2018-05-22,2.5,2.47,2.56,2.46,758120.0,0.0204
2018-05-23,2.48,2.51,2.52,2.46,342870.0,-0.008
2018-05-24,2.51,2.48,2.53,2.46,504320.0,0.0121
2018-05-25,2.51,2.5,2.54,2.46,352810.0,0.0
2018-05-26,0,0,0,0,0,0
2018-05-27,0,0,0,0,0,0
2018-05-28,2.42,2.5,2.5,2.39,278720.0,-0.0359
2018-05-29,2.44,2.35,2.49,2.35,510540.0,0.0083
2018-05-30,2.5,2.38,2.51,2.38,305980.0,0.0246
2018-05-31,2.45,2.5,2.5,2.44,436000.0,-0.02
2018-06-01,2.63,2.42,2.68,2.42,2330000.0,0.0735
2018-06-02,0,0,0,0,0,0
2018-06-03,0,0,0,0,0,0
2018-06-04,2.87,2.62,2.89,2.57,1860000.0,0.0913
2018-06-05,2.85,2.9,2.94,2.83,1750000.0,-0.006999999999999999
2018-06-06,2.98,2.87,3.04,2.85,2049999.9999999998,0.045599999999999995
2018-06-07,2.85,3.04,3.04,2.83,750860.0,-0.0436
2018-06-08,2.95,2.85,3.0,2.85,650780.0,0.0351
2018-06-09,0,0,0,0,0,0
2018-06-10,0,0,0,0,0,0
2018-06-11,2.89,2.92,2.95,2.85,527010.0,-0.0203
2018-06-12,2.89,2.86,2.95,2.86,403260.0,0.0
2018-06-13,2.96,2.95,2.98,2.75,1030000.0,0.0242
2018-06-14,2.84,2.95,2.97,2.82,537080.0,-0.0405
2018-06-15,2.76,2.84,2.85,2.72,514659.99999999994,-0.0282
2018-06-16,0,0,0,0,0,0
2018-06-17,0,0,0,0,0,0
2018-06-18,2.7,2.73,2.75,2.65,497450.0,-0.0217
2018-06-19,2.66,2.69,2.7,2.64,297570.0,-0.0148
2018-06-20,2.66,2.65,2.75,2.65,283510.0,0.0
2018-06-21,2.6,2.68,2.68,2.6,278750.0,-0.0226
2018-06-22,2.64,2.61,2.67,2.61,422490.0,0.0154
2018-06-23,0,0,0,0,0,0
2018-06-24,0,0,0,0,0,0
2018-06-25,2.52,2.61,2.64,2.5,533000.0,-0.0455
2018-06-26,2.47,2.5,2.56,2.47,524550.0,-0.019799999999999998
2018-06-27,2.42,2.47,2.53,2.39,532440.0,-0.0202
2018-06-28,2.37,2.39,2.46,2.36,587250.0,-0.0207
2018-06-29,2.43,2.4,2.5,2.39,522340.00000000006,0.0253
2018-06-30,0,0,0,0,0,0
2018-07-01,0,0,0,0,0,0
2018-07-02,0,0,0,0,0,0
2018-07-03,2.51,2.55,2.59,2.46,570590.0,0.0329
2018-07-04,2.53,2.52,2.53,2.45,234880.0,0.008
2018-07-05,2.6,2.55,2.7,2.5,698190.0,0.0277
2018-07-06,2.59,2.58,2.61,2.54,358260.0,-0.0038
2018-07-07,0,0,0,0,0,0
2018-07-08,0,0,0,0,0,0
2018-07-09,2.58,2.6,2.6,2.54,295870.0,-0.0039000000000000003
2018-07-10,2.58,2.57,2.6,2.55,253580.0,0.0
2018-07-11,2.56,2.55,2.58,2.53,373370.0,-0.0078000000000000005
2018-07-12,2.55,2.56,2.575,2.54,128630.0,-0.0039000000000000003
2018-07-13,2.52,2.56,2.58,2.5,139870.0,-0.0118
2018-07-14,0,0,0,0,0,0
2018-07-15,0,0,0,0,0,0
2018-07-16,2.52,2.51,2.56,2.5,204710.0,0.0
2018-07-17,2.53,2.52,2.56,2.51,169220.0,0.004
2018-07-18,2.48,2.56,2.59,2.48,456960.0,-0.019799999999999998
2018-07-19,2.42,2.5,2.51,2.42,365390.0,-0.0242
2018-07-20,2.41,2.42,2.46,2.41,385550.0,-0.0040999999999999995
2018-07-21,0,0,0,0,0,0
2018-07-22,0,0,0,0,0,0
2018-07-23,2.42,2.43,2.45,2.32,511960.0,0.0040999999999999995
2018-07-24,2.34,2.42,2.45,2.335,497210.0,-0.0331
2018-07-25,2.38,2.36,2.43,2.35,217030.0,0.0171
2018-07-26,2.58,2.48,2.67,2.48,1990000.0,0.084
2018-07-27,2.55,2.63,2.63,2.5,589910.0,-0.0116
2018-07-28,0,0,0,0,0,0
2018-07-29,0,0,0,0,0,0
2018-07-30,2.51,2.55,2.57,2.5,245370.0,-0.015700000000000002
2018-07-31,2.65,2.52,2.65,2.51,457340.0,0.0558
2018-08-01,2.57,2.61,2.68,2.55,328590.0,-0.0302
2018-08-02,2.66,2.6,2.68,2.6,360760.0,0.035
2018-08-03,2.67,2.67,2.74,2.64,474980.0,0.0038
2018-08-04,0,0,0,0,0,0
2018-08-05,0,0,0,0,0,0
2018-08-06,0,0,0,0,0,0
2018-08-07,2.68,2.75,2.76,2.68,277950.0,0.0037
2018-08-08,2.61,2.69,2.7,2.555,285670.0,-0.026099999999999998
2018-08-09,2.7,2.59,2.72,2.57,346710.0,0.0345
2018-08-10,2.64,2.69,2.69,2.57,373120.0,-0.0222
2018-08-11,0,0,0,0,0,0
2018-08-12,0,0,0,0,0,0
2018-08-13,2.49,2.61,2.63,2.49,290950.0,-0.056799999999999996
2018-08-14,2.56,2.52,2.58,2.52,238870.0,0.0281
2018-08-15,2.54,2.54,2.58,2.48,516890.0,-0.0078000000000000005
2018-08-16,2.56,2.54,2.61,2.54,261110.0,0.0079
2018-08-17,2.51,2.55,2.55,2.49,380690.0,-0.0195
2018-08-18,0,0,0,0,0,0
2018-08-19,0,0,0,0,0,0
2018-08-20,2.49,2.52,2.55,2.49,348180.0,-0.008
2018-08-21,2.44,2.5,2.53,2.42,856600.0,-0.020099999999999996
2018-08-22,2.48,2.43,2.48,2.43,223940.0,0.016399999999999998
2018-08-23,2.5,2.48,2.51,2.45,234140.0,0.008100000000000001
2018-08-24,2.45,2.46,2.52,2.45,337170.0,-0.02
2018-08-25,0,0,0,0,0,0
2018-08-26,0,0,0,0,0,0
2018-08-27,2.48,2.45,2.54,2.45,242220.0,0.012199999999999999
2018-08-28,2.44,2.49,2.5,2.41,287590.0,-0.0161
2018-08-29,2.43,2.45,2.47,2.41,251120.0,-0.0040999999999999995
2018-08-30,2.48,2.4,2.5,2.38,689780.0,0.0206
2018-08-31,2.54,2.49,2.54,2.49,491320.0,0.0242
2018-09-01,0,0,0,0,0,0
2018-09-02,0,0,0,0,0,0
2018-09-03,0,0,0,0,0,0
2018-09-04,2.52,2.54,2.56,2.485,534010.0,-0.0079
2018-09-05,2.38,2.5,2.5,2.38,596930.0,-0.0556
2018-09-06,2.36,2.42,2.42,2.35,377310.0,-0.0084
2018-09-07,2.37,2.36,2.38,2.3,623380.0,0.0042
2018-09-08,0,0,0,0,0,0
2018-09-09,0,0,0,0,0,0
2018-09-10,2.38,2.38,2.46,2.37,363590.0,0.0042
2018-09-11,2.39,2.38,2.39,2.29,446850.0,0.0042
2018-09-12,2.5,2.39,2.53,2.36,594160.0,0.046
2018-09-13,2.6,2.51,2.62,2.45,618760.0,0.04
2018-09-14,2.56,2.62,2.65,2.54,365350.0,-0.0154
2018-09-15,0,0,0,0,0,0
2018-09-16,0,0,0,0,0,0
2018-09-17,2.7,2.58,2.72,2.57,882330.0,0.0547
2018-09-18,2.78,2.7,2.83,2.68,996180.0,0.0296
2018-09-19,2.69,2.75,2.85,2.69,856470.0,-0.032400000000000005
2018-09-20,2.69,2.74,2.8,2.64,622040.0,0.0
2018-09-21,2.7,2.7,2.755,2.685,863850.0,0.0037
2018-09-22,0,0,0,0,0,0
2018-09-23,0,0,0,0,0,0
2018-09-24,2.67,2.69,2.75,2.67,391310.0,-0.0111
2018-09-25,2.71,2.7,2.735,2.67,252950.0,0.015
2018-09-26,2.56,2.67,2.68,2.55,435480.0,-0.0554
2018-09-27,2.57,2.59,2.65,2.52,1110000.0,0.0039000000000000003
2018-09-28,2.62,2.6,2.7,2.59,556820.0,0.0195
2018-09-29,0,0,0,0,0,0
2018-09-30,0,0,0,0,0,0
2018-10-01,2.75,2.65,2.75,2.6,853410.0,0.0496
2018-10-02,2.75,2.73,2.79,2.72,1450000.0,0.0
2018-10-03,2.93,2.75,2.95,2.75,1200000.0,0.0655
2018-10-04,2.87,2.9,2.95,2.82,1540000.0,-0.020499999999999997
2018-10-05,2.89,2.87,2.93,2.86,645120.0,0.006999999999999999
2018-10-06,0,0,0,0,0,0
2018-10-07,0,0,0,0,0,0
2018-10-08,0,0,0,0,0,0
2018-10-09,2.77,2.89,2.92,2.73,994280.0,-0.0415
2018-10-10,2.68,2.77,2.78,2.65,714230.0,-0.0325
2018-10-11,2.61,2.64,2.67,2.56,1640000.0,-0.026099999999999998
2018-10-12,2.59,2.63,2.64,2.57,904680.0,-0.0077
2018-10-13,0,0,0,0,0,0
2018-10-14,0,0,0,0,0,0
2018-10-15,2.69,2.57,2.7,2.57,1050000.0,0.038599999999999995
2018-10-16,2.73,2.69,2.75,2.62,676850.0,0.0149
2018-10-17,2.72,2.73,2.73,2.64,465300.0,-0.0037
2018-10-18,2.61,2.69,2.735,2.61,730490.0,-0.0404
2018-10-19,2.61,2.63,2.67,2.61,311650.0,0.0
2018-10-20,0,0,0,0,0,0
2018-10-21,0,0,0,0,0,0
2018-10-22,2.6,2.63,2.64,2.57,261260.0,-0.0038
2018-10-23,2.55,2.56,2.56,2.46,790140.0,-0.0192
2018-10-24,2.43,2.54,2.59,2.42,602760.0,-0.0471
2018-10-25,2.4,2.45,2.49,2.39,621270.0,-0.0123
2018-10-26,2.44,2.38,2.44,2.38,501870.0,0.0167
2018-10-27,0,0,0,0,0,0
2018-10-28,0,0,0,0,0,0
2018-10-29,2.5,2.5,2.64,2.47,581860.0,0.0246
2018-10-30,2.52,2.49,2.52,2.45,336410.0,0.008
2018-10-31,2.7,2.55,2.73,2.54,699130.0,0.07139999999999999
2018-11-01,2.74,2.7,2.78,2.67,949780.0,0.0148
2018-11-02,2.84,2.76,2.845,2.74,709050.0,0.0365
2018-11-03,0,0,0,0,0,0
2018-11-04,0,0,0,0,0,0
2018-11-05,3.23,2.8,3.31,2.78,5400000.0,0.1373
2018-11-06,3.06,3.2,3.2,2.99,2820000.0,-0.0526
2018-11-07,3.23,3.05,3.28,3.035,2290000.0,0.0556
2018-11-08,3.09,3.15,3.22,3.06,745460.0,-0.0433
2018-11-09,2.98,3.06,3.13,2.95,1780000.0,-0.0356
2018-11-10,0,0,0,0,0,0
2018-11-11,0,0,0,0,0,0
2018-11-12,2.81,2.98,2.98,2.78,3130000.0,-0.057
2018-11-13,2.79,2.82,2.94,2.78,1100000.0,-0.0070999999999999995
2018-11-14,2.73,2.82,2.86,2.7,1770000.0,-0.0215
2018-11-15,2.91,2.75,2.95,2.73,1670000.0,0.0659
2018-11-16,2.82,2.87,2.9,2.81,1420000.0,-0.030899999999999997
2018-11-17,0,0,0,0,0,0
2018-11-18,0,0,0,0,0,0
2018-11-19,2.92,2.84,3.04,2.83,1630000.0,0.0355
2018-11-20,2.9,2.89,2.985,2.83,1550000.0,-0.0068000000000000005
2018-11-21,2.99,2.94,3.05,2.93,741110.0,0.031
2018-11-22,2.87,2.97,2.97,2.87,432190.0,-0.0401
2018-11-23,2.73,2.88,2.91,2.7,2720000.0,-0.048799999999999996
2018-11-24,0,0,0,0,0,0
2018-11-25,0,0,0,0,0,0
2018-11-26,2.76,2.75,2.79,2.7,1320000.0,0.011000000000000001
2018-11-27,2.71,2.74,2.76,2.64,1690000.0,-0.0181
2018-11-28,2.95,2.69,2.96,2.69,2810000.0,0.0886
2018-11-29,2.92,2.94,2.98,2.89,1160000.0,-0.0102
2018-11-30,2.84,2.91,2.93,2.79,1360000.0,-0.0274
2018-12-01,0,0,0,0,0,0
2018-12-02,0,0,0,0,0,0
2018-12-03,2.92,2.88,2.99,2.88,1290000.0,0.0282
2018-12-04,2.84,2.92,3.0,2.8,2180000.0,-0.0274
2018-12-05,2.81,2.84,2.84,2.77,951720.0,-0.0106
2018-12-06,2.76,2.76,2.82,2.72,971340.0,-0.0178
2018-12-07,2.73,2.78,2.79,2.72,762450.0,-0.0109
2018-12-08,0,0,0,0,0,0
2018-12-09,0,0,0,0,0,0
2018-12-10,2.73,2.72,2.77,2.68,2029999.9999999998,0.0
2018-12-11,2.68,2.79,2.85,2.68,1450000.0,-0.0183
2018-12-12,2.74,2.7,2.76,2.69,2120000.0,0.022400000000000003
2018-12-13,2.69,2.73,2.76,2.67,1400000.0,-0.0182
2018-12-14,2.58,2.68,2.68,2.55,1520000.0,-0.0409
2018-12-15,0,0,0,0,0,0
2018-12-16,0,0,0,0,0,0
2018-12-17,2.42,2.57,2.6,2.37,1780000.0,-0.062
2018-12-18,2.37,2.42,2.48,2.35,1060000.0,-0.0207
2018-12-19,2.34,2.37,2.46,2.3,1140000.0,-0.0127
2018-12-20,2.27,2.34,2.37,2.21,3430000.0,-0.029900000000000003
2018-12-21,2.23,2.3,2.37,2.22,2880000.0,-0.0176
2018-12-22,0,0,0,0,0,0
2018-12-23,0,0,0,0,0,0
2018-12-24,2.15,2.21,2.25,2.13,685930.0,-0.0359
2018-12-25,0,0,0,0,0,0
2018-12-26,0,0,0,0,0,0
2018-12-27,2.23,2.22,2.29,2.17,2250000.0,0.037200000000000004
2018-12-28,2.37,2.25,2.42,2.25,2980000.0,0.06280000000000001
2018-12-29,0,0,0,0,0,0
2018-12-30,0,0,0,0,0,0
2018-12-31,2.41,2.42,2.43,2.35,2220000.0,0.0169
2019-01-01,0,0,0,0,0,0
2019-01-02,2.38,2.35,2.45,2.315,1870000.0,-0.0124
2019-01-03,2.3,2.38,2.39,2.27,1960000.0,-0.0336
2019-01-04,2.42,2.34,2.48,2.32,2760000.0,0.052199999999999996
2019-01-05,0,0,0,0,0,0
2019-01-06,0,0,0,0,0,0
2019-01-07,2.46,2.43,2.51,2.4,1650000.0,0.0165
2019-01-08,2.5,2.49,2.53,2.48,979720.0,0.0163
2019-01-09,2.57,2.52,2.64,2.51,979220.0,0.027999999999999997
2019-01-10,2.61,2.55,2.635,2.49,1420000.0,0.015600000000000001
2019-01-11,2.48,2.58,2.58,2.48,1530000.0,-0.049800000000000004
2019-01-12,0,0,0,0,0,0
2019-01-13,0,0,0,0,0,0
2019-01-14,2.4,2.47,2.49,2.38,2580000.0,-0.0323
2019-01-15,2.37,2.4,2.42,2.37,1060000.0,-0.0125
2019-01-16,2.34,2.38,2.44,2.33,2100000.0,-0.0127
2019-01-17,2.38,2.33,2.38,2.31,1230000.0,0.0171
2019-01-18,2.34,2.38,2.42,2.33,1800000.0,-0.0168
2019-01-19,0,0,0,0,0,0
2019-01-20,0,0,0,0,0,0
2019-01-21,2.33,2.34,2.37,2.31,498710.0,-0.0043
2019-01-22,2.3,2.32,2.32,2.25,1810000.0,-0.0129
2019-01-23,2.25,2.31,2.34,2.235,3190000.0,-0.0217
2019-01-24,2.31,2.26,2.33,2.23,2300000.0,0.026699999999999998
2019-01-25,2.38,2.32,2.39,2.31,907000.0,0.030299999999999997
2019-01-26,0,0,0,0,0,0
2019-01-27,0,0,0,0,0,0
2019-01-28,2.37,2.38,2.39,2.345,766270.0,-0.0042
2019-01-29,2.45,2.38,2.48,2.38,1900000.0,0.0338
2019-01-30,2.28,2.49,2.49,2.27,5170000.0,-0.0694
2019-01-31,2.28,2.31,2.32,2.26,1590000.0,0.0
2019-02-01,2.29,2.29,2.34,2.23,3080000.0,0.0044
2019-02-02,0,0,0,0,0,0
2019-02-03,0,0,0,0,0,0
2019-02-04,2.42,2.28,2.43,2.27,1660000.0,0.056799999999999996
2019-02-05,2.53,2.42,2.59,2.41,2230000.0,0.0455
2019-02-06,2.46,2.55,2.57,2.45,1390000.0,-0.0277
2019-02-07,2.45,2.42,2.5,2.42,1020000.0,-0.0040999999999999995
2019-02-08,2.44,2.44,2.45,2.4,869420.0,-0.0040999999999999995
2019-02-09,0,0,0,0,0,0
2019-02-10,0,0,0,0,0,0
2019-02-11,2.46,2.48,2.52,2.45,1140000.0,0.008199999999999999
2019-02-12,2.32,2.48,2.48,2.3,4600000.0,-0.056900000000000006
2019-02-13,2.32,2.34,2.34,2.28,733550.0,0.0
2019-02-14,2.35,2.34,2.36,2.32,1160000.0,0.0129
2019-02-15,2.31,2.37,2.37,2.29,436290.0,-0.017
2019-02-16,0,0,0,0,0,0
2019-02-17,0,0,0,0,0,0
2019-02-18,0,0,0,0,0,0
2019-02-19,2.31,2.31,2.32,2.28,1270000.0,0.0
2019-02-20,2.3,2.3,2.32,2.28,451070.0,-0.0043
2019-02-21,2.29,2.31,2.32,2.28,736780.0,-0.0043
2019-02-22,2.3,2.28,2.32,2.28,863610.0,0.0044
2019-02-23,0,0,0,0,0,0
2019-02-24,0,0,0,0,0,0
2019-02-25,2.27,2.3,2.31,2.27,692070.0,-0.013000000000000001
2019-02-26,2.2,2.28,2.29,2.1,14580000.0,-0.0308
2019-02-27,2.21,2.22,2.26,2.19,850250.0,0.0045000000000000005
2019-02-28,2.16,2.21,2.21,2.135,1160000.0,-0.0226
2019-03-01,2.13,2.18,2.18,2.12,555190.0,-0.0139
2019-03-02,0,0,0,0,0,0
2019-03-03,0,0,0,0,0,0
2019-03-04,2.08,2.13,2.18,2.05,1010000.0,-0.0235
2019-03-05,2.1,2.07,2.12,2.05,1410000.0,0.0096
2019-03-06,2.15,2.1,2.17,2.1,872710.0,0.023799999999999998
2019-03-07,2.14,2.16,2.16,2.12,704180.0,-0.004699999999999999
2019-03-08,2.08,2.11,2.14,2.07,398550.0,-0.027999999999999997
2019-03-09,0,0,0,0,0,0
2019-03-10,0,0,0,0,0,0
2019-03-11,2.1,2.06,2.13,2.06,1290000.0,0.0096
2019-03-12,2.16,2.11,2.17,2.11,192300.0,0.0286
2019-03-13,2.2,2.17,2.21,2.16,715970.0,0.018500000000000003
2019-03-14,2.27,2.2,2.29,2.17,943670.0,0.0318
2019-03-15,2.27,2.26,2.28,2.24,793770.0,0.0
2019-03-16,0,0,0,0,0,0
2019-03-17,0,0,0,0,0,0
2019-03-18,2.24,2.27,2.29,2.21,523169.99999999994,-0.0132
2019-03-19,2.25,2.24,2.3,2.23,357960.0,0.0045000000000000005
2019-03-20,2.27,2.25,2.32,2.245,628180.0,0.0089
2019-03-21,2.26,2.26,2.33,2.21,530740.0,-0.0044
2019-03-22,2.21,2.25,2.27,2.19,389840.0,-0.022099999999999998
2019-03-23,0,0,0,0,0,0
2019-03-24,0,0,0,0,0,0
2019-03-25,2.22,2.2,2.23,2.14,445820.0,0.0045000000000000005
2019-03-26,2.22,2.2,2.28,2.2,255210.0,0.0
2019-03-27,2.19,2.22,2.22,2.15,264800.0,-0.013500000000000002
2019-03-28,2.17,2.19,2.2,2.145,163290.0,-0.0091
2019-03-29,2.16,2.19,2.19,2.16,115060.0,-0.0046
2019-03-30,0,0,0,0,0,0
2019-03-31,0,0,0,0,0,0
2019-04-01,2.26,2.18,2.28,2.16,491870.0,0.0463
2019-04-02,2.31,2.27,2.335,2.25,714640.0,0.022099999999999998
2019-04-03,2.34,2.33,2.34,2.29,533650.0,0.013000000000000001
2019-04-04,2.33,2.32,2.38,2.305,480570.0,-0.0043
2019-04-05,2.35,2.32,2.38,2.32,561610.0,0.0086
2019-04-06,0,0,0,0,0,0
2019-04-07,0,0,0,0,0,0
2019-04-08,2.32,2.35,2.36,2.31,165380.0,-0.0128
2019-04-09,2.4,2.31,2.41,2.3,1330000.0,0.0345
2019-04-10,2.38,2.39,2.45,2.38,282190.0,-0.0083
2019-04-11,2.34,2.38,2.38,2.32,316680.0,-0.0168
2019-04-12,2.31,2.35,2.36,2.31,473230.0,-0.0128
2019-04-13,0,0,0,0,0,0
2019-04-14,0,0,0,0,0,0
2019-04-15,2.23,2.31,2.34,2.21,409290.0,-0.0346
2019-04-16,2.18,2.23,2.245,2.17,566660.0,-0.022400000000000003
2019-04-17,2.17,2.2,2.21,2.14,362870.0,-0.0046
2019-04-18,2.17,2.16,2.19,2.14,314300.0,0.0
2019-04-19,0,0,0,0,0,0
2019-04-20,0,0,0,0,0,0
2019-04-21,0,0,0,0,0,0
2019-04-22,2.17,2.17,2.19,2.16,140080.0,0.0
2019-04-23,2.17,2.17,2.19,2.16,204720.0,0.0
2019-04-24,2.12,2.16,2.16,2.11,380680.0,-0.023
2019-04-25,2.09,2.12,2.12,2.09,459030.0,-0.014199999999999999
2019-04-26,2.08,2.09,2.125,2.08,287030.0,-0.0048
2019-04-27,0,0,0,0,0,0
2019-04-28,0,0,0,0,0,0
2019-04-29,2.1,2.08,2.11,2.07,309260.0,0.0096
2019-04-30,2.12,2.1,2.12,2.09,378250.0,0.0095
2019-05-01,2.09,2.13,2.13,2.08,312670.0,-0.014199999999999999
2019-05-02,2.06,2.09,2.09,2.02,679330.0,-0.0144
2019-05-03,2.19,2.05,2.19,2.05,416490.0,0.06309999999999999
2019-05-04,0,0,0,0,0,0
2019-05-05,0,0,0,0,0,0
2019-05-06,2.09,2.17,2.17,2.08,162940.0,-0.045700000000000005
2019-05-07,2.04,2.09,2.09,2.02,416070.0,-0.0239
2019-05-08,2.0,2.03,2.05,2.0,1120000.0,-0.0196
2019-05-09,1.9,2.0,2.0,1.88,1590000.0,-0.05
2019-05-10,1.92,1.92,1.97,1.89,1210000.0,0.0105
2019-05-11,0,0,0,0,0,0
2019-05-12,0,0,0,0,0,0
2019-05-13,1.86,1.91,1.91,1.84,467910.0,-0.031200000000000002
2019-05-14,1.91,1.88,1.92,1.86,900320.0,0.0269
2019-05-15,1.85,1.9,1.91,1.85,330580.0,-0.031400000000000004
2019-05-16,1.94,1.85,1.94,1.85,758740.0,0.048600000000000004
2019-05-17,1.95,1.92,1.97,1.9,424020.0,0.0052
2019-05-18,0,0,0,0,0,0
2019-05-19,0,0,0,0,0,0
2019-05-20,0,0,0,0,0,0
2019-05-21,1.98,1.97,1.99,1.96,338100.0,0.0154
2019-05-22,1.89,1.98,2.0,1.89,241410.0,-0.0455
2019-05-23,1.83,1.89,1.91,1.83,232890.0,-0.0317
2019-05-24,1.86,1.85,1.88,1.81,437430.0,0.016399999999999998
2019-05-25,0,0,0,0,0,0
2019-05-26,0,0,0,0,0,0
2019-05-27,1.85,1.86,1.87,1.84,38720.0,-0.0054
2019-05-28,1.88,1.85,1.91,1.83,479880.0,0.016200000000000003
2019-05-29,1.91,1.86,1.92,1.845,480880.0,0.016
2019-05-30,1.97,1.92,1.98,1.91,355200.0,0.031400000000000004
2019-05-31,2.04,1.95,2.04,1.9,526800.0,0.0355
2019-06-01,0,0,0,0,0,0
2019-06-02,0,0,0,0,0,0
2019-06-03,2.09,2.05,2.1,2.04,576390.0,0.0245
2019-06-04,2.03,2.11,2.13,2.02,313690.0,-0.0287
2019-06-05,2.0,2.01,2.01,1.94,436650.0,-0.0148
2019-06-06,2.05,1.99,2.06,1.94,423060.0,0.025
2019-06-07,2.06,2.06,2.09,2.03,793870.0,0.0049
2019-06-08,0,0,0,0,0,0
2019-06-09,0,0,0,0,0,0
2019-06-10,1.94,2.07,2.07,1.93,428100.0,-0.0583
2019-06-11,1.92,1.96,1.98,1.91,347870.0,-0.0103
2019-06-12,1.97,1.92,1.99,1.9,489930.0,0.026000000000000002
2019-06-13,1.96,1.98,2.0,1.95,239100.0,-0.0051
2019-06-14,1.99,1.96,2.04,1.93,404140.0,0.015300000000000001
2019-06-15,0,0,0,0,0,0
2019-06-16,0,0,0,0,0,0
2019-06-17,2.01,1.98,2.02,1.96,251020.0,0.0101
2019-06-18,2.04,2.02,2.05,1.99,242820.0,0.0149
2019-06-19,2.02,2.04,2.06,2.0,175220.0,-0.0098
2019-06-20,2.07,2.03,2.09,2.0,296190.0,0.0248
2019-06-21,2.07,2.07,2.09,2.04,288370.0,0.0
2019-06-22,0,0,0,0,0,0
2019-06-23,0,0,0,0,0,0
2019-06-24,1.99,2.07,2.08,1.99,103670.0,-0.038599999999999995
2019-06-25,1.95,1.99,2.0,1.95,247980.0,-0.020099999999999996
2019-06-26,2.02,1.95,2.03,1.95,65830.0,0.0359
2019-06-27,2.06,2.0,2.075,1.98,221190.0,0.019799999999999998
2019-06-28,2.04,2.05,2.09,2.02,240220.0,-0.0097
2019-06-29,0,0,0,0,0,0
2019-06-30,0,0,0,0,0,0
2019-07-01,0,0,0,0,0,0
2019-07-02,2.11,2.02,2.12,2.02,409320.0,0.034300000000000004
2019-07-03,2.06,2.11,2.13,2.06,169610.0,-0.023700000000000002
2019-07-04,2.06,2.06,2.07,2.04,47520.0,0.0
2019-07-05,2.07,2.04,2.09,2.04,202700.0,0.0049
2019-07-06,0,0,0,0,0,0
2019-07-07,0,0,0,0,0,0
2019-07-08,2.0,2.06,2.08,1.98,326070.0,-0.0338
2019-07-09,2.0,2.0,2.09,1.96,327240.0,0.0
2019-07-10,2.14,2.02,2.14,2.02,488290.0,0.07
2019-07-11,2.09,2.13,2.15,2.09,434070.0,-0.023399999999999997
2019-07-12,2.31,2.1,2.31,2.1,1070000.0,0.10529999999999999
2019-07-13,0,0,0,0,0,0
2019-07-14,0,0,0,0,0,0
2019-07-15,2.13,2.3,2.3,2.12,590590.0,-0.0779
2019-07-16,2.22,2.13,2.23,2.13,441370.0,0.042300000000000004
2019-07-17,2.13,2.21,2.23,2.09,303640.0,-0.0405
2019-07-18,2.17,2.13,2.19,2.12,263490.0,0.018799999999999997
2019-07-19,2.15,2.15,2.16,2.13,206660.0,-0.0092
2019-07-20,0,0,0,0,0,0
2019-07-21,0,0,0,0,0,0
2019-07-22,2.09,2.16,2.16,2.08,201670.0,-0.0279
2019-07-23,2.01,2.08,2.13,2.0,635340.0,-0.0383
2019-07-24,1.94,2.01,2.01,1.935,517450.00000000006,-0.0348
2019-07-25,1.82,1.96,2.01,1.81,931040.0,-0.061900000000000004
2019-07-26,1.83,1.86,1.86,1.82,263510.0,0.0055000000000000005
2019-07-27,0,0,0,0,0,0
2019-07-28,0,0,0,0,0,0
2019-07-29,1.74,1.86,1.86,1.72,594100.0,-0.0492
2019-07-30,1.82,1.69,1.83,1.69,1170000.0,0.046
2019-07-31,1.89,1.83,1.92,1.815,1660000.0,0.0385
2019-08-01,1.84,1.89,1.9,1.81,292700.0,-0.0265
2019-08-02,1.81,1.85,1.85,1.785,319340.0,-0.0163
2019-08-03,0,0,0,0,0,0
2019-08-04,0,0,0,0,0,0
2019-08-05,0,0,0,0,0,0
2019-08-06,1.74,1.81,1.83,1.725,353940.0,-0.0387
2019-08-07,1.69,1.74,1.77,1.68,610090.0,-0.0287
2019-08-08,1.69,1.7,1.72,1.66,331340.0,0.0
2019-08-09,1.68,1.71,1.71,1.655,380710.0,-0.0059
2019-08-10,0,0,0,0,0,0
2019-08-11,0,0,0,0,0,0
2019-08-12,1.63,1.68,1.68,1.62,496170.0,-0.0298
2019-08-13,1.69,1.64,1.71,1.63,305690.0,0.0368
2019-08-14,1.6,1.68,1.68,1.59,385280.0,-0.0533
2019-08-15,1.59,1.59,1.64,1.56,336300.0,-0.0062
2019-08-16,1.59,1.6,1.62,1.52,433070.0,0.0
2019-08-17,0,0,0,0,0,0
2019-08-18,0,0,0,0,0,0
2019-08-19,1.66,1.62,1.69,1.61,352530.0,0.044000000000000004
2019-08-20,1.65,1.66,1.695,1.64,177510.0,-0.006
2019-08-21,1.69,1.66,1.705,1.66,362650.0,0.0242
2019-08-22,1.72,1.68,1.73,1.68,606990.0,0.0178
2019-08-23,1.59,1.7,1.7,1.58,321450.0,-0.0756
2019-08-24,0,0,0,0,0,0
2019-08-25,0,0,0,0,0,0
2019-08-26,1.53,1.62,1.64,1.52,461350.0,-0.0377
2019-08-27,1.47,1.56,1.59,1.455,783710.0,-0.0392
2019-08-28,1.59,1.47,1.61,1.47,378010.0,0.0816
2019-08-29,1.69,1.6,1.695,1.56,527660.0,0.0629
2019-08-30,1.74,1.66,1.75,1.66,565010.0,0.0296
2019-08-31,0,0,0,0,0,0
2019-09-01,0,0,0,0,0,0
2019-09-02,0,0,0,0,0,0
2019-09-03,1.67,1.74,1.75,1.65,411360.0,-0.04019999999999999
2019-09-04,1.59,1.67,1.7,1.58,369740.0,-0.0479
2019-09-05,1.58,1.62,1.64,1.56,476110.0,-0.0063
2019-09-06,1.73,1.57,1.74,1.56,769890.0,0.0949
2019-09-07,0,0,0,0,0,0
2019-09-08,0,0,0,0,0,0
2019-09-09,1.77,1.77,1.89,1.76,860450.0,0.0231
2019-09-10,1.79,1.8,1.85,1.75,330380.0,0.0113
2019-09-11,1.8,1.82,1.85,1.79,346140.0,0.005600000000000001
2019-09-12,1.74,1.8,1.8,1.73,373290.0,-0.0333
2019-09-13,1.74,1.77,1.77,1.72,326700.0,0.0
2019-09-14,0,0,0,0,0,0
2019-09-15,0,0,0,0,0,0
2019-09-16,1.76,1.77,1.83,1.735,677380.0,0.0115
2019-09-17,1.73,1.75,1.77,1.72,451260.0,-0.017
2019-09-18,1.65,1.74,1.74,1.63,528900.0,-0.0462
2019-09-19,1.65,1.64,1.68,1.61,474510.0,0.0
2019-09-20,1.77,1.64,1.84,1.6,8810000.0,0.0727
2019-09-21,0,0,0,0,0,0
2019-09-22,0,0,0,0,0,0
2019-09-23,1.74,1.77,1.79,1.72,376170.0,-0.0169
2019-09-24,1.74,1.76,1.76,1.685,251090.0,0.0
2019-09-25,1.75,1.72,1.785,1.7,346890.0,0.005699999999999999
2019-09-26,1.77,1.74,1.79,1.69,184000.0,0.011399999999999999
2019-09-27,1.72,1.75,1.76,1.72,92460.0,-0.0282
2019-09-28,0,0,0,0,0,0
2019-09-29,0,0,0,0,0,0
2019-09-30,1.72,1.73,1.75,1.71,366580.0,0.0
2019-10-01,1.65,1.72,1.72,1.62,400380.0,-0.0407
2019-10-02,1.69,1.64,1.7,1.64,402420.0,0.0242
2019-10-03,1.71,1.7,1.72,1.68,157070.0,0.0118
2019-10-04,1.72,1.7,1.72,1.665,126420.0,0.0058
2019-10-05,0,0,0,0,0,0
2019-10-06,0,0,0,0,0,0
2019-10-07,1.71,1.71,1.72,1.69,124810.0,-0.0058
2019-10-08,1.69,1.7,1.7,1.66,82420.0,-0.011699999999999999
2019-10-09,1.7,1.68,1.71,1.67,238690.0,0.0059
2019-10-10,1.85,1.7,1.86,1.67,992360.0,0.0882
2019-10-11,1.76,1.86,1.86,1.75,234510.0,-0.048600000000000004
2019-10-12,0,0,0,0,0,0
2019-10-13,0,0,0,0,0,0
2019-10-14,0,0,0,0,0,0
2019-10-15,1.79,1.79,1.8,1.75,120640.0,0.017
2019-10-16,1.78,1.78,1.79,1.76,89830.0,-0.005600000000000001
2019-10-17,1.8,1.79,1.83,1.79,158720.0,0.011200000000000002
2019-10-18,1.77,1.79,1.79,1.74,124500.0,-0.0167
2019-10-19,0,0,0,0,0,0
2019-10-20,0,0,0,0,0,0
2019-10-21,1.75,1.83,1.83,1.74,213560.0,-0.0113
2019-10-22,1.76,1.79,1.79,1.76,74140.0,0.005699999999999999
2019-10-23,1.84,1.77,1.85,1.76,189380.0,0.0455
2019-10-24,1.79,1.85,1.87,1.78,284020.0,-0.027200000000000002
2019-10-25,1.8,1.8,1.815,1.78,122140.0,0.005600000000000001
2019-10-26,0,0,0,0,0,0
2019-10-27,0,0,0,0,0,0
2019-10-28,1.77,1.83,1.83,1.75,168960.0,-0.0167
2019-10-29,1.74,1.78,1.78,1.73,113250.0,-0.0169
2019-10-30,1.7,1.75,1.77,1.69,161860.0,-0.023
2019-10-31,1.7,1.73,1.74,1.66,215980.0,0.0
2019-11-01,1.73,1.73,1.74,1.71,226280.0,0.0176
2019-11-02,0,0,0,0,0,0
2019-11-03,0,0,0,0,0,0
2019-11-04,1.76,1.81,1.81,1.72,637300.0,0.0173
2019-11-05,1.77,1.76,1.8,1.73,193230.0,0.005699999999999999
2019-11-06,1.78,1.78,1.805,1.72,108580.0,0.005600000000000001
2019-11-07,1.8,1.8,1.82,1.77,136380.0,0.011200000000000002
2019-11-08,1.75,1.76,1.81,1.75,54950.0,-0.0278
2019-11-09,0,0,0,0,0,0
2019-11-10,0,0,0,0,0,0
2019-11-11,1.73,1.78,1.78,1.73,230750.0,-0.011399999999999999
2019-11-12,1.75,1.72,1.77,1.7,137400.0,0.0116
2019-11-13,1.75,1.75,1.75,1.725,92320.0,0.0
2019-11-14,1.75,1.73,1.77,1.72,39860.0,0.0
2019-11-15,1.67,1.73,1.73,1.67,145870.0,-0.045700000000000005
2019-11-16,0,0,0,0,0,0
2019-11-17,0,0,0,0,0,0
2019-11-18,1.64,1.65,1.68,1.64,127180.0,-0.018000000000000002
2019-11-19,1.74,1.63,1.76,1.625,178940.0,0.061
2019-11-20,1.69,1.75,1.79,1.68,207690.0,-0.0287
2019-11-21,1.68,1.7,1.7,1.66,105470.0,-0.0059
2019-11-22,1.68,1.69,1.7,1.67,34700.0,0.0
2019-11-23,0,0,0,0,0,0
2019-11-24,0,0,0,0,0,0
2019-11-25,1.73,1.65,1.74,1.65,164250.0,0.0298
2019-11-26,1.66,1.71,1.72,1.65,199900.0,-0.0405
2019-11-27,1.69,1.65,1.71,1.65,216870.0,0.0181
2019-11-28,1.72,1.66,1.72,1.66,58090.0,0.0178
2019-11-29,1.74,1.66,1.75,1.58,625610.0,0.0116
2019-11-30,0,0,0,0,0,0
2019-12-01,0,0,0,0,0,0
2019-12-02,1.63,1.74,1.74,1.57,548450.0,-0.0632
2019-12-03,1.64,1.64,1.64,1.56,197300.0,0.0060999999999999995
2019-12-04,1.64,1.64,1.65,1.6,101980.0,0.0
2019-12-05,1.58,1.67,1.67,1.565,318420.0,-0.0366
2019-12-06,1.6,1.61,1.61,1.57,421070.0,0.0127
2019-12-07,0,0,0,0,0,0
2019-12-08,0,0,0,0,0,0
2019-12-09,1.56,1.6,1.6,1.525,562070.0,-0.025
2019-12-10,1.55,1.56,1.6,1.55,267990.0,-0.0064
2019-12-11,1.6,1.56,1.65,1.55,640710.0,0.0323
2019-12-12,1.57,1.59,1.65,1.565,791290.0,-0.0187
2019-12-13,1.57,1.59,1.59,1.555,231960.0,0.0
2019-12-14,0,0,0,0,0,0
2019-12-15,0,0,0,0,0,0
2019-12-16,1.57,1.59,1.59,1.57,410850.0,0.0
2019-12-17,1.58,1.59,1.6,1.57,246580.0,0.0064
2019-12-18,1.58,1.59,1.6,1.56,411440.0,0.0
2019-12-19,1.59,1.59,1.6,1.56,360800.0,0.0063
2019-12-20,1.61,1.6,1.63,1.58,616650.0,0.0126
2019-12-21,0,0,0,0,0,0
2019-12-22,0,0,0,0,0,0
2019-12-23,1.59,1.59,1.62,1.56,221340.0,-0.0124
2019-12-24,1.57,1.58,1.59,1.545,254770.0,-0.0126
2019-12-25,0,0,0,0,0,0
2019-12-26,0,0,0,0,0,0
2019-12-27,1.72,1.63,1.73,1.595,712810.0,0.0955
2019-12-28,0,0,0,0,0,0
2019-12-29,0,0,0,0,0,0
2019-12-30,1.64,1.68,1.7,1.63,365300.0,-0.04650000000000001
2019-12-31,1.67,1.65,1.69,1.64,283870.0,0.0183
2020-01-01,0,0,0,0,0,0
2020-01-02,1.62,1.66,1.66,1.59,342580.0,-0.029900000000000003
2020-01-03,1.61,1.63,1.63,1.59,125020.0,-0.0062
2020-01-04,0,0,0,0,0,0
2020-01-05,0,0,0,0,0,0
2020-01-06,1.65,1.64,1.66,1.6,173740.0,0.0248
2020-01-07,1.6,1.67,1.67,1.6,168000.0,-0.030299999999999997
2020-01-08,1.57,1.6,1.6,1.56,458130.0,-0.0187
2020-01-09,1.53,1.58,1.59,1.52,573130.0,-0.0255
2020-01-10,1.55,1.56,1.58,1.53,200230.0,0.0131
2020-01-11,0,0,0,0,0,0
2020-01-12,0,0,0,0,0,0
2020-01-13,1.57,1.58,1.625,1.535,431770.0,0.0129
2020-01-14,1.63,1.6,1.64,1.6,254370.0,0.0382
2020-01-15,1.63,1.66,1.66,1.6,327320.0,0.0
2020-01-16,1.64,1.65,1.67,1.62,355330.0,0.0060999999999999995
2020-01-17,1.66,1.65,1.66,1.63,249190.0,0.012199999999999999
2020-01-18,0,0,0,0,0,0
2020-01-19,0,0,0,0,0,0
2020-01-20,1.63,1.67,1.67,1.62,190210.0,-0.0181
2020-01-21,1.63,1.62,1.65,1.59,209280.0,0.0
2020-01-22,1.6,1.6,1.62,1.58,97080.0,-0.0184
2020-01-23,1.56,1.59,1.61,1.56,175690.0,-0.025
2020-01-24,1.53,1.56,1.57,1.51,283610.0,-0.0192
2020-01-25,0,0,0,0,0,0
2020-01-26,0,0,0,0,0,0
2020-01-27,1.52,1.51,1.54,1.48,329460.0,-0.006500000000000001
2020-01-28,1.43,1.5,1.525,1.43,439820.0,-0.0592
2020-01-29,1.43,1.47,1.48,1.41,658880.0,0.0
2020-01-30,1.42,1.43,1.43,1.37,807260.0,-0.006999999999999999
2020-01-31,1.37,1.42,1.45,1.36,1610000.0,-0.0352
2020-02-01,0,0,0,0,0,0
2020-02-02,0,0,0,0,0,0
2020-02-03,1.39,1.38,1.42,1.38,311200.0,0.0146
2020-02-04,1.43,1.41,1.46,1.41,296600.0,0.0288
2020-02-05,1.52,1.46,1.52,1.44,480690.0,0.0629
2020-02-06,1.47,1.52,1.52,1.44,250180.0,-0.0329
2020-02-07,1.41,1.45,1.5,1.405,407670.0,-0.0408
2020-02-08,0,0,0,0,0,0
2020-02-09,0,0,0,0,0,0
2020-02-10,1.37,1.41,1.42,1.34,899060.0,-0.028399999999999998
2020-02-11,1.39,1.41,1.43,1.37,342620.0,0.0146
2020-02-12,1.51,1.4,1.52,1.39,619910.0,0.0863
2020-02-13,1.55,1.54,1.56,1.51,532610.0,0.0265
2020-02-14,1.51,1.56,1.56,1.5,342950.0,-0.0258
2020-02-15,0,0,0,0,0,0
2020-02-16,0,0,0,0,0,0
2020-02-17,0,0,0,0,0,0
2020-02-18,1.47,1.51,1.52,1.43,425700.0,-0.0265
2020-02-19,1.45,1.48,1.49,1.43,303980.0,-0.013600000000000001
2020-02-20,1.45,1.45,1.49,1.42,198580.0,0.0
2020-02-21,1.47,1.45,1.48,1.4,218630.0,0.0138
2020-02-22,0,0,0,0,0,0
2020-02-23,0,0,0,0,0,0
2020-02-24,1.41,1.43,1.43,1.4,291820.0,-0.0408
2020-02-25,1.37,1.41,1.43,1.33,690610.0,-0.028399999999999998
2020-02-26,1.29,1.35,1.35,1.28,574900.0,-0.0584
2020-02-27,1.25,1.27,1.27,1.18,821000.0,-0.031
2020-02-28,1.19,1.19,1.24,1.15,906330.0,-0.048
2020-02-29,0,0,0,0,0,0
2020-03-01,0,0,0,0,0,0
2020-03-02,1.23,1.2,1.265,1.2,377110.0,0.0336
2020-03-03,1.28,1.25,1.3,1.23,421600.0,0.0407
2020-03-04,1.34,1.31,1.34,1.28,280690.0,0.046900000000000004
2020-03-05,1.27,1.35,1.35,1.24,268010.0,-0.052199999999999996
2020-03-06,1.21,1.28,1.28,1.17,301270.0,-0.0472
2020-03-07,0,0,0,0,0,0
2020-03-08,0,0,0,0,0,0
2020-03-09,1.09,1.1,1.16,1.08,627660.0,-0.0992
2020-03-10,1.12,1.17,1.17,1.04,425530.0,0.0275
2020-03-11,1.0,1.08,1.09,1.0,477180.0,-0.10710000000000001
2020-03-12,0.93,0.91,0.98,0.9,762990.0,-0.07
2020-03-13,1.03,0.97,1.03,0.91,505180.0,0.1075
2020-03-14,0,0,0,0,0,0
2020-03-15,0,0,0,0,0,0
2020-03-16,0.86,0.88,0.97,0.85,581340.0,-0.165
2020-03-17,0.92,0.87,0.96,0.82,656160.0,0.0698
2020-03-18,0.86,0.89,0.89,0.8,365610.0,-0.0652
2020-03-19,0.87,0.84,0.88,0.76,870800.0,0.0116
2020-03-20,0.86,0.9,0.9,0.83,966150.0,-0.0115
2020-03-21,0,0,0,0,0,0
2020-03-22,0,0,0,0,0,0
2020-03-23,0.8,0.85,0.85,0.76,752560.0,-0.0698
2020-03-24,0.94,0.84,0.99,0.8,848300.0,0.175
2020-03-25,1.045,0.94,1.1,0.9,951230.0,0.1117
2020-03-26,1.0,1.06,1.07,0.94,318180.0,-0.0431
2020-03-27,0.91,0.93,0.95,0.89,702220.0,-0.09
2020-03-28,0,0,0,0,0,0
2020-03-29,0,0,0,0,0,0
2020-03-30,1.02,0.96,1.04,0.92,501730.0,0.1209
2020-03-31,1.08,1.02,1.08,1.02,559080.0,0.0588
2020-04-01,1.27,1.12,1.38,1.105,2040000.0,0.1759
2020-04-02,1.3,1.32,1.43,1.27,1110000.0,0.0236
2020-04-03,1.32,1.34,1.34,1.26,623160.0,0.0154
2020-04-04,0,0,0,0,0,0
2020-04-05,0,0,0,0,0,0
2020-04-06,1.3,1.33,1.38,1.27,473950.0,-0.0152
2020-04-07,1.38,1.35,1.43,1.34,2020000.0,0.061500000000000006
2020-04-08,1.33,1.43,1.44,1.32,787290.0,-0.0362
2020-04-09,1.28,1.33,1.39,1.27,1970000.0,-0.037599999999999995
2020-04-10,0,0,0,0,0,0
2020-04-11,0,0,0,0,0,0
2020-04-12,0,0,0,0,0,0
2020-04-13,1.18,1.29,1.31,1.18,1060000.0,-0.0781
2020-04-14,1.43,1.23,1.43,1.23,1120000.0,0.2119
2020-04-15,1.4,1.42,1.43,1.33,1470000.0,-0.021
2020-04-16,1.47,1.43,1.51,1.38,1210000.0,0.05
2020-04-17,1.55,1.49,1.56,1.46,1120000.0,0.054400000000000004
2020-04-18,0,0,0,0,0,0
2020-04-19,0,0,0,0,0,0
2020-04-20,1.75,1.55,1.8,1.51,2590000.0,0.129
2020-04-21,1.62,1.75,1.81,1.59,1590000.0,-0.07429999999999999
2020-04-22,1.67,1.67,1.75,1.59,1200000.0,0.030899999999999997
2020-04-23,1.86,1.7,1.875,1.68,2120000.0,0.11380000000000001
2020-04-24,1.95,1.87,1.97,1.87,1530000.0,0.0484
2020-04-25,0,0,0,0,0,0
2020-04-26,0,0,0,0,0,0
2020-04-27,2.0,1.99,2.025,1.86,1600000.0,0.0256
2020-04-28,1.94,2.02,2.03,1.88,1160000.0,-0.03
2020-04-29,1.8,1.95,1.99,1.79,1390000.0,-0.0722
2020-04-30,1.84,1.78,1.91,1.73,1030000.0,0.0222
2020-05-01,1.88,1.8,1.91,1.78,862080.0,0.0217
2020-05-02,0,0,0,0,0,0
2020-05-03,0,0,0,0,0,0
2020-05-04,2.01,1.88,2.04,1.81,1500000.0,0.0691
2020-05-05,2.03,2.0,2.1,1.95,1240000.0,0.01
2020-05-06,1.92,2.06,2.08,1.9,874520.0,-0.0542
2020-05-07,1.91,1.94,1.99,1.91,657500.0,-0.0052
2020-05-08,1.97,1.93,1.99,1.93,399720.0,0.031400000000000004
2020-05-09,0,0,0,0,0,0
2020-05-10,0,0,0,0,0,0
2020-05-11,2.04,1.95,2.04,1.88,1070000.0,0.0355
2020-05-12,2.0,2.08,2.18,1.98,2590000.0,-0.0196
2020-05-13,1.89,1.99,2.01,1.71,2740000.0,-0.055
2020-05-14,1.81,1.85,1.88,1.79,1110000.0,-0.042300000000000004
2020-05-15,1.83,1.79,1.88,1.78,741860.0,0.011000000000000001
2020-05-16,0,0,0,0,0,0
2020-05-17,0,0,0,0,0,0
2020-05-18,0,0,0,0,0,0
2020-05-19,1.82,1.86,1.86,1.785,727320.0,-0.0055000000000000005
2020-05-20,1.82,1.8,1.82,1.75,786550.0,0.0
2020-05-21,1.89,1.8,1.91,1.8,870370.0,0.0385
2020-05-22,1.91,1.9,1.92,1.84,766170.0,0.0106
2020-05-23,0,0,0,0,0,0
2020-05-24,0,0,0,0,0,0
2020-05-25,1.93,1.91,1.97,1.9,429490.0,0.0105
2020-05-26,1.93,1.97,1.98,1.88,892730.0,0.0
2020-05-27,1.93,1.9,1.93,1.82,876360.0,0.0
2020-05-28,1.91,1.91,1.94,1.86,372610.0,-0.0104
2020-05-29,1.95,1.91,1.95,1.88,777070.0,0.0209
2020-05-30,0,0,0,0,0,0
2020-05-31,0,0,0,0,0,0
2020-06-01,1.93,1.93,2.0,1.91,624790.0,-0.0103
2020-06-02,1.94,1.95,1.98,1.93,325890.0,0.0052
2020-06-03,1.88,1.96,1.96,1.87,404490.0,-0.030899999999999997
2020-06-04,1.91,1.88,1.94,1.84,496280.0,0.016
2020-06-05,2.06,1.92,2.09,1.91,1500000.0,0.0785
2020-06-06,0,0,0,0,0,0
2020-06-07,0,0,0,0,0,0
2020-06-08,2.02,2.07,2.09,2.0,799550.0,-0.0194
2020-06-09,1.97,2.0,2.05,1.95,562040.0,-0.0248
2020-06-10,1.9,1.98,2.02,1.88,839930.0,-0.0355
2020-06-11,1.75,1.87,1.91,1.75,892310.0,-0.0789
2020-06-12,1.77,1.79,1.84,1.73,708400.0,0.011399999999999999
2020-06-13,0,0,0,0,0,0
2020-06-14,0,0,0,0,0,0
2020-06-15,1.79,1.75,1.81,1.73,610280.0,0.0113
2020-06-16,1.74,1.82,1.83,1.74,323040.0,-0.0279
2020-06-17,1.67,1.76,1.77,1.67,595950.0,-0.04019999999999999
2020-06-18,1.7,1.69,1.74,1.66,778460.0,0.018000000000000002
2020-06-19,1.71,1.7,1.75,1.69,404080.0,0.0059
2020-06-20,0,0,0,0,0,0
2020-06-21,0,0,0,0,0,0
2020-06-22,1.7,1.71,1.74,1.66,258860.0,-0.0058
2020-06-23,1.75,1.72,1.8,1.7,427390.0,0.0294
2020-06-24,1.77,1.74,1.8,1.68,399990.0,0.011399999999999999
2020-06-25,1.71,1.75,1.8,1.71,354430.0,-0.0339
2020-06-26,1.76,1.71,1.78,1.7,322480.0,0.0292
2020-06-27,0,0,0,0,0,0
2020-06-28,0,0,0,0,0,0
2020-06-29,1.73,1.77,1.78,1.7,502080.0,-0.017
2020-06-30,1.77,1.77,1.77,1.7,732350.0,0.0231
2020-07-01,0,0,0,0,0,0
2020-07-02,1.83,1.78,1.84,1.75,616650.0,0.0339
2020-07-03,1.8,1.83,1.83,1.79,200440.0,-0.016399999999999998
2020-07-04,0,0,0,0,0,0
2020-07-05,0,0,0,0,0,0
2020-07-06,1.88,1.83,1.9,1.83,353300.0,0.0444
2020-07-07,1.98,1.87,1.99,1.86,552430.0,0.053200000000000004
2020-07-08,1.97,2.0,2.01,1.96,660840.0,-0.0051
2020-07-09,1.93,1.97,1.99,1.9,334830.0,-0.0203
2020-07-10,1.94,1.93,1.95,1.88,363990.0,0.0052
2020-07-11,0,0,0,0,0,0
2020-07-12,0,0,0,0,0,0
2020-07-13,1.89,1.96,1.98,1.89,497140.0,-0.0258
2020-07-14,1.84,1.89,1.89,1.83,732520.0,-0.0265
2020-07-15,2.0,1.86,2.03,1.83,689150.0,0.087
2020-07-16,1.94,1.98,2.04,1.93,704220.0,-0.03
2020-07-17,2.08,1.94,2.08,1.93,752240.0,0.0722
2020-07-18,0,0,0,0,0,0
2020-07-19,0,0,0,0,0,0
2020-07-20,2.19,2.09,2.24,2.09,1330000.0,0.0529
2020-07-21,2.22,2.2,2.315,2.15,840360.0,0.0137
2020-07-22,2.38,2.22,2.41,2.22,1190000.0,0.0721
2020-07-23,2.46,2.42,2.52,2.355,1430000.0,0.0336
2020-07-24,2.46,2.44,2.52,2.37,1130000.0,0.0
2020-07-25,0,0,0,0,0,0
2020-07-26,0,0,0,0,0,0
2020-07-27,2.46,2.45,2.52,2.45,717900.0,0.0
2020-07-28,2.39,2.47,2.51,2.365,632060.0,-0.0285
2020-07-29,2.25,2.35,2.35,2.17,1220000.0,-0.058600000000000006
2020-07-30,2.19,2.25,2.29,2.16,609650.0,-0.026699999999999998
2020-07-31,2.38,2.19,2.41,2.17,1810000.0,0.0868
2020-08-01,0,0,0,0,0,0
2020-08-02,0,0,0,0,0,0
2020-08-03,0,0,0,0,0,0
2020-08-04,2.34,2.5,2.5,2.28,881180.0,-0.0168
2020-08-05,2.37,2.36,2.39,2.28,767010.0,0.0128
2020-08-06,2.31,2.37,2.38,2.24,416720.0,-0.0253
2020-08-07,2.27,2.3,2.32,2.22,324620.0,-0.0173
2020-08-08,0,0,0,0,0,0
2020-08-09,0,0,0,0,0,0
2020-08-10,2.24,2.32,2.32,2.23,209910.0,-0.0132
2020-08-11,2.13,2.26,2.26,2.12,502650.0,-0.049100000000000005
2020-08-12,2.23,2.16,2.3,2.16,369850.0,0.046900000000000004
2020-08-13,2.19,2.23,2.25,2.17,294160.0,-0.0179
2020-08-14,2.16,2.22,2.22,2.13,354430.0,-0.0137
2020-08-15,0,0,0,0,0,0
2020-08-16,0,0,0,0,0,0
2020-08-17,2.27,2.17,2.29,2.17,357040.0,0.0509
2020-08-18,2.21,2.28,2.33,2.18,1320000.0,-0.0264
2020-08-19,2.4,2.22,2.44,2.22,1370000.0,0.086
2020-08-20,2.41,2.43,2.44,2.29,878030.0,0.0042
2020-08-21,2.24,2.38,2.39,2.21,584140.0,-0.0705
2020-08-22,0,0,0,0,0,0
2020-08-23,0,0,0,0,0,0
2020-08-24,2.36,2.27,2.36,2.21,784650.0,0.0536
2020-08-25,2.31,2.35,2.365,2.26,667070.0,-0.0212
2020-08-26,2.54,2.31,2.54,2.31,1060000.0,0.09960000000000001
2020-08-27,2.49,2.56,2.61,2.45,920090.0,-0.0197
2020-08-28,2.6,2.49,2.62,2.49,1050000.0,0.044199999999999996
2020-08-29,0,0,0,0,0,0
2020-08-30,0,0,0,0,0,0
2020-08-31,2.58,2.6,2.61,2.49,1200000.0,-0.0077
2020-09-01,2.47,2.58,2.64,2.39,1530000.0,-0.0426
2020-09-02,2.43,2.47,2.51,2.42,462100.0,-0.016200000000000003
2020-09-03,2.36,2.39,2.45,2.31,820780.0,-0.0288
2020-09-04,2.32,2.4,2.4,2.24,686110.0,-0.0169
2020-09-05,0,0,0,0,0,0
2020-09-06,0,0,0,0,0,0
2020-09-07,0,0,0,0,0,0
2020-09-08,2.26,2.3,2.31,2.2,719820.0,-0.0259
2020-09-09,2.32,2.25,2.34,2.22,508640.0,0.0265
2020-09-10,2.34,2.38,2.42,2.31,712210.0,0.0086
2020-09-11,2.29,2.34,2.35,2.275,326360.0,-0.021400000000000002
2020-09-12,0,0,0,0,0,0
2020-09-13,0,0,0,0,0,0
2020-09-14,2.36,2.32,2.39,2.3,317840.0,0.030600000000000002
2020-09-15,2.36,2.37,2.38,2.31,208890.0,0.0
2020-09-16,2.38,2.39,2.42,2.35,275480.0,0.0085
2020-09-17,2.36,2.34,2.36,2.31,348410.0,-0.0084
2020-09-18,2.33,2.36,2.37,2.32,548820.0,-0.0127
2020-09-19,0,0,0,0,0,0
2020-09-20,0,0,0,0,0,0
2020-09-21,2.21,2.3,2.34,2.21,581620.0,-0.051500000000000004
2020-09-22,2.29,2.23,2.33,2.21,331620.0,0.0362
2020-09-23,2.16,2.3,2.3,2.13,844950.0,-0.056799999999999996
2020-09-24,2.23,2.16,2.26,2.13,727630.0,0.032400000000000005
2020-09-25,2.29,2.22,2.31,2.19,640280.0,0.0269
2020-09-26,0,0,0,0,0,0
2020-09-27,0,0,0,0,0,0
2020-09-28,2.37,2.31,2.37,2.28,217990.0,0.0349
2020-09-29,2.31,2.35,2.35,2.29,271190.0,-0.0253
2020-09-30,2.31,2.31,2.36,2.29,588630.0,0.0
2020-10-01,2.28,2.34,2.34,2.26,392980.0,-0.013000000000000001
2020-10-02,2.27,2.22,2.28,2.18,403470.0,-0.0044
2020-10-03,0,0,0,0,0,0
2020-10-04,0,0,0,0,0,0
2020-10-05,2.28,2.29,2.31,2.26,381770.0,0.0044
2020-10-06,2.24,2.3,2.34,2.24,386580.0,-0.0175
2020-10-07,2.34,2.22,2.35,2.22,408050.0,0.0446
2020-10-08,2.29,2.33,2.38,2.27,355040.0,-0.021400000000000002
2020-10-09,2.27,2.31,2.33,2.24,218470.0,-0.0087
2020-10-10,0,0,0,0,0,0
2020-10-11,0,0,0,0,0,0
2020-10-12,0,0,0,0,0,0
2020-10-13,2.24,2.26,2.27,2.22,322710.0,-0.0132
2020-10-14,2.24,2.22,2.24,2.17,459500.0,0.0
2020-10-15,2.21,2.21,2.25,2.18,714700.0,-0.0134
2020-10-16,2.2,2.22,2.25,2.19,188740.0,-0.0045000000000000005
2020-10-17,0,0,0,0,0,0
2020-10-18,0,0,0,0,0,0
2020-10-19,2.21,2.13,2.24,2.12,511940.0,0.0045000000000000005
2020-10-20,2.31,2.21,2.34,2.2,586230.0,0.0452
2020-10-21,2.37,2.29,2.395,2.28,540270.0,0.026000000000000002
2020-10-22,2.36,2.37,2.38,2.29,522860.0,-0.0042
2020-10-23,2.33,2.36,2.36,2.31,218800.0,-0.0127
2020-10-24,0,0,0,0,0,0
2020-10-25,0,0,0,0,0,0
2020-10-26,2.27,2.34,2.345,2.26,224930.0,-0.0258
2020-10-27,2.235,2.25,2.27,2.23,187330.0,-0.0154
2020-10-28,2.21,2.2,2.21,2.16,261970.00000000003,-0.011200000000000002
2020-10-29,2.2,2.16,2.23,2.16,355850.0,-0.0045000000000000005
2020-10-30,2.23,2.2,2.24,2.19,212940.0,0.013600000000000001
2020-10-31,0,0,0,0,0,0
2020-11-01,0,0,0,0,0,0
2020-11-02,2.22,2.26,2.26,2.21,191490.0,-0.0045000000000000005
2020-11-03,2.21,2.24,2.27,2.2,217550.0,-0.0045000000000000005
2020-11-04,2.2,2.2,2.23,2.18,515570.00000000006,-0.0045000000000000005
2020-11-05,2.29,2.22,2.3,2.2,321510.0,0.0409
2020-11-06,2.22,2.28,2.3,2.21,230280.0,-0.030600000000000002
2020-11-07,0,0,0,0,0,0
2020-11-08,0,0,0,0,0,0
2020-11-09,2.22,2.25,2.31,2.22,345910.0,0.0
2020-11-10,2.4,2.22,2.42,2.22,1080000.0,0.08109999999999999
2020-11-11,2.51,2.36,2.52,2.36,827020.0,0.0458
2020-11-12,2.33,2.51,2.52,2.33,490860.0,-0.0717
2020-11-13,2.4,2.35,2.4,2.32,266780.0,0.03
2020-11-14,0,0,0,0,0,0
2020-11-15,0,0,0,0,0,0
2020-11-16,2.31,2.4,2.4,2.28,408350.0,-0.0375
2020-11-17,2.27,2.3,2.33,2.26,412350.0,-0.0173
2020-11-18,2.26,2.27,2.33,2.25,302120.0,-0.0044
2020-11-19,2.26,2.25,2.27,2.23,309360.0,0.0
2020-11-20,2.21,2.26,2.27,2.2,928540.0,-0.022099999999999998
2020-11-21,0,0,0,0,0,0
2020-11-22,0,0,0,0,0,0
2020-11-23,2.24,2.2,2.26,2.2,789920.0,0.013600000000000001
2020-11-24,2.37,2.25,2.39,2.24,1120000.0,0.057999999999999996
2020-11-25,2.43,2.38,2.45,2.37,474160.0,0.0253
2020-11-26,2.39,2.42,2.44,2.37,125680.0,-0.0165
2020-11-27,2.37,2.38,2.48,2.37,489840.0,-0.0084
2020-11-28,0,0,0,0,0,0
2020-11-29,0,0,0,0,0,0
2020-11-30,2.33,2.38,2.39,2.23,1290000.0,-0.0169
2020-12-01,2.36,2.34,2.42,2.32,640770.0,0.0129
2020-12-02,2.48,2.36,2.48,2.33,985570.0,0.0508
2020-12-03,2.42,2.48,2.54,2.4,962960.0,-0.0242
