2015-01-02,0,0,0,0,0,0
2015-01-03,0,0,0,0,0,0
2015-01-04,0,0,0,0,0,0
2015-01-05,0,0,0,0,0,0
2015-01-06,0,0,0,0,0,0
2015-01-07,0,0,0,0,0,0
2015-01-08,0,0,0,0,0,0
2015-01-09,0,0,0,0,0,0
2015-01-10,0,0,0,0,0,0
2015-01-11,0,0,0,0,0,0
2015-01-12,0,0,0,0,0,0
2015-01-13,0,0,0,0,0,0
2015-01-14,0,0,0,0,0,0
2015-01-15,0,0,0,0,0,0
2015-01-16,0,0,0,0,0,0
2015-01-17,0,0,0,0,0,0
2015-01-18,0,0,0,0,0,0
2015-01-19,0,0,0,0,0,0
2015-01-20,0,0,0,0,0,0
2015-01-21,0,0,0,0,0,0
2015-01-22,0,0,0,0,0,0
2015-01-23,0,0,0,0,0,0
2015-01-24,0,0,0,0,0,0
2015-01-25,0,0,0,0,0,0
2015-01-26,0,0,0,0,0,0
2015-01-27,0,0,0,0,0,0
2015-01-28,0,0,0,0,0,0
2015-01-29,0,0,0,0,0,0
2015-01-30,0,0,0,0,0,0
2015-01-31,0,0,0,0,0,0
2015-02-01,0,0,0,0,0,0
2015-02-02,0,0,0,0,0,0
2015-02-03,0,0,0,0,0,0
2015-02-04,0,0,0,0,0,0
2015-02-05,0,0,0,0,0,0
2015-02-06,0,0,0,0,0,0
2015-02-07,0,0,0,0,0,0
2015-02-08,0,0,0,0,0,0
2015-02-09,0,0,0,0,0,0
2015-02-10,0,0,0,0,0,0
2015-02-11,0,0,0,0,0,0
2015-02-12,0,0,0,0,0,0
2015-02-13,0,0,0,0,0,0
2015-02-14,0,0,0,0,0,0
2015-02-15,0,0,0,0,0,0
2015-02-16,0,0,0,0,0,0
2015-02-17,0,0,0,0,0,0
2015-02-18,0,0,0,0,0,0
2015-02-19,0,0,0,0,0,0
2015-02-20,0,0,0,0,0,0
2015-02-21,0,0,0,0,0,0
2015-02-22,0,0,0,0,0,0
2015-02-23,0,0,0,0,0,0
2015-02-24,0,0,0,0,0,0
2015-02-25,0,0,0,0,0,0
2015-02-26,0,0,0,0,0,0
2015-02-27,0,0,0,0,0,0
2015-02-28,0,0,0,0,0,0
2015-03-01,0,0,0,0,0,0
2015-03-02,0,0,0,0,0,0
2015-03-03,0,0,0,0,0,0
2015-03-04,0,0,0,0,0,0
2015-03-05,0,0,0,0,0,0
2015-03-06,0,0,0,0,0,0
2015-03-07,0,0,0,0,0,0
2015-03-08,0,0,0,0,0,0
2015-03-09,0,0,0,0,0,0
2015-03-10,0,0,0,0,0,0
2015-03-11,0,0,0,0,0,0
2015-03-12,0,0,0,0,0,0
2015-03-13,0,0,0,0,0,0
2015-03-14,0,0,0,0,0,0
2015-03-15,0,0,0,0,0,0
2015-03-16,0,0,0,0,0,0
2015-03-17,0,0,0,0,0,0
2015-03-18,0,0,0,0,0,0
2015-03-19,0,0,0,0,0,0
2015-03-20,0,0,0,0,0,0
2015-03-21,0,0,0,0,0,0
2015-03-22,0,0,0,0,0,0
2015-03-23,0,0,0,0,0,0
2015-03-24,0,0,0,0,0,0
2015-03-25,0,0,0,0,0,0
2015-03-26,0,0,0,0,0,0
2015-03-27,0,0,0,0,0,0
2015-03-28,0,0,0,0,0,0
2015-03-29,0,0,0,0,0,0
2015-03-30,0,0,0,0,0,0
2015-03-31,0,0,0,0,0,0
2015-04-01,0,0,0,0,0,0
2015-04-02,0,0,0,0,0,0
2015-04-03,0,0,0,0,0,0
2015-04-04,0,0,0,0,0,0
2015-04-05,0,0,0,0,0,0
2015-04-06,0,0,0,0,0,0
2015-04-07,0,0,0,0,0,0
2015-04-08,0,0,0,0,0,0
2015-04-09,0,0,0,0,0,0
2015-04-10,0,0,0,0,0,0
2015-04-11,0,0,0,0,0,0
2015-04-12,0,0,0,0,0,0
2015-04-13,0,0,0,0,0,0
2015-04-14,0,0,0,0,0,0
2015-04-15,0,0,0,0,0,0
2015-04-16,0,0,0,0,0,0
2015-04-17,0,0,0,0,0,0
2015-04-18,0,0,0,0,0,0
2015-04-19,0,0,0,0,0,0
2015-04-20,0,0,0,0,0,0
2015-04-21,0,0,0,0,0,0
2015-04-22,0,0,0,0,0,0
2015-04-23,0,0,0,0,0,0
2015-04-24,0,0,0,0,0,0
2015-04-25,0,0,0,0,0,0
2015-04-26,0,0,0,0,0,0
2015-04-27,0,0,0,0,0,0
2015-04-28,0,0,0,0,0,0
2015-04-29,0,0,0,0,0,0
2015-04-30,0,0,0,0,0,0
2015-05-01,0,0,0,0,0,0
2015-05-02,0,0,0,0,0,0
2015-05-03,0,0,0,0,0,0
2015-05-04,0,0,0,0,0,0
2015-05-05,0,0,0,0,0,0
2015-05-06,0,0,0,0,0,0
2015-05-07,0,0,0,0,0,0
2015-05-08,0,0,0,0,0,0
2015-05-09,0,0,0,0,0,0
2015-05-10,0,0,0,0,0,0
2015-05-11,0,0,0,0,0,0
2015-05-12,0,0,0,0,0,0
2015-05-13,0,0,0,0,0,0
2015-05-14,0,0,0,0,0,0
2015-05-15,0,0,0,0,0,0
2015-05-16,0,0,0,0,0,0
2015-05-17,0,0,0,0,0,0
2015-05-18,0,0,0,0,0,0
2015-05-19,0,0,0,0,0,0
2015-05-20,0,0,0,0,0,0
2015-05-21,0,0,0,0,0,0
2015-05-22,0,0,0,0,0,0
2015-05-23,0,0,0,0,0,0
2015-05-24,0,0,0,0,0,0
2015-05-25,0,0,0,0,0,0
2015-05-26,0,0,0,0,0,0
2015-05-27,0,0,0,0,0,0
2015-05-28,0,0,0,0,0,0
2015-05-29,0,0,0,0,0,0
2015-05-30,0,0,0,0,0,0
2015-05-31,0,0,0,0,0,0
2015-06-01,0,0,0,0,0,0
2015-06-02,0,0,0,0,0,0
2015-06-03,0,0,0,0,0,0
2015-06-04,0,0,0,0,0,0
2015-06-05,0,0,0,0,0,0
2015-06-06,0,0,0,0,0,0
2015-06-07,0,0,0,0,0,0
2015-06-08,0,0,0,0,0,0
2015-06-09,0,0,0,0,0,0
2015-06-10,0,0,0,0,0,0
2015-06-11,0,0,0,0,0,0
2015-06-12,0,0,0,0,0,0
2015-06-13,0,0,0,0,0,0
2015-06-14,0,0,0,0,0,0
2015-06-15,0,0,0,0,0,0
2015-06-16,0,0,0,0,0,0
2015-06-17,0,0,0,0,0,0
2015-06-18,0,0,0,0,0,0
2015-06-19,0,0,0,0,0,0
2015-06-20,0,0,0,0,0,0
2015-06-21,0,0,0,0,0,0
2015-06-22,0,0,0,0,0,0
2015-06-23,0,0,0,0,0,0
2015-06-24,0,0,0,0,0,0
2015-06-25,0,0,0,0,0,0
2015-06-26,0,0,0,0,0,0
2015-06-27,0,0,0,0,0,0
2015-06-28,0,0,0,0,0,0
2015-06-29,0,0,0,0,0,0
2015-06-30,0,0,0,0,0,0
2015-07-01,0,0,0,0,0,0
2015-07-02,0,0,0,0,0,0
2015-07-03,0,0,0,0,0,0
2015-07-04,0,0,0,0,0,0
2015-07-05,0,0,0,0,0,0
2015-07-06,0,0,0,0,0,0
2015-07-07,0,0,0,0,0,0
2015-07-08,0,0,0,0,0,0
2015-07-09,0,0,0,0,0,0
2015-07-10,0,0,0,0,0,0
2015-07-11,0,0,0,0,0,0
2015-07-12,0,0,0,0,0,0
2015-07-13,0,0,0,0,0,0
2015-07-14,0,0,0,0,0,0
2015-07-15,0,0,0,0,0,0
2015-07-16,0,0,0,0,0,0
2015-07-17,0,0,0,0,0,0
2015-07-18,0,0,0,0,0,0
2015-07-19,0,0,0,0,0,0
2015-07-20,0,0,0,0,0,0
2015-07-21,0,0,0,0,0,0
2015-07-22,0,0,0,0,0,0
2015-07-23,0,0,0,0,0,0
2015-07-24,0,0,0,0,0,0
2015-07-25,0,0,0,0,0,0
2015-07-26,0,0,0,0,0,0
2015-07-27,0,0,0,0,0,0
2015-07-28,0,0,0,0,0,0
2015-07-29,0,0,0,0,0,0
2015-07-30,0,0,0,0,0,0
2015-07-31,0,0,0,0,0,0
2015-08-01,0,0,0,0,0,0
2015-08-02,0,0,0,0,0,0
2015-08-03,0,0,0,0,0,0
2015-08-04,0,0,0,0,0,0
2015-08-05,0,0,0,0,0,0
2015-08-06,0,0,0,0,0,0
2015-08-07,0,0,0,0,0,0
2015-08-08,0,0,0,0,0,0
2015-08-09,0,0,0,0,0,0
2015-08-10,0,0,0,0,0,0
2015-08-11,0,0,0,0,0,0
2015-08-12,0,0,0,0,0,0
2015-08-13,0,0,0,0,0,0
2015-08-14,0,0,0,0,0,0
2015-08-15,0,0,0,0,0,0
2015-08-16,0,0,0,0,0,0
2015-08-17,0,0,0,0,0,0
2015-08-18,0,0,0,0,0,0
2015-08-19,0,0,0,0,0,0
2015-08-20,0,0,0,0,0,0
2015-08-21,0,0,0,0,0,0
2015-08-22,0,0,0,0,0,0
2015-08-23,0,0,0,0,0,0
2015-08-24,0,0,0,0,0,0
2015-08-25,0,0,0,0,0,0
2015-08-26,0,0,0,0,0,0
2015-08-27,0,0,0,0,0,0
2015-08-28,0,0,0,0,0,0
2015-08-29,0,0,0,0,0,0
2015-08-30,0,0,0,0,0,0
2015-08-31,0,0,0,0,0,0
2015-09-01,0,0,0,0,0,0
2015-09-02,0,0,0,0,0,0
2015-09-03,0,0,0,0,0,0
2015-09-04,0,0,0,0,0,0
2015-09-05,0,0,0,0,0,0
2015-09-06,0,0,0,0,0,0
2015-09-07,0,0,0,0,0,0
2015-09-08,0,0,0,0,0,0
2015-09-09,0,0,0,0,0,0
2015-09-10,0,0,0,0,0,0
2015-09-11,0,0,0,0,0,0
2015-09-12,0,0,0,0,0,0
2015-09-13,0,0,0,0,0,0
2015-09-14,0,0,0,0,0,0
2015-09-15,0,0,0,0,0,0
2015-09-16,0,0,0,0,0,0
2015-09-17,0,0,0,0,0,0
2015-09-18,0,0,0,0,0,0
2015-09-19,0,0,0,0,0,0
2015-09-20,0,0,0,0,0,0
2015-09-21,0,0,0,0,0,0
2015-09-22,0,0,0,0,0,0
2015-09-23,0,0,0,0,0,0
2015-09-24,0,0,0,0,0,0
2015-09-25,0,0,0,0,0,0
2015-09-26,0,0,0,0,0,0
2015-09-27,0,0,0,0,0,0
2015-09-28,0,0,0,0,0,0
2015-09-29,0,0,0,0,0,0
2015-09-30,0,0,0,0,0,0
2015-10-01,0,0,0,0,0,0
2015-10-02,0,0,0,0,0,0
2015-10-03,0,0,0,0,0,0
2015-10-04,0,0,0,0,0,0
2015-10-05,0,0,0,0,0,0
2015-10-06,0,0,0,0,0,0
2015-10-07,0,0,0,0,0,0
2015-10-08,0,0,0,0,0,0
2015-10-09,0,0,0,0,0,0
2015-10-10,0,0,0,0,0,0
2015-10-11,0,0,0,0,0,0
2015-10-12,0,0,0,0,0,0
2015-10-13,0,0,0,0,0,0
2015-10-14,0,0,0,0,0,0
2015-10-15,0,0,0,0,0,0
2015-10-16,0,0,0,0,0,0
2015-10-17,0,0,0,0,0,0
2015-10-18,0,0,0,0,0,0
2015-10-19,0,0,0,0,0,0
2015-10-20,0,0,0,0,0,0
2015-10-21,0,0,0,0,0,0
2015-10-22,0,0,0,0,0,0
2015-10-23,0,0,0,0,0,0
2015-10-24,0,0,0,0,0,0
2015-10-25,0,0,0,0,0,0
2015-10-26,0,0,0,0,0,0
2015-10-27,0,0,0,0,0,0
2015-10-28,0,0,0,0,0,0
2015-10-29,0,0,0,0,0,0
2015-10-30,0,0,0,0,0,0
2015-10-31,0,0,0,0,0,0
2015-11-01,0,0,0,0,0,0
2015-11-02,0,0,0,0,0,0
2015-11-03,0,0,0,0,0,0
2015-11-04,0,0,0,0,0,0
2015-11-05,0,0,0,0,0,0
2015-11-06,0,0,0,0,0,0
2015-11-07,0,0,0,0,0,0
2015-11-08,0,0,0,0,0,0
2015-11-09,0,0,0,0,0,0
2015-11-10,0,0,0,0,0,0
2015-11-11,0,0,0,0,0,0
2015-11-12,0,0,0,0,0,0
2015-11-13,0,0,0,0,0,0
2015-11-14,0,0,0,0,0,0
2015-11-15,0,0,0,0,0,0
2015-11-16,0,0,0,0,0,0
2015-11-17,0,0,0,0,0,0
2015-11-18,0,0,0,0,0,0
2015-11-19,0,0,0,0,0,0
2015-11-20,0,0,0,0,0,0
2015-11-21,0,0,0,0,0,0
2015-11-22,0,0,0,0,0,0
2015-11-23,0,0,0,0,0,0
2015-11-24,0,0,0,0,0,0
2015-11-25,0,0,0,0,0,0
2015-11-26,0,0,0,0,0,0
2015-11-27,0,0,0,0,0,0
2015-11-28,0,0,0,0,0,0
2015-11-29,0,0,0,0,0,0
2015-11-30,0,0,0,0,0,0
2015-12-01,0,0,0,0,0,0
2015-12-02,0,0,0,0,0,0
2015-12-03,0,0,0,0,0,0
2015-12-04,0,0,0,0,0,0
2015-12-05,0,0,0,0,0,0
2015-12-06,0,0,0,0,0,0
2015-12-07,0,0,0,0,0,0
2015-12-08,0,0,0,0,0,0
2015-12-09,0,0,0,0,0,0
2015-12-10,0,0,0,0,0,0
2015-12-11,0,0,0,0,0,0
2015-12-12,0,0,0,0,0,0
2015-12-13,0,0,0,0,0,0
2015-12-14,0,0,0,0,0,0
2015-12-15,0,0,0,0,0,0
2015-12-16,0,0,0,0,0,0
2015-12-17,0,0,0,0,0,0
2015-12-18,0,0,0,0,0,0
2015-12-19,0,0,0,0,0,0
2015-12-20,0,0,0,0,0,0
2015-12-21,0,0,0,0,0,0
2015-12-22,0,0,0,0,0,0
2015-12-23,0,0,0,0,0,0
2015-12-24,0,0,0,0,0,0
2015-12-25,0,0,0,0,0,0
2015-12-26,0,0,0,0,0,0
2015-12-27,0,0,0,0,0,0
2015-12-28,0,0,0,0,0,0
2015-12-29,0,0,0,0,0,0
2015-12-30,0,0,0,0,0,0
2015-12-31,0,0,0,0,0,0
2016-01-01,0,0,0,0,0,0
2016-01-02,0,0,0,0,0,0
2016-01-03,0,0,0,0,0,0
2016-01-04,0,0,0,0,0,0
2016-01-05,0,0,0,0,0,0
2016-01-06,0,0,0,0,0,0
2016-01-07,0,0,0,0,0,0
2016-01-08,0,0,0,0,0,0
2016-01-09,0,0,0,0,0,0
2016-01-10,0,0,0,0,0,0
2016-01-11,0,0,0,0,0,0
2016-01-12,0,0,0,0,0,0
2016-01-13,0,0,0,0,0,0
2016-01-14,0,0,0,0,0,0
2016-01-15,0,0,0,0,0,0
2016-01-16,0,0,0,0,0,0
2016-01-17,0,0,0,0,0,0
2016-01-18,0,0,0,0,0,0
2016-01-19,0,0,0,0,0,0
2016-01-20,0,0,0,0,0,0
2016-01-21,0,0,0,0,0,0
2016-01-22,0,0,0,0,0,0
2016-01-23,0,0,0,0,0,0
2016-01-24,0,0,0,0,0,0
2016-01-25,0,0,0,0,0,0
2016-01-26,0,0,0,0,0,0
2016-01-27,0,0,0,0,0,0
2016-01-28,0,0,0,0,0,0
2016-01-29,0,0,0,0,0,0
2016-01-30,0,0,0,0,0,0
2016-01-31,0,0,0,0,0,0
2016-02-01,0,0,0,0,0,0
2016-02-02,0,0,0,0,0,0
2016-02-03,0,0,0,0,0,0
2016-02-04,0,0,0,0,0,0
2016-02-05,0,0,0,0,0,0
2016-02-06,0,0,0,0,0,0
2016-02-07,0,0,0,0,0,0
2016-02-08,0,0,0,0,0,0
2016-02-09,0,0,0,0,0,0
2016-02-10,0,0,0,0,0,0
2016-02-11,0,0,0,0,0,0
2016-02-12,0,0,0,0,0,0
2016-02-13,0,0,0,0,0,0
2016-02-14,0,0,0,0,0,0
2016-02-15,0,0,0,0,0,0
2016-02-16,0,0,0,0,0,0
2016-02-17,0,0,0,0,0,0
2016-02-18,0,0,0,0,0,0
2016-02-19,0,0,0,0,0,0
2016-02-20,0,0,0,0,0,0
2016-02-21,0,0,0,0,0,0
2016-02-22,0,0,0,0,0,0
2016-02-23,0,0,0,0,0,0
2016-02-24,0,0,0,0,0,0
2016-02-25,0,0,0,0,0,0
2016-02-26,0,0,0,0,0,0
2016-02-27,0,0,0,0,0,0
2016-02-28,0,0,0,0,0,0
2016-02-29,0,0,0,0,0,0
2016-03-01,0,0,0,0,0,0
2016-03-02,0,0,0,0,0,0
2016-03-03,0,0,0,0,0,0
2016-03-04,0,0,0,0,0,0
2016-03-05,0,0,0,0,0,0
2016-03-06,0,0,0,0,0,0
2016-03-07,0,0,0,0,0,0
2016-03-08,0,0,0,0,0,0
2016-03-09,0,0,0,0,0,0
2016-03-10,0,0,0,0,0,0
2016-03-11,0,0,0,0,0,0
2016-03-12,0,0,0,0,0,0
2016-03-13,0,0,0,0,0,0
2016-03-14,0,0,0,0,0,0
2016-03-15,0,0,0,0,0,0
2016-03-16,0,0,0,0,0,0
2016-03-17,0,0,0,0,0,0
2016-03-18,0,0,0,0,0,0
2016-03-19,0,0,0,0,0,0
2016-03-20,0,0,0,0,0,0
2016-03-21,0,0,0,0,0,0
2016-03-22,0,0,0,0,0,0
2016-03-23,0,0,0,0,0,0
2016-03-24,0,0,0,0,0,0
2016-03-25,0,0,0,0,0,0
2016-03-26,0,0,0,0,0,0
2016-03-27,0,0,0,0,0,0
2016-03-28,0,0,0,0,0,0
2016-03-29,0,0,0,0,0,0
2016-03-30,0,0,0,0,0,0
2016-03-31,0,0,0,0,0,0
2016-04-01,0,0,0,0,0,0
2016-04-02,0,0,0,0,0,0
2016-04-03,0,0,0,0,0,0
2016-04-04,0,0,0,0,0,0
2016-04-05,0,0,0,0,0,0
2016-04-06,0,0,0,0,0,0
2016-04-07,0,0,0,0,0,0
2016-04-08,0,0,0,0,0,0
2016-04-09,0,0,0,0,0,0
2016-04-10,0,0,0,0,0,0
2016-04-11,0,0,0,0,0,0
2016-04-12,0,0,0,0,0,0
2016-04-13,0,0,0,0,0,0
2016-04-14,0,0,0,0,0,0
2016-04-15,0,0,0,0,0,0
2016-04-16,0,0,0,0,0,0
2016-04-17,0,0,0,0,0,0
2016-04-18,0,0,0,0,0,0
2016-04-19,0,0,0,0,0,0
2016-04-20,0,0,0,0,0,0
2016-04-21,0,0,0,0,0,0
2016-04-22,0,0,0,0,0,0
2016-04-23,0,0,0,0,0,0
2016-04-24,0,0,0,0,0,0
2016-04-25,0,0,0,0,0,0
2016-04-26,0,0,0,0,0,0
2016-04-27,0,0,0,0,0,0
2016-04-28,0,0,0,0,0,0
2016-04-29,0,0,0,0,0,0
2016-04-30,0,0,0,0,0,0
2016-05-01,0,0,0,0,0,0
2016-05-02,0,0,0,0,0,0
2016-05-03,0,0,0,0,0,0
2016-05-04,0,0,0,0,0,0
2016-05-05,0,0,0,0,0,0
2016-05-06,0,0,0,0,0,0
2016-05-07,0,0,0,0,0,0
2016-05-08,0,0,0,0,0,0
2016-05-09,0,0,0,0,0,0
2016-05-10,0,0,0,0,0,0
2016-05-11,0,0,0,0,0,0
2016-05-12,0,0,0,0,0,0
2016-05-13,0,0,0,0,0,0
2016-05-14,0,0,0,0,0,0
2016-05-15,0,0,0,0,0,0
2016-05-16,0,0,0,0,0,0
2016-05-17,0,0,0,0,0,0
2016-05-18,0,0,0,0,0,0
2016-05-19,0,0,0,0,0,0
2016-05-20,0,0,0,0,0,0
2016-05-21,0,0,0,0,0,0
2016-05-22,0,0,0,0,0,0
2016-05-23,0,0,0,0,0,0
2016-05-24,0,0,0,0,0,0
2016-05-25,0,0,0,0,0,0
2016-05-26,0,0,0,0,0,0
2016-05-27,0,0,0,0,0,0
2016-05-28,0,0,0,0,0,0
2016-05-29,0,0,0,0,0,0
2016-05-30,0,0,0,0,0,0
2016-05-31,0,0,0,0,0,0
2016-06-01,0,0,0,0,0,0
2016-06-02,0,0,0,0,0,0
2016-06-03,0,0,0,0,0,0
2016-06-04,0,0,0,0,0,0
2016-06-05,0,0,0,0,0,0
2016-06-06,0,0,0,0,0,0
2016-06-07,0,0,0,0,0,0
2016-06-08,0,0,0,0,0,0
2016-06-09,0,0,0,0,0,0
2016-06-10,0,0,0,0,0,0
2016-06-11,0,0,0,0,0,0
2016-06-12,0,0,0,0,0,0
2016-06-13,0,0,0,0,0,0
2016-06-14,0,0,0,0,0,0
2016-06-15,0,0,0,0,0,0
2016-06-16,0,0,0,0,0,0
2016-06-17,0,0,0,0,0,0
2016-06-18,0,0,0,0,0,0
2016-06-19,0,0,0,0,0,0
2016-06-20,0,0,0,0,0,0
2016-06-21,0,0,0,0,0,0
2016-06-22,0,0,0,0,0,0
2016-06-23,0,0,0,0,0,0
2016-06-24,0,0,0,0,0,0
2016-06-25,0,0,0,0,0,0
2016-06-26,0,0,0,0,0,0
2016-06-27,0,0,0,0,0,0
2016-06-28,0,0,0,0,0,0
2016-06-29,0,0,0,0,0,0
2016-06-30,0,0,0,0,0,0
2016-07-01,0,0,0,0,0,0
2016-07-02,0,0,0,0,0,0
2016-07-03,0,0,0,0,0,0
2016-07-04,0,0,0,0,0,0
2016-07-05,0,0,0,0,0,0
2016-07-06,0,0,0,0,0,0
2016-07-07,0,0,0,0,0,0
2016-07-08,0,0,0,0,0,0
2016-07-09,0,0,0,0,0,0
2016-07-10,0,0,0,0,0,0
2016-07-11,0,0,0,0,0,0
2016-07-12,0,0,0,0,0,0
2016-07-13,0,0,0,0,0,0
2016-07-14,0,0,0,0,0,0
2016-07-15,0,0,0,0,0,0
2016-07-16,0,0,0,0,0,0
2016-07-17,0,0,0,0,0,0
2016-07-18,0,0,0,0,0,0
2016-07-19,0,0,0,0,0,0
2016-07-20,0,0,0,0,0,0
2016-07-21,0,0,0,0,0,0
2016-07-22,0,0,0,0,0,0
2016-07-23,0,0,0,0,0,0
2016-07-24,0,0,0,0,0,0
2016-07-25,0,0,0,0,0,0
2016-07-26,0,0,0,0,0,0
2016-07-27,0,0,0,0,0,0
2016-07-28,0,0,0,0,0,0
2016-07-29,0,0,0,0,0,0
2016-07-30,0,0,0,0,0,0
2016-07-31,0,0,0,0,0,0
2016-08-01,0,0,0,0,0,0
2016-08-02,0,0,0,0,0,0
2016-08-03,0,0,0,0,0,0
2016-08-04,0,0,0,0,0,0
2016-08-05,0,0,0,0,0,0
2016-08-06,0,0,0,0,0,0
2016-08-07,0,0,0,0,0,0
2016-08-08,0,0,0,0,0,0
2016-08-09,0,0,0,0,0,0
2016-08-10,0,0,0,0,0,0
2016-08-11,0,0,0,0,0,0
2016-08-12,0,0,0,0,0,0
2016-08-13,0,0,0,0,0,0
2016-08-14,0,0,0,0,0,0
2016-08-15,0,0,0,0,0,0
2016-08-16,0,0,0,0,0,0
2016-08-17,0,0,0,0,0,0
2016-08-18,0,0,0,0,0,0
2016-08-19,0,0,0,0,0,0
2016-08-20,0,0,0,0,0,0
2016-08-21,0,0,0,0,0,0
2016-08-22,0,0,0,0,0,0
2016-08-23,0,0,0,0,0,0
2016-08-24,0,0,0,0,0,0
2016-08-25,0,0,0,0,0,0
2016-08-26,0,0,0,0,0,0
2016-08-27,0,0,0,0,0,0
2016-08-28,0,0,0,0,0,0
2016-08-29,0,0,0,0,0,0
2016-08-30,0,0,0,0,0,0
2016-08-31,0,0,0,0,0,0
2016-09-01,0,0,0,0,0,0
2016-09-02,0,0,0,0,0,0
2016-09-03,0,0,0,0,0,0
2016-09-04,0,0,0,0,0,0
2016-09-05,0,0,0,0,0,0
2016-09-06,0,0,0,0,0,0
2016-09-07,0,0,0,0,0,0
2016-09-08,0,0,0,0,0,0
2016-09-09,0,0,0,0,0,0
2016-09-10,0,0,0,0,0,0
2016-09-11,0,0,0,0,0,0
2016-09-12,0,0,0,0,0,0
2016-09-13,0,0,0,0,0,0
2016-09-14,0,0,0,0,0,0
2016-09-15,0,0,0,0,0,0
2016-09-16,0,0,0,0,0,0
2016-09-17,0,0,0,0,0,0
2016-09-18,0,0,0,0,0,0
2016-09-19,0,0,0,0,0,0
2016-09-20,0,0,0,0,0,0
2016-09-21,0,0,0,0,0,0
2016-09-22,0,0,0,0,0,0
2016-09-23,0,0,0,0,0,0
2016-09-24,0,0,0,0,0,0
2016-09-25,0,0,0,0,0,0
2016-09-26,0,0,0,0,0,0
2016-09-27,0,0,0,0,0,0
2016-09-28,0,0,0,0,0,0
2016-09-29,0,0,0,0,0,0
2016-09-30,0,0,0,0,0,0
2016-10-01,0,0,0,0,0,0
2016-10-02,0,0,0,0,0,0
2016-10-03,0,0,0,0,0,0
2016-10-04,0,0,0,0,0,0
2016-10-05,0,0,0,0,0,0
2016-10-06,0,0,0,0,0,0
2016-10-07,0,0,0,0,0,0
2016-10-08,0,0,0,0,0,0
2016-10-09,0,0,0,0,0,0
2016-10-10,0,0,0,0,0,0
2016-10-11,0,0,0,0,0,0
2016-10-12,0,0,0,0,0,0
2016-10-13,0,0,0,0,0,0
2016-10-14,0,0,0,0,0,0
2016-10-15,0,0,0,0,0,0
2016-10-16,0,0,0,0,0,0
2016-10-17,0,0,0,0,0,0
2016-10-18,0,0,0,0,0,0
2016-10-19,0,0,0,0,0,0
2016-10-20,0,0,0,0,0,0
2016-10-21,0,0,0,0,0,0
2016-10-22,0,0,0,0,0,0
2016-10-23,0,0,0,0,0,0
2016-10-24,0,0,0,0,0,0
2016-10-25,0,0,0,0,0,0
2016-10-26,0,0,0,0,0,0
2016-10-27,0,0,0,0,0,0
2016-10-28,0,0,0,0,0,0
2016-10-29,0,0,0,0,0,0
2016-10-30,0,0,0,0,0,0
2016-10-31,0,0,0,0,0,0
2016-11-01,0,0,0,0,0,0
2016-11-02,0,0,0,0,0,0
2016-11-03,0,0,0,0,0,0
2016-11-04,0,0,0,0,0,0
2016-11-05,0,0,0,0,0,0
2016-11-06,0,0,0,0,0,0
2016-11-07,0,0,0,0,0,0
2016-11-08,0,0,0,0,0,0
2016-11-09,0,0,0,0,0,0
2016-11-10,0,0,0,0,0,0
2016-11-11,0,0,0,0,0,0
2016-11-12,0,0,0,0,0,0
2016-11-13,0,0,0,0,0,0
2016-11-14,0,0,0,0,0,0
2016-11-15,0,0,0,0,0,0
2016-11-16,0,0,0,0,0,0
2016-11-17,0,0,0,0,0,0
2016-11-18,0,0,0,0,0,0
2016-11-19,0,0,0,0,0,0
2016-11-20,0,0,0,0,0,0
2016-11-21,0,0,0,0,0,0
2016-11-22,0,0,0,0,0,0
2016-11-23,0,0,0,0,0,0
2016-11-24,0,0,0,0,0,0
2016-11-25,0,0,0,0,0,0
2016-11-26,0,0,0,0,0,0
2016-11-27,0,0,0,0,0,0
2016-11-28,0,0,0,0,0,0
2016-11-29,0,0,0,0,0,0
2016-11-30,0,0,0,0,0,0
2016-12-01,0,0,0,0,0,0
2016-12-02,0,0,0,0,0,0
2016-12-03,0,0,0,0,0,0
2016-12-04,0,0,0,0,0,0
2016-12-05,0,0,0,0,0,0
2016-12-06,0,0,0,0,0,0
2016-12-07,0,0,0,0,0,0
2016-12-08,0,0,0,0,0,0
2016-12-09,0,0,0,0,0,0
2016-12-10,0,0,0,0,0,0
2016-12-11,0,0,0,0,0,0
2016-12-12,0,0,0,0,0,0
2016-12-13,0,0,0,0,0,0
2016-12-14,0,0,0,0,0,0
2016-12-15,0,0,0,0,0,0
2016-12-16,0,0,0,0,0,0
2016-12-17,0,0,0,0,0,0
2016-12-18,0,0,0,0,0,0
2016-12-19,0,0,0,0,0,0
2016-12-20,0,0,0,0,0,0
2016-12-21,0,0,0,0,0,0
2016-12-22,0,0,0,0,0,0
2016-12-23,0,0,0,0,0,0
2016-12-24,0,0,0,0,0,0
2016-12-25,0,0,0,0,0,0
2016-12-26,0,0,0,0,0,0
2016-12-27,0,0,0,0,0,0
2016-12-28,0,0,0,0,0,0
2016-12-29,0,0,0,0,0,0
2016-12-30,0,0,0,0,0,0
2016-12-31,0,0,0,0,0,0
2017-01-01,0,0,0,0,0,0
2017-01-02,0,0,0,0,0,0
2017-01-03,0,0,0,0,0,0
2017-01-04,0,0,0,0,0,0
2017-01-05,0,0,0,0,0,0
2017-01-06,0,0,0,0,0,0
2017-01-07,0,0,0,0,0,0
2017-01-08,0,0,0,0,0,0
2017-01-09,0,0,0,0,0,0
2017-01-10,0,0,0,0,0,0
2017-01-11,0,0,0,0,0,0
2017-01-12,0,0,0,0,0,0
2017-01-13,0,0,0,0,0,0
2017-01-14,0,0,0,0,0,0
2017-01-15,0,0,0,0,0,0
2017-01-16,0,0,0,0,0,0
2017-01-17,0,0,0,0,0,0
2017-01-18,0,0,0,0,0,0
2017-01-19,0,0,0,0,0,0
2017-01-20,0,0,0,0,0,0
2017-01-21,0,0,0,0,0,0
2017-01-22,0,0,0,0,0,0
2017-01-23,0,0,0,0,0,0
2017-01-24,0,0,0,0,0,0
2017-01-25,0,0,0,0,0,0
2017-01-26,0,0,0,0,0,0
2017-01-27,0,0,0,0,0,0
2017-01-28,0,0,0,0,0,0
2017-01-29,0,0,0,0,0,0
2017-01-30,0,0,0,0,0,0
2017-01-31,0,0,0,0,0,0
2017-02-01,0,0,0,0,0,0
2017-02-02,0,0,0,0,0,0
2017-02-03,0,0,0,0,0,0
2017-02-04,0,0,0,0,0,0
2017-02-05,0,0,0,0,0,0
2017-02-06,0,0,0,0,0,0
2017-02-07,0,0,0,0,0,0
2017-02-08,0,0,0,0,0,0
2017-02-09,0,0,0,0,0,0
2017-02-10,0,0,0,0,0,0
2017-02-11,0,0,0,0,0,0
2017-02-12,0,0,0,0,0,0
2017-02-13,0,0,0,0,0,0
2017-02-14,0,0,0,0,0,0
2017-02-15,0,0,0,0,0,0
2017-02-16,0,0,0,0,0,0
2017-02-17,0,0,0,0,0,0
2017-02-18,0,0,0,0,0,0
2017-02-19,0,0,0,0,0,0
2017-02-20,0,0,0,0,0,0
2017-02-21,0,0,0,0,0,0
2017-02-22,0,0,0,0,0,0
2017-02-23,0,0,0,0,0,0
2017-02-24,0,0,0,0,0,0
2017-02-25,0,0,0,0,0,0
2017-02-26,0,0,0,0,0,0
2017-02-27,0,0,0,0,0,0
2017-02-28,0,0,0,0,0,0
2017-03-01,0,0,0,0,0,0
2017-03-02,0,0,0,0,0,0
2017-03-03,0,0,0,0,0,0
2017-03-04,0,0,0,0,0,0
2017-03-05,0,0,0,0,0,0
2017-03-06,0,0,0,0,0,0
2017-03-07,0,0,0,0,0,0
2017-03-08,0,0,0,0,0,0
2017-03-09,0,0,0,0,0,0
2017-03-10,0,0,0,0,0,0
2017-03-11,0,0,0,0,0,0
2017-03-12,0,0,0,0,0,0
2017-03-13,0,0,0,0,0,0
2017-03-14,0,0,0,0,0,0
2017-03-15,0,0,0,0,0,0
2017-03-16,0,0,0,0,0,0
2017-03-17,0,0,0,0,0,0
2017-03-18,0,0,0,0,0,0
2017-03-19,0,0,0,0,0,0
2017-03-20,0,0,0,0,0,0
2017-03-21,0,0,0,0,0,0
2017-03-22,0,0,0,0,0,0
2017-03-23,0,0,0,0,0,0
2017-03-24,0,0,0,0,0,0
2017-03-25,0,0,0,0,0,0
2017-03-26,0,0,0,0,0,0
2017-03-27,0,0,0,0,0,0
2017-03-28,0,0,0,0,0,0
2017-03-29,0,0,0,0,0,0
2017-03-30,0,0,0,0,0,0
2017-03-31,0,0,0,0,0,0
2017-04-01,0,0,0,0,0,0
2017-04-02,0,0,0,0,0,0
2017-04-03,0,0,0,0,0,0
2017-04-04,0,0,0,0,0,0
2017-04-05,0,0,0,0,0,0
2017-04-06,0,0,0,0,0,0
2017-04-07,0,0,0,0,0,0
2017-04-08,0,0,0,0,0,0
2017-04-09,0,0,0,0,0,0
2017-04-10,0,0,0,0,0,0
2017-04-11,0,0,0,0,0,0
2017-04-12,0,0,0,0,0,0
2017-04-13,0,0,0,0,0,0
2017-04-14,0,0,0,0,0,0
2017-04-15,0,0,0,0,0,0
2017-04-16,0,0,0,0,0,0
2017-04-17,0,0,0,0,0,0
2017-04-18,0,0,0,0,0,0
2017-04-19,0,0,0,0,0,0
2017-04-20,0,0,0,0,0,0
2017-04-21,0,0,0,0,0,0
2017-04-22,0,0,0,0,0,0
2017-04-23,0,0,0,0,0,0
2017-04-24,0,0,0,0,0,0
2017-04-25,0,0,0,0,0,0
2017-04-26,0,0,0,0,0,0
2017-04-27,0,0,0,0,0,0
2017-04-28,0,0,0,0,0,0
2017-04-29,0,0,0,0,0,0
2017-04-30,0,0,0,0,0,0
2017-05-01,0,0,0,0,0,0
2017-05-02,0,0,0,0,0,0
2017-05-03,0,0,0,0,0,0
2017-05-04,0,0,0,0,0,0
2017-05-05,0,0,0,0,0,0
2017-05-06,0,0,0,0,0,0
2017-05-07,0,0,0,0,0,0
2017-05-08,0,0,0,0,0,0
2017-05-09,0,0,0,0,0,0
2017-05-10,0,0,0,0,0,0
2017-05-11,0,0,0,0,0,0
2017-05-12,0,0,0,0,0,0
2017-05-13,0,0,0,0,0,0
2017-05-14,0,0,0,0,0,0
2017-05-15,0,0,0,0,0,0
2017-05-16,0,0,0,0,0,0
2017-05-17,0,0,0,0,0,0
2017-05-18,0,0,0,0,0,0
2017-05-19,0,0,0,0,0,0
2017-05-20,0,0,0,0,0,0
2017-05-21,0,0,0,0,0,0
2017-05-22,0,0,0,0,0,0
2017-05-23,0,0,0,0,0,0
2017-05-24,0,0,0,0,0,0
2017-05-25,0,0,0,0,0,0
2017-05-26,0,0,0,0,0,0
2017-05-27,0,0,0,0,0,0
2017-05-28,0,0,0,0,0,0
2017-05-29,0,0,0,0,0,0
2017-05-30,0,0,0,0,0,0
2017-05-31,0,0,0,0,0,0
2017-06-01,0,0,0,0,0,0
2017-06-02,0,0,0,0,0,0
2017-06-03,0,0,0,0,0,0
2017-06-04,0,0,0,0,0,0
2017-06-05,0,0,0,0,0,0
2017-06-06,0,0,0,0,0,0
2017-06-07,0,0,0,0,0,0
2017-06-08,0,0,0,0,0,0
2017-06-09,0,0,0,0,0,0
2017-06-10,0,0,0,0,0,0
2017-06-11,0,0,0,0,0,0
2017-06-12,0,0,0,0,0,0
2017-06-13,0,0,0,0,0,0
2017-06-14,0,0,0,0,0,0
2017-06-15,0,0,0,0,0,0
2017-06-16,0,0,0,0,0,0
2017-06-17,0,0,0,0,0,0
2017-06-18,0,0,0,0,0,0
2017-06-19,0,0,0,0,0,0
2017-06-20,0,0,0,0,0,0
2017-06-21,0,0,0,0,0,0
2017-06-22,0,0,0,0,0,0
2017-06-23,0,0,0,0,0,0
2017-06-24,0,0,0,0,0,0
2017-06-25,0,0,0,0,0,0
2017-06-26,0,0,0,0,0,0
2017-06-27,0,0,0,0,0,0
2017-06-28,0,0,0,0,0,0
2017-06-29,0,0,0,0,0,0
2017-06-30,0,0,0,0,0,0
2017-07-01,0,0,0,0,0,0
2017-07-02,0,0,0,0,0,0
2017-07-03,0,0,0,0,0,0
2017-07-04,0,0,0,0,0,0
2017-07-05,0,0,0,0,0,0
2017-07-06,0,0,0,0,0,0
2017-07-07,0,0,0,0,0,0
2017-07-08,0,0,0,0,0,0
2017-07-09,0,0,0,0,0,0
2017-07-10,0,0,0,0,0,0
2017-07-11,0,0,0,0,0,0
2017-07-12,0,0,0,0,0,0
2017-07-13,0,0,0,0,0,0
2017-07-14,0,0,0,0,0,0
2017-07-15,0,0,0,0,0,0
2017-07-16,0,0,0,0,0,0
2017-07-17,0,0,0,0,0,0
2017-07-18,0,0,0,0,0,0
2017-07-19,0,0,0,0,0,0
2017-07-20,0,0,0,0,0,0
2017-07-21,0,0,0,0,0,0
2017-07-22,0,0,0,0,0,0
2017-07-23,0,0,0,0,0,0
2017-07-24,0,0,0,0,0,0
2017-07-25,0,0,0,0,0,0
2017-07-26,0,0,0,0,0,0
2017-07-27,0,0,0,0,0,0
2017-07-28,0,0,0,0,0,0
2017-07-29,0,0,0,0,0,0
2017-07-30,0,0,0,0,0,0
2017-07-31,0,0,0,0,0,0
2017-08-01,0,0,0,0,0,0
2017-08-02,0,0,0,0,0,0
2017-08-03,0,0,0,0,0,0
2017-08-04,0,0,0,0,0,0
2017-08-05,0,0,0,0,0,0
2017-08-06,0,0,0,0,0,0
2017-08-07,0,0,0,0,0,0
2017-08-08,0,0,0,0,0,0
2017-08-09,0,0,0,0,0,0
2017-08-10,0,0,0,0,0,0
2017-08-11,0,0,0,0,0,0
2017-08-12,0,0,0,0,0,0
2017-08-13,0,0,0,0,0,0
2017-08-14,0,0,0,0,0,0
2017-08-15,0,0,0,0,0,0
2017-08-16,0,0,0,0,0,0
2017-08-17,0,0,0,0,0,0
2017-08-18,0,0,0,0,0,0
2017-08-19,0,0,0,0,0,0
2017-08-20,0,0,0,0,0,0
2017-08-21,0,0,0,0,0,0
2017-08-22,0,0,0,0,0,0
2017-08-23,0,0,0,0,0,0
2017-08-24,0,0,0,0,0,0
2017-08-25,0,0,0,0,0,0
2017-08-26,0,0,0,0,0,0
2017-08-27,0,0,0,0,0,0
2017-08-28,0,0,0,0,0,0
2017-08-29,0,0,0,0,0,0
2017-08-30,0,0,0,0,0,0
2017-08-31,0,0,0,0,0,0
2017-09-01,0,0,0,0,0,0
2017-09-02,0,0,0,0,0,0
2017-09-03,0,0,0,0,0,0
2017-09-04,0,0,0,0,0,0
2017-09-05,0,0,0,0,0,0
2017-09-06,0,0,0,0,0,0
2017-09-07,0,0,0,0,0,0
2017-09-08,0,0,0,0,0,0
2017-09-09,0,0,0,0,0,0
2017-09-10,0,0,0,0,0,0
2017-09-11,0,0,0,0,0,0
2017-09-12,0,0,0,0,0,0
2017-09-13,0,0,0,0,0,0
2017-09-14,0,0,0,0,0,0
2017-09-15,0,0,0,0,0,0
2017-09-16,0,0,0,0,0,0
2017-09-17,0,0,0,0,0,0
2017-09-18,0,0,0,0,0,0
2017-09-19,0,0,0,0,0,0
2017-09-20,0,0,0,0,0,0
2017-09-21,0,0,0,0,0,0
2017-09-22,0,0,0,0,0,0
2017-09-23,0,0,0,0,0,0
2017-09-24,0,0,0,0,0,0
2017-09-25,0,0,0,0,0,0
2017-09-26,0,0,0,0,0,0
2017-09-27,0,0,0,0,0,0
2017-09-28,0,0,0,0,0,0
2017-09-29,0,0,0,0,0,0
2017-09-30,0,0,0,0,0,0
2017-10-01,0,0,0,0,0,0
2017-10-02,0,0,0,0,0,0
2017-10-03,0,0,0,0,0,0
2017-10-04,0,0,0,0,0,0
2017-10-05,0,0,0,0,0,0
2017-10-06,0,0,0,0,0,0
2017-10-07,0,0,0,0,0,0
2017-10-08,0,0,0,0,0,0
2017-10-09,0,0,0,0,0,0
2017-10-10,0,0,0,0,0,0
2017-10-11,0,0,0,0,0,0
2017-10-12,0,0,0,0,0,0
2017-10-13,0,0,0,0,0,0
2017-10-14,0,0,0,0,0,0
2017-10-15,0,0,0,0,0,0
2017-10-16,0,0,0,0,0,0
2017-10-17,0,0,0,0,0,0
2017-10-18,0,0,0,0,0,0
2017-10-19,0,0,0,0,0,0
2017-10-20,0,0,0,0,0,0
2017-10-21,0,0,0,0,0,0
2017-10-22,0,0,0,0,0,0
2017-10-23,0,0,0,0,0,0
2017-10-24,0,0,0,0,0,0
2017-10-25,0,0,0,0,0,0
2017-10-26,0,0,0,0,0,0
2017-10-27,0,0,0,0,0,0
2017-10-28,0,0,0,0,0,0
2017-10-29,0,0,0,0,0,0
2017-10-30,0,0,0,0,0,0
2017-10-31,0,0,0,0,0,0
2017-11-01,0,0,0,0,0,0
2017-11-02,0,0,0,0,0,0
2017-11-03,0,0,0,0,0,0
2017-11-04,0,0,0,0,0,0
2017-11-05,0,0,0,0,0,0
2017-11-06,0,0,0,0,0,0
2017-11-07,0,0,0,0,0,0
2017-11-08,0,0,0,0,0,0
2017-11-09,0,0,0,0,0,0
2017-11-10,0,0,0,0,0,0
2017-11-11,0,0,0,0,0,0
2017-11-12,0,0,0,0,0,0
2017-11-13,0,0,0,0,0,0
2017-11-14,0,0,0,0,0,0
2017-11-15,0,0,0,0,0,0
2017-11-16,0,0,0,0,0,0
2017-11-17,0,0,0,0,0,0
2017-11-18,0,0,0,0,0,0
2017-11-19,0,0,0,0,0,0
2017-11-20,0,0,0,0,0,0
2017-11-21,0,0,0,0,0,0
2017-11-22,0,0,0,0,0,0
2017-11-23,0,0,0,0,0,0
2017-11-24,0,0,0,0,0,0
2017-11-25,0,0,0,0,0,0
2017-11-26,0,0,0,0,0,0
2017-11-27,0,0,0,0,0,0
2017-11-28,0,0,0,0,0,0
2017-11-29,0,0,0,0,0,0
2017-11-30,0,0,0,0,0,0
2017-12-01,0,0,0,0,0,0
2017-12-02,0,0,0,0,0,0
2017-12-03,0,0,0,0,0,0
2017-12-04,0,0,0,0,0,0
2017-12-05,0,0,0,0,0,0
2017-12-06,0,0,0,0,0,0
2017-12-07,0,0,0,0,0,0
2017-12-08,0,0,0,0,0,0
2017-12-09,0,0,0,0,0,0
2017-12-10,0,0,0,0,0,0
2017-12-11,0,0,0,0,0,0
2017-12-12,0,0,0,0,0,0
2017-12-13,0,0,0,0,0,0
2017-12-14,0,0,0,0,0,0
2017-12-15,0,0,0,0,0,0
2017-12-16,0,0,0,0,0,0
2017-12-17,0,0,0,0,0,0
2017-12-18,0,0,0,0,0,0
2017-12-19,0,0,0,0,0,0
2017-12-20,0,0,0,0,0,0
2017-12-21,0,0,0,0,0,0
2017-12-22,0,0,0,0,0,0
2017-12-23,0,0,0,0,0,0
2017-12-24,0,0,0,0,0,0
2017-12-25,0,0,0,0,0,0
2017-12-26,0,0,0,0,0,0
2017-12-27,0,0,0,0,0,0
2017-12-28,0,0,0,0,0,0
2017-12-29,0,0,0,0,0,0
2017-12-30,0,0,0,0,0,0
2017-12-31,0,0,0,0,0,0
2018-01-01,0,0,0,0,0,0
2018-01-02,0,0,0,0,0,0
2018-01-03,0,0,0,0,0,0
2018-01-04,0,0,0,0,0,0
2018-01-05,0,0,0,0,0,0
2018-01-06,0,0,0,0,0,0
2018-01-07,0,0,0,0,0,0
2018-01-08,0,0,0,0,0,0
2018-01-09,0,0,0,0,0,0
2018-01-10,0,0,0,0,0,0
2018-01-11,0,0,0,0,0,0
2018-01-12,0,0,0,0,0,0
2018-01-13,0,0,0,0,0,0
2018-01-14,0,0,0,0,0,0
2018-01-15,0,0,0,0,0,0
2018-01-16,0,0,0,0,0,0
2018-01-17,0,0,0,0,0,0
2018-01-18,0,0,0,0,0,0
2018-01-19,0,0,0,0,0,0
2018-01-20,0,0,0,0,0,0
2018-01-21,0,0,0,0,0,0
2018-01-22,0,0,0,0,0,0
2018-01-23,0,0,0,0,0,0
2018-01-24,0,0,0,0,0,0
2018-01-25,0,0,0,0,0,0
2018-01-26,0,0,0,0,0,0
2018-01-27,0,0,0,0,0,0
2018-01-28,0,0,0,0,0,0
2018-01-29,0,0,0,0,0,0
2018-01-30,0,0,0,0,0,0
2018-01-31,0,0,0,0,0,0
2018-02-01,0,0,0,0,0,0
2018-02-02,0,0,0,0,0,0
2018-02-03,0,0,0,0,0,0
2018-02-04,0,0,0,0,0,0
2018-02-05,0,0,0,0,0,0
2018-02-06,0,0,0,0,0,0
2018-02-07,0,0,0,0,0,0
2018-02-08,0,0,0,0,0,0
2018-02-09,0,0,0,0,0,0
2018-02-10,0,0,0,0,0,0
2018-02-11,0,0,0,0,0,0
2018-02-12,0,0,0,0,0,0
2018-02-13,0,0,0,0,0,0
2018-02-14,0,0,0,0,0,0
2018-02-15,0,0,0,0,0,0
2018-02-16,0,0,0,0,0,0
2018-02-17,0,0,0,0,0,0
2018-02-18,0,0,0,0,0,0
2018-02-19,0,0,0,0,0,0
2018-02-20,0,0,0,0,0,0
2018-02-21,0,0,0,0,0,0
2018-02-22,0,0,0,0,0,0
2018-02-23,0,0,0,0,0,0
2018-02-24,0,0,0,0,0,0
2018-02-25,0,0,0,0,0,0
2018-02-26,0,0,0,0,0,0
2018-02-27,0,0,0,0,0,0
2018-02-28,0,0,0,0,0,0
2018-03-01,0,0,0,0,0,0
2018-03-02,0,0,0,0,0,0
2018-03-03,0,0,0,0,0,0
2018-03-04,0,0,0,0,0,0
2018-03-05,0,0,0,0,0,0
2018-03-06,0,0,0,0,0,0
2018-03-07,0,0,0,0,0,0
2018-03-08,0,0,0,0,0,0
2018-03-09,0,0,0,0,0,0
2018-03-10,0,0,0,0,0,0
2018-03-11,0,0,0,0,0,0
2018-03-12,0,0,0,0,0,0
2018-03-13,0,0,0,0,0,0
2018-03-14,0,0,0,0,0,0
2018-03-15,0,0,0,0,0,0
2018-03-16,0,0,0,0,0,0
2018-03-17,0,0,0,0,0,0
2018-03-18,0,0,0,0,0,0
2018-03-19,0,0,0,0,0,0
2018-03-20,0,0,0,0,0,0
2018-03-21,0,0,0,0,0,0
2018-03-22,0,0,0,0,0,0
2018-03-23,0,0,0,0,0,0
2018-03-24,0,0,0,0,0,0
2018-03-25,0,0,0,0,0,0
2018-03-26,0,0,0,0,0,0
2018-03-27,0,0,0,0,0,0
2018-03-28,0,0,0,0,0,0
2018-03-29,0,0,0,0,0,0
2018-03-30,0,0,0,0,0,0
2018-03-31,0,0,0,0,0,0
2018-04-01,0,0,0,0,0,0
2018-04-02,0,0,0,0,0,0
2018-04-03,0,0,0,0,0,0
2018-04-04,0,0,0,0,0,0
2018-04-05,0,0,0,0,0,0
2018-04-06,0,0,0,0,0,0
2018-04-07,0,0,0,0,0,0
2018-04-08,0,0,0,0,0,0
2018-04-09,0,0,0,0,0,0
2018-04-10,0,0,0,0,0,0
2018-04-11,0,0,0,0,0,0
2018-04-12,0,0,0,0,0,0
2018-04-13,0,0,0,0,0,0
2018-04-14,0,0,0,0,0,0
2018-04-15,0,0,0,0,0,0
2018-04-16,0,0,0,0,0,0
2018-04-17,0,0,0,0,0,0
2018-04-18,0,0,0,0,0,0
2018-04-19,0,0,0,0,0,0
2018-04-20,0,0,0,0,0,0
2018-04-21,0,0,0,0,0,0
2018-04-22,0,0,0,0,0,0
2018-04-23,0,0,0,0,0,0
2018-04-24,0,0,0,0,0,0
2018-04-25,0,0,0,0,0,0
2018-04-26,0,0,0,0,0,0
2018-04-27,0,0,0,0,0,0
2018-04-28,0,0,0,0,0,0
2018-04-29,0,0,0,0,0,0
2018-04-30,0,0,0,0,0,0
2018-05-01,0,0,0,0,0,0
2018-05-02,0,0,0,0,0,0
2018-05-03,0,0,0,0,0,0
2018-05-04,0,0,0,0,0,0
2018-05-05,0,0,0,0,0,0
2018-05-06,0,0,0,0,0,0
2018-05-07,0,0,0,0,0,0
2018-05-08,0,0,0,0,0,0
2018-05-09,0,0,0,0,0,0
2018-05-10,0,0,0,0,0,0
2018-05-11,0,0,0,0,0,0
2018-05-12,0,0,0,0,0,0
2018-05-13,0,0,0,0,0,0
2018-05-14,0,0,0,0,0,0
2018-05-15,0,0,0,0,0,0
2018-05-16,0,0,0,0,0,0
2018-05-17,0,0,0,0,0,0
2018-05-18,0,0,0,0,0,0
2018-05-19,0,0,0,0,0,0
2018-05-20,0,0,0,0,0,0
2018-05-21,0,0,0,0,0,0
2018-05-22,0,0,0,0,0,0
2018-05-23,0,0,0,0,0,0
2018-05-24,0,0,0,0,0,0
2018-05-25,0,0,0,0,0,0
2018-05-26,0,0,0,0,0,0
2018-05-27,0,0,0,0,0,0
2018-05-28,0,0,0,0,0,0
2018-05-29,0,0,0,0,0,0
2018-05-30,0,0,0,0,0,0
2018-05-31,0,0,0,0,0,0
2018-06-01,0,0,0,0,0,0
2018-06-02,0,0,0,0,0,0
2018-06-03,0,0,0,0,0,0
2018-06-04,0,0,0,0,0,0
2018-06-05,0,0,0,0,0,0
2018-06-06,0,0,0,0,0,0
2018-06-07,0,0,0,0,0,0
2018-06-08,0,0,0,0,0,0
2018-06-09,0,0,0,0,0,0
2018-06-10,0,0,0,0,0,0
2018-06-11,0,0,0,0,0,0
2018-06-12,0,0,0,0,0,0
2018-06-13,0,0,0,0,0,0
2018-06-14,0,0,0,0,0,0
2018-06-15,0,0,0,0,0,0
2018-06-16,0,0,0,0,0,0
2018-06-17,0,0,0,0,0,0
2018-06-18,0,0,0,0,0,0
2018-06-19,0,0,0,0,0,0
2018-06-20,0,0,0,0,0,0
2018-06-21,0,0,0,0,0,0
2018-06-22,0,0,0,0,0,0
2018-06-23,0,0,0,0,0,0
2018-06-24,0,0,0,0,0,0
2018-06-25,0,0,0,0,0,0
2018-06-26,0,0,0,0,0,0
2018-06-27,0,0,0,0,0,0
2018-06-28,0,0,0,0,0,0
2018-06-29,0,0,0,0,0,0
2018-06-30,0,0,0,0,0,0
2018-07-01,0,0,0,0,0,0
2018-07-02,0,0,0,0,0,0
2018-07-03,0,0,0,0,0,0
2018-07-04,0,0,0,0,0,0
2018-07-05,0,0,0,0,0,0
2018-07-06,0,0,0,0,0,0
2018-07-07,0,0,0,0,0,0
2018-07-08,0,0,0,0,0,0
2018-07-09,0,0,0,0,0,0
2018-07-10,0,0,0,0,0,0
2018-07-11,0,0,0,0,0,0
2018-07-12,0,0,0,0,0,0
2018-07-13,0,0,0,0,0,0
2018-07-14,0,0,0,0,0,0
2018-07-15,0,0,0,0,0,0
2018-07-16,0,0,0,0,0,0
2018-07-17,0,0,0,0,0,0
2018-07-18,0,0,0,0,0,0
2018-07-19,0,0,0,0,0,0
2018-07-20,0,0,0,0,0,0
2018-07-21,0,0,0,0,0,0
2018-07-22,0,0,0,0,0,0
2018-07-23,0,0,0,0,0,0
2018-07-24,0,0,0,0,0,0
2018-07-25,0,0,0,0,0,0
2018-07-26,0,0,0,0,0,0
2018-07-27,0,0,0,0,0,0
2018-07-28,0,0,0,0,0,0
2018-07-29,0,0,0,0,0,0
2018-07-30,0,0,0,0,0,0
2018-07-31,0,0,0,0,0,0
2018-08-01,0,0,0,0,0,0
2018-08-02,0,0,0,0,0,0
2018-08-03,0,0,0,0,0,0
2018-08-04,0,0,0,0,0,0
2018-08-05,0,0,0,0,0,0
2018-08-06,0,0,0,0,0,0
2018-08-07,0,0,0,0,0,0
2018-08-08,0,0,0,0,0,0
2018-08-09,0,0,0,0,0,0
2018-08-10,0,0,0,0,0,0
2018-08-11,0,0,0,0,0,0
2018-08-12,0,0,0,0,0,0
2018-08-13,0,0,0,0,0,0
2018-08-14,0,0,0,0,0,0
2018-08-15,0,0,0,0,0,0
2018-08-16,0,0,0,0,0,0
2018-08-17,0,0,0,0,0,0
2018-08-18,0,0,0,0,0,0
2018-08-19,0,0,0,0,0,0
2018-08-20,0,0,0,0,0,0
2018-08-21,0,0,0,0,0,0
2018-08-22,0,0,0,0,0,0
2018-08-23,0,0,0,0,0,0
2018-08-24,0,0,0,0,0,0
2018-08-25,0,0,0,0,0,0
2018-08-26,0,0,0,0,0,0
2018-08-27,0,0,0,0,0,0
2018-08-28,0,0,0,0,0,0
2018-08-29,0,0,0,0,0,0
2018-08-30,0,0,0,0,0,0
2018-08-31,0,0,0,0,0,0
2018-09-01,0,0,0,0,0,0
2018-09-02,0,0,0,0,0,0
2018-09-03,0,0,0,0,0,0
2018-09-04,0,0,0,0,0,0
2018-09-05,0,0,0,0,0,0
2018-09-06,0,0,0,0,0,0
2018-09-07,0,0,0,0,0,0
2018-09-08,0,0,0,0,0,0
2018-09-09,0,0,0,0,0,0
2018-09-10,0,0,0,0,0,0
2018-09-11,0,0,0,0,0,0
2018-09-12,0,0,0,0,0,0
2018-09-13,0,0,0,0,0,0
2018-09-14,0,0,0,0,0,0
2018-09-15,0,0,0,0,0,0
2018-09-16,0,0,0,0,0,0
2018-09-17,0,0,0,0,0,0
2018-09-18,0,0,0,0,0,0
2018-09-19,0,0,0,0,0,0
2018-09-20,0,0,0,0,0,0
2018-09-21,0,0,0,0,0,0
2018-09-22,0,0,0,0,0,0
2018-09-23,0,0,0,0,0,0
2018-09-24,0,0,0,0,0,0
2018-09-25,0,0,0,0,0,0
2018-09-26,0,0,0,0,0,0
2018-09-27,0,0,0,0,0,0
2018-09-28,0,0,0,0,0,0
2018-09-29,0,0,0,0,0,0
2018-09-30,0,0,0,0,0,0
2018-10-01,0,0,0,0,0,0
2018-10-02,0,0,0,0,0,0
2018-10-03,0,0,0,0,0,0
2018-10-04,0,0,0,0,0,0
2018-10-05,0,0,0,0,0,0
2018-10-06,0,0,0,0,0,0
2018-10-07,0,0,0,0,0,0
2018-10-08,0,0,0,0,0,0
2018-10-09,0,0,0,0,0,0
2018-10-10,0,0,0,0,0,0
2018-10-11,0,0,0,0,0,0
2018-10-12,0,0,0,0,0,0
2018-10-13,0,0,0,0,0,0
2018-10-14,0,0,0,0,0,0
2018-10-15,0,0,0,0,0,0
2018-10-16,0,0,0,0,0,0
2018-10-17,0,0,0,0,0,0
2018-10-18,0,0,0,0,0,0
2018-10-19,0,0,0,0,0,0
2018-10-20,0,0,0,0,0,0
2018-10-21,0,0,0,0,0,0
2018-10-22,0,0,0,0,0,0
2018-10-23,0,0,0,0,0,0
2018-10-24,0,0,0,0,0,0
2018-10-25,0,0,0,0,0,0
2018-10-26,0,0,0,0,0,0
2018-10-27,0,0,0,0,0,0
2018-10-28,0,0,0,0,0,0
2018-10-29,0,0,0,0,0,0
2018-10-30,0,0,0,0,0,0
2018-10-31,0,0,0,0,0,0
2018-11-01,0,0,0,0,0,0
2018-11-02,0,0,0,0,0,0
2018-11-03,0,0,0,0,0,0
2018-11-04,0,0,0,0,0,0
2018-11-05,0,0,0,0,0,0
2018-11-06,0,0,0,0,0,0
2018-11-07,0,0,0,0,0,0
2018-11-08,0,0,0,0,0,0
2018-11-09,0,0,0,0,0,0
2018-11-10,0,0,0,0,0,0
2018-11-11,0,0,0,0,0,0
2018-11-12,0,0,0,0,0,0
2018-11-13,0,0,0,0,0,0
2018-11-14,0,0,0,0,0,0
2018-11-15,0,0,0,0,0,0
2018-11-16,0,0,0,0,0,0
2018-11-17,0,0,0,0,0,0
2018-11-18,0,0,0,0,0,0
2018-11-19,0,0,0,0,0,0
2018-11-20,0,0,0,0,0,0
2018-11-21,0,0,0,0,0,0
2018-11-22,0,0,0,0,0,0
2018-11-23,0,0,0,0,0,0
2018-11-24,0,0,0,0,0,0
2018-11-25,0,0,0,0,0,0
2018-11-26,0,0,0,0,0,0
2018-11-27,0,0,0,0,0,0
2018-11-28,0,0,0,0,0,0
2018-11-29,0,0,0,0,0,0
2018-11-30,0,0,0,0,0,0
2018-12-01,0,0,0,0,0,0
2018-12-02,0,0,0,0,0,0
2018-12-03,0,0,0,0,0,0
2018-12-04,0,0,0,0,0,0
2018-12-05,0,0,0,0,0,0
2018-12-06,0,0,0,0,0,0
2018-12-07,0,0,0,0,0,0
2018-12-08,0,0,0,0,0,0
2018-12-09,0,0,0,0,0,0
2018-12-10,0,0,0,0,0,0
2018-12-11,0,0,0,0,0,0
2018-12-12,0,0,0,0,0,0
2018-12-13,0,0,0,0,0,0
2018-12-14,0,0,0,0,0,0
2018-12-15,0,0,0,0,0,0
2018-12-16,0,0,0,0,0,0
2018-12-17,0,0,0,0,0,0
2018-12-18,0,0,0,0,0,0
2018-12-19,0,0,0,0,0,0
2018-12-20,0,0,0,0,0,0
2018-12-21,0,0,0,0,0,0
2018-12-22,0,0,0,0,0,0
2018-12-23,0,0,0,0,0,0
2018-12-24,0,0,0,0,0,0
2018-12-25,0,0,0,0,0,0
2018-12-26,0,0,0,0,0,0
2018-12-27,0,0,0,0,0,0
2018-12-28,0,0,0,0,0,0
2018-12-29,0,0,0,0,0,0
2018-12-30,0,0,0,0,0,0
2018-12-31,0,0,0,0,0,0
2019-01-01,0,0,0,0,0,0
2019-01-02,0,0,0,0,0,0
2019-01-03,0,0,0,0,0,0
2019-01-04,0,0,0,0,0,0
2019-01-05,0,0,0,0,0,0
2019-01-06,0,0,0,0,0,0
2019-01-07,0,0,0,0,0,0
2019-01-08,0,0,0,0,0,0
2019-01-09,0,0,0,0,0,0
2019-01-10,0,0,0,0,0,0
2019-01-11,0,0,0,0,0,0
2019-01-12,0,0,0,0,0,0
2019-01-13,0,0,0,0,0,0
2019-01-14,0,0,0,0,0,0
2019-01-15,0,0,0,0,0,0
2019-01-16,0,0,0,0,0,0
2019-01-17,0,0,0,0,0,0
2019-01-18,0,0,0,0,0,0
2019-01-19,0,0,0,0,0,0
2019-01-20,0,0,0,0,0,0
2019-01-21,0,0,0,0,0,0
2019-01-22,0,0,0,0,0,0
2019-01-23,0,0,0,0,0,0
2019-01-24,0,0,0,0,0,0
2019-01-25,0,0,0,0,0,0
2019-01-26,0,0,0,0,0,0
2019-01-27,0,0,0,0,0,0
2019-01-28,0,0,0,0,0,0
2019-01-29,0,0,0,0,0,0
2019-01-30,0,0,0,0,0,0
2019-01-31,0,0,0,0,0,0
2019-02-01,0,0,0,0,0,0
2019-02-02,0,0,0,0,0,0
2019-02-03,0,0,0,0,0,0
2019-02-04,0,0,0,0,0,0
2019-02-05,0,0,0,0,0,0
2019-02-06,0,0,0,0,0,0
2019-02-07,0,0,0,0,0,0
2019-02-08,0,0,0,0,0,0
2019-02-09,0,0,0,0,0,0
2019-02-10,0,0,0,0,0,0
2019-02-11,0,0,0,0,0,0
2019-02-12,0,0,0,0,0,0
2019-02-13,0,0,0,0,0,0
2019-02-14,0,0,0,0,0,0
2019-02-15,0,0,0,0,0,0
2019-02-16,0,0,0,0,0,0
2019-02-17,0,0,0,0,0,0
2019-02-18,0,0,0,0,0,0
2019-02-19,0,0,0,0,0,0
2019-02-20,0,0,0,0,0,0
2019-02-21,0,0,0,0,0,0
2019-02-22,0,0,0,0,0,0
2019-02-23,0,0,0,0,0,0
2019-02-24,0,0,0,0,0,0
2019-02-25,0,0,0,0,0,0
2019-02-26,0,0,0,0,0,0
2019-02-27,0,0,0,0,0,0
2019-02-28,0,0,0,0,0,0
2019-03-01,0,0,0,0,0,0
2019-03-02,0,0,0,0,0,0
2019-03-03,0,0,0,0,0,0
2019-03-04,0,0,0,0,0,0
2019-03-05,0,0,0,0,0,0
2019-03-06,0,0,0,0,0,0
2019-03-07,0,0,0,0,0,0
2019-03-08,0,0,0,0,0,0
2019-03-09,0,0,0,0,0,0
2019-03-10,0,0,0,0,0,0
2019-03-11,0,0,0,0,0,0
2019-03-12,0,0,0,0,0,0
2019-03-13,0,0,0,0,0,0
2019-03-14,0,0,0,0,0,0
2019-03-15,0,0,0,0,0,0
2019-03-16,0,0,0,0,0,0
2019-03-17,0,0,0,0,0,0
2019-03-18,0,0,0,0,0,0
2019-03-19,0,0,0,0,0,0
2019-03-20,0,0,0,0,0,0
2019-03-21,0,0,0,0,0,0
2019-03-22,0,0,0,0,0,0
2019-03-23,0,0,0,0,0,0
2019-03-24,0,0,0,0,0,0
2019-03-25,0,0,0,0,0,0
2019-03-26,0,0,0,0,0,0
2019-03-27,0,0,0,0,0,0
2019-03-28,0,0,0,0,0,0
2019-03-29,0,0,0,0,0,0
2019-03-30,0,0,0,0,0,0
2019-03-31,0,0,0,0,0,0
2019-04-01,0,0,0,0,0,0
2019-04-02,0,0,0,0,0,0
2019-04-03,0,0,0,0,0,0
2019-04-04,0,0,0,0,0,0
2019-04-05,0,0,0,0,0,0
2019-04-06,0,0,0,0,0,0
2019-04-07,0,0,0,0,0,0
2019-04-08,0,0,0,0,0,0
2019-04-09,0,0,0,0,0,0
2019-04-10,0,0,0,0,0,0
2019-04-11,0,0,0,0,0,0
2019-04-12,0,0,0,0,0,0
2019-04-13,0,0,0,0,0,0
2019-04-14,0,0,0,0,0,0
2019-04-15,0,0,0,0,0,0
2019-04-16,0,0,0,0,0,0
2019-04-17,0,0,0,0,0,0
2019-04-18,0,0,0,0,0,0
2019-04-19,0,0,0,0,0,0
2019-04-20,0,0,0,0,0,0
2019-04-21,0,0,0,0,0,0
2019-04-22,61.0,68.9,59.94,65.7,9950000.0,0.059699999999999996
2019-04-23,66.87,74.17,65.55,69.0,6790000.0,0.050199999999999995
2019-04-24,71.4,71.5,63.16,63.2,4970000.0,-0.08410000000000001
2019-04-25,64.74,66.85,62.6,65.0,3860000.0,0.0285
2019-04-26,66.12,66.99,63.6,66.22,1530000.0,0.018799999999999997
2019-04-27,0,0,0,0,0,0
2019-04-28,0,0,0,0,0,0
2019-04-29,66.53,68.5,64.75,68.17,1820000.0,0.0294
2019-04-30,68.4,72.52,66.67,72.47,4110000.0000000005,0.06309999999999999
2019-05-01,72.72,76.95,70.82,72.76,3300000.0,0.004
2019-05-02,72.75,75.89,69.69,75.5,2530000.0,0.0377
2019-05-03,75.0,80.25,75.0,79.18,2590000.0,0.0487
2019-05-04,0,0,0,0,0,0
2019-05-05,0,0,0,0,0,0
2019-05-06,75.01,80.79,74.5,78.24,2049999.9999999998,-0.011899999999999999
2019-05-07,77.85,78.05,73.25,73.33,1980000.0,-0.06280000000000001
2019-05-08,74.61,78.5,74.03,77.68,2270000.0,0.0593
2019-05-09,76.85,76.99,74.0,75.21,1350000.0,-0.0318
2019-05-10,75.79,79.74,74.77,79.63,1560000.0,0.0588
2019-05-11,0,0,0,0,0,0
2019-05-12,0,0,0,0,0,0
2019-05-13,77.39,77.39,70.6,72.54,2870000.0,-0.08900000000000001
2019-05-14,74.12,76.89,73.11,73.14,1950000.0,0.0083
2019-05-15,73.4,80.0,72.21,79.76,2430000.0,0.09050000000000001
2019-05-16,80.12,87.55,79.25,83.4,4580000.0,0.045599999999999995
2019-05-17,82.25,90.28,81.88,89.98,3440000.0,0.0789
2019-05-18,0,0,0,0,0,0
2019-05-19,0,0,0,0,0,0
2019-05-20,90.1,91.46,83.27,84.67,3670000.0,-0.059000000000000004
2019-05-21,86.63,89.7,84.5,85.44,2580000.0,0.0091
2019-05-22,84.63,85.7,82.0,82.43,1600000.0,-0.0352
2019-05-23,81.25,81.5,77.26,78.76,2860000.0,-0.044500000000000005
2019-05-24,80.48,81.25,74.2,76.25,2950000.0,-0.0319
2019-05-25,0,0,0,0,0,0
2019-05-26,0,0,0,0,0,0
2019-05-27,0,0,0,0,0,0
2019-05-28,76.8,79.39,76.8,77.77,1640000.0,0.0199
2019-05-29,77.0,77.93,73.58,75.77,1510000.0,-0.025699999999999997
2019-05-30,76.68,80.97,76.6,80.42,2000000.0,0.061399999999999996
2019-05-31,78.77,83.17,77.78,79.73,1590000.0,-0.0086
2019-06-01,0,0,0,0,0,0
2019-06-02,0,0,0,0,0,0
2019-06-03,80.0,81.94,75.65,75.9,1570000.0,-0.048
2019-06-04,78.2,78.88,76.62,78.74,1130000.0,0.0374
2019-06-05,80.14,80.6,76.24,78.04,1300000.0,-0.0089
2019-06-06,77.4,79.75,77.03,79.43,3020000.0,0.0178
2019-06-07,93.66,98.89,92.5,94.05,9490000.0,0.1841
2019-06-08,0,0,0,0,0,0
2019-06-09,0,0,0,0,0,0
2019-06-10,98.51,105.98,96.0,102.0,4850000.0,0.08449999999999999
2019-06-11,101.0,101.2,91.57,94.87,4370000.0,-0.0699
2019-06-12,94.6,104.19,94.0,102.77,3160000.0,0.0833
2019-06-13,105.1,105.17,98.55,100.95,3190000.0,-0.0177
2019-06-14,100.47,104.57,99.25,100.29,1890000.0,-0.006500000000000001
2019-06-15,0,0,0,0,0,0
2019-06-16,0,0,0,0,0,0
2019-06-17,101.0,102.45,97.0,98.11,2130000.0,-0.0217
2019-06-18,100.39,102.0,97.51,99.64,2270000.0,0.015600000000000001
2019-06-19,100.49,104.44,98.63,102.39,2590000.0,0.0276
2019-06-20,105.01,107.34,101.62,102.3,2460000.0,-0.0009
2019-06-21,101.42,101.53,97.82,100.47,2970000.0,-0.0179
2019-06-22,0,0,0,0,0,0
2019-06-23,0,0,0,0,0,0
2019-06-24,100.85,101.5,88.88,89.41,6010000.0,-0.1101
2019-06-25,89.43,91.5,84.63,85.03,3750000.0,-0.049
2019-06-26,87.92,89.08,84.61,86.33,2680000.0,0.015300000000000001
2019-06-27,89.7,92.33,87.8,90.27,3020000.0,0.045599999999999995
2019-06-28,91.76,92.2,87.25,88.79,3230000.0,-0.016399999999999998
2019-06-29,0,0,0,0,0,0
2019-06-30,0,0,0,0,0,0
2019-07-01,85.13,87.79,83.1,86.86,5330000.0,-0.0217
2019-07-02,86.27,86.85,84.0,85.13,1870000.0,-0.0199
2019-07-03,85.45,90.6,84.51,90.45,2710000.0,0.0625
2019-07-04,0,0,0,0,0,0
2019-07-05,90.14,91.97,88.0,91.88,2580000.0,0.0158
2019-07-06,0,0,0,0,0,0
2019-07-07,0,0,0,0,0,0
2019-07-08,91.44,92.79,89.89,90.76,1790000.0,-0.012199999999999999
2019-07-09,90.27,91.27,89.1,90.93,1560000.0,0.0019
2019-07-10,91.76,93.45,91.55,92.72,2060000.0,0.0197
2019-07-11,92.9,93.2,90.45,91.4,1780000.0,-0.014199999999999999
2019-07-12,93.01,94.93,91.37,93.3,2690000.0,0.0208
2019-07-13,0,0,0,0,0,0
2019-07-14,0,0,0,0,0,0
2019-07-15,94.0,100.65,93.78,99.8,3840000.0,0.0697
2019-07-16,100.14,100.5,96.5,97.1,2120000.0,-0.0271
2019-07-17,97.62,101.99,97.54,99.73,2310000.0,0.0271
2019-07-18,99.24,99.5,95.02,95.19,2040000.0,-0.0455
2019-07-19,97.15,97.79,92.88,93.38,1750000.0,-0.019
2019-07-20,0,0,0,0,0,0
2019-07-21,0,0,0,0,0,0
2019-07-22,94.19,97.47,93.5,96.67,1480000.0,0.0352
2019-07-23,97.5,98.15,93.52,97.39,2240000.0,0.0074
2019-07-24,97.12,97.88,94.69,95.94,1280000.0,-0.0149
2019-07-25,95.84,99.6,95.75,97.11,1870000.0,0.012199999999999999
2019-07-26,97.95,104.49,97.83,102.2,3040000.0,0.0524
2019-07-27,0,0,0,0,0,0
2019-07-28,0,0,0,0,0,0
2019-07-29,102.6,103.0,92.1,96.47,4230000.0,-0.056100000000000004
2019-07-30,95.19,99.35,94.03,95.49,1640000.0,-0.0102
2019-07-31,96.43,97.5,93.5,95.51,1510000.0,0.0002
2019-08-01,95.75,98.66,93.8,95.1,1530000.0,-0.0043
2019-08-02,94.92,96.0,92.57,93.66,1120000.0,-0.0151
2019-08-03,0,0,0,0,0,0
2019-08-04,0,0,0,0,0,0
2019-08-05,90.7,91.19,87.29,89.69,1770000.0,-0.0424
2019-08-06,91.5,92.29,88.1,90.43,1030000.0,0.0083
2019-08-07,89.02,93.16,88.02,92.45,996130.0,0.0223
2019-08-08,93.57,95.84,93.02,95.77,925610.0,0.0359
2019-08-09,94.79,95.49,93.31,94.2,802310.0,-0.016399999999999998
2019-08-10,0,0,0,0,0,0
2019-08-11,0,0,0,0,0,0
2019-08-12,93.05,94.18,91.11,92.16,779340.0,-0.0217
2019-08-13,92.06,96.22,92.06,95.45,1170000.0,0.035699999999999996
2019-08-14,93.2,94.52,89.89,92.65,1270000.0,-0.029300000000000003
2019-08-15,92.77,93.44,89.69,90.64,1090000.0,-0.0217
2019-08-16,92.12,95.0,92.08,92.53,1270000.0,0.0209
2019-08-17,0,0,0,0,0,0
2019-08-18,0,0,0,0,0,0
2019-08-19,94.18,96.2,92.89,93.17,1230000.0,0.0069
2019-08-20,93.0,93.57,91.14,91.41,746950.0,-0.0189
2019-08-21,92.86,94.18,92.35,93.01,760430.0,0.0175
2019-08-22,93.48,95.5,91.57,93.87,883150.0,0.0092
2019-08-23,93.14,94.13,90.41,91.63,1370000.0,-0.0239
2019-08-24,0,0,0,0,0,0
2019-08-25,0,0,0,0,0,0
2019-08-26,92.33,93.5,91.45,91.76,698860.0,0.0014000000000000002
2019-08-27,92.6,93.69,90.44,91.73,890670.0,-0.0003
2019-08-28,91.16,91.38,88.71,90.16,1150000.0,-0.0171
2019-08-29,91.5,92.68,90.7,90.87,851970.0,0.0079
2019-08-30,91.82,92.42,89.02,91.67,1190000.0,0.0088
2019-08-31,0,0,0,0,0,0
2019-09-01,0,0,0,0,0,0
2019-09-02,0,0,0,0,0,0
2019-09-03,91.5,94.24,90.75,92.46,1540000.0,0.0086
2019-09-04,93.95,96.0,93.18,93.53,2420000.0,0.0116
2019-09-05,94.24,94.38,88.51,92.69,5060000.0,-0.009000000000000001
2019-09-06,92.0,96.5,84.86,85.41,7290000.0,-0.0785
2019-09-07,0,0,0,0,0,0
2019-09-08,0,0,0,0,0,0
2019-09-09,85.75,85.94,77.2,78.65,6710000.0,-0.0791
2019-09-10,77.0,81.22,76.81,80.35,2810000.0,0.0216
2019-09-11,80.0,81.86,78.5,80.71,2009999.9999999998,0.0045000000000000005
2019-09-12,81.45,82.65,79.9,81.53,1960000.0,0.0102
2019-09-13,81.57,82.48,78.27,78.85,1420000.0,-0.0329
2019-09-14,0,0,0,0,0,0
2019-09-15,0,0,0,0,0,0
2019-09-16,78.5,80.99,78.26,80.67,1630000.0,0.0231
2019-09-17,81.49,84.82,79.53,84.64,2540000.0,0.0492
2019-09-18,84.4,86.0,83.5,84.55,1840000.0,-0.0011
2019-09-19,85.2,85.35,83.25,84.62,1280000.0,0.0008
2019-09-20,85.0,85.35,81.5,82.63,2049999.9999999998,-0.0235
2019-09-21,0,0,0,0,0,0
2019-09-22,0,0,0,0,0,0
2019-09-23,82.29,83.6,81.8,82.62,678850.0,-0.0001
2019-09-24,82.43,82.93,79.46,80.02,2150000.0,-0.0315
2019-09-25,79.12,79.99,76.08,79.6,1940000.0,-0.0052
2019-09-26,79.25,80.62,78.62,79.75,928400.0,0.0019
2019-09-27,79.69,79.83,75.09,76.04,2350000.0,-0.04650000000000001
2019-09-28,0,0,0,0,0,0
2019-09-29,0,0,0,0,0,0
2019-09-30,76.13,77.0,74.29,76.2,1360000.0,0.0021
2019-10-01,76.43,77.49,75.21,75.81,1380000.0,-0.0051
2019-10-02,74.5,75.78,73.66,73.85,1390000.0,-0.0259
2019-10-03,73.9,78.49,73.39,76.83,2610000.0,0.0404
2019-10-04,77.0,77.78,75.28,76.53,1800000.0,-0.0039000000000000003
2019-10-05,0,0,0,0,0,0
2019-10-06,0,0,0,0,0,0
2019-10-07,76.99,77.43,75.0,76.99,1430000.0,0.006
2019-10-08,76.01,76.35,72.58,73.59,3160000.0,-0.044199999999999996
2019-10-09,74.22,75.06,72.75,72.86,1490000.0,-0.009899999999999999
2019-10-10,72.86,73.78,71.01,71.01,2280000.0,-0.0254
2019-10-11,71.37,72.89,70.9,71.35,2390000.0,0.0048
2019-10-12,0,0,0,0,0,0
2019-10-13,0,0,0,0,0,0
2019-10-14,70.46,71.24,69.55,70.8,2220000.0,-0.0077
2019-10-15,68.76,71.27,68.38,71.11,10590000.0,0.0044
2019-10-16,69.7,69.95,66.51,67.69,6080000.0,-0.0481
2019-10-17,67.09,68.0,66.76,67.03,3580000.0,-0.0098
2019-10-18,66.26,66.93,64.53,66.08,4820000.0,-0.014199999999999999
2019-10-19,0,0,0,0,0,0
2019-10-20,0,0,0,0,0,0
2019-10-21,65.29,66.5,64.16,65.77,3080000.0,-0.004699999999999999
2019-10-22,64.2,64.6,61.02,62.0,4610000.0,-0.057300000000000004
2019-10-23,61.33,63.74,60.97,62.06,3610000.0,0.001
2019-10-24,63.0,65.94,62.76,64.52,3440000.0,0.039599999999999996
2019-10-25,64.33,64.99,62.79,63.45,1950000.0,-0.0166
2019-10-26,0,0,0,0,0,0
2019-10-27,0,0,0,0,0,0
2019-10-28,63.96,67.47,62.26,66.56,3510000.0,0.049
2019-10-29,65.77,67.11,64.8,65.49,1830000.0,-0.0161
2019-10-30,65.97,70.09,65.66,70.0,4670000.0,0.0689
2019-10-31,69.52,70.08,66.6,69.89,3410000.0,-0.0016
2019-11-01,69.86,70.55,68.02,70.39,3560000.0,0.0072
2019-11-02,0,0,0,0,0,0
2019-11-03,0,0,0,0,0,0
2019-11-04,70.81,70.85,69.01,70.12,1570000.0,-0.0038
2019-11-05,70.71,70.85,66.68,66.89,1810000.0,-0.0461
2019-11-06,66.95,67.13,65.36,66.83,1330000.0,-0.0009
2019-11-07,67.03,68.68,66.21,66.81,1130000.0,-0.0003
2019-11-08,66.54,70.0,66.52,69.85,1480000.0,0.0455
2019-11-09,0,0,0,0,0,0
2019-11-10,0,0,0,0,0,0
2019-11-11,69.51,70.19,67.76,68.39,1040000.0,-0.0209
2019-11-12,68.5,70.05,67.56,68.0,1910000.0,-0.005699999999999999
2019-11-13,68.0,68.51,66.87,68.01,1990000.0,0.0001
2019-11-14,67.77,68.15,66.71,67.74,938900.0,-0.004
2019-11-15,68.13,71.1,67.91,70.01,2320000.0,0.0335
2019-11-16,0,0,0,0,0,0
2019-11-17,0,0,0,0,0,0
2019-11-18,70.47,71.14,68.78,70.08,1680000.0,0.001
2019-11-19,70.19,70.33,68.19,69.64,1710000.0,-0.0063
2019-11-20,69.25,71.71,68.55,70.99,2790000.0,0.0194
2019-11-21,71.5,71.95,69.58,69.92,1130000.0,-0.0151
2019-11-22,72.0,74.0,71.15,73.16,3060000.0,0.0463
2019-11-23,0,0,0,0,0,0
2019-11-24,0,0,0,0,0,0
2019-11-25,73.8,75.06,72.86,74.55,1940000.0,0.019
2019-11-26,75.0,75.77,74.76,75.16,1850000.0,0.008199999999999999
2019-11-27,75.81,75.84,73.36,74.08,1360000.0,-0.0144
2019-11-28,0,0,0,0,0,0
2019-11-29,74.1,74.94,73.86,74.5,512640.0,0.005699999999999999
2019-11-30,0,0,0,0,0,0
2019-12-01,0,0,0,0,0,0
2019-12-02,74.06,74.5,68.46,68.93,3160000.0,-0.0748
2019-12-03,66.72,70.53,66.05,70.02,2450000.0,0.0158
2019-12-04,70.5,70.9,69.15,69.96,2080000.0,-0.0009
2019-12-05,70.03,70.75,69.22,69.67,3900000.0,-0.0040999999999999995
2019-12-06,64.26,65.08,62.11,62.74,11260000.0,-0.09949999999999999
2019-12-07,0,0,0,0,0,0
2019-12-08,0,0,0,0,0,0
2019-12-09,62.39,67.27,62.33,65.94,5250000.0,0.051
2019-12-10,65.49,65.83,63.39,64.57,3900000.0,-0.0208
2019-12-11,64.24,64.45,62.05,63.52,3690000.0,-0.0163
2019-12-12,63.49,64.23,62.12,62.49,3320000.0,-0.016200000000000003
2019-12-13,62.5,63.75,62.02,63.54,2490000.0,0.0168
2019-12-14,0,0,0,0,0,0
2019-12-15,0,0,0,0,0,0
2019-12-16,63.59,66.39,63.56,66.35,3280000.0,0.044199999999999996
2019-12-17,66.62,66.62,65.4,66.17,2300000.0,-0.0027
2019-12-18,66.22,68.14,66.04,67.6,2240000.0,0.0216
2019-12-19,67.75,68.46,67.1,68.18,1610000.0,0.0086
2019-12-20,68.2,68.48,66.41,66.93,2200000.0,-0.0183
2019-12-21,0,0,0,0,0,0
2019-12-22,0,0,0,0,0,0
2019-12-23,67.02,67.5,65.93,66.15,1660000.0,-0.011699999999999999
2019-12-24,66.3,66.89,65.74,66.46,562590.0,0.004699999999999999
2019-12-25,0,0,0,0,0,0
2019-12-26,66.5,68.19,66.3,67.45,1390000.0,0.0149
2019-12-27,67.51,67.96,66.51,66.64,955620.0,-0.012
2019-12-28,0,0,0,0,0,0
2019-12-29,0,0,0,0,0,0
2019-12-30,66.56,67.18,65.52,66.79,1160000.0,0.0023
2019-12-31,66.38,68.18,66.31,68.04,1350000.0,0.0187
2020-01-01,0,0,0,0,0,0
2020-01-02,68.8,69.23,68.02,68.72,1320000.0,0.01
2020-01-03,67.62,68.68,67.1,67.28,1130000.0,-0.021
2020-01-04,0,0,0,0,0,0
2020-01-05,0,0,0,0,0,0
2020-01-06,66.63,70.5,65.81,70.32,3150000.0,0.0452
2020-01-07,70.29,72.84,69.37,71.9,7000000.0,0.0225
2020-01-08,71.81,73.29,71.03,72.55,2480000.0,0.009000000000000001
2020-01-09,73.99,74.0,71.35,72.62,2780000.0,0.001
2020-01-10,73.08,73.8,72.25,73.09,1660000.0,0.006500000000000001
2020-01-11,0,0,0,0,0,0
2020-01-12,0,0,0,0,0,0
2020-01-13,73.89,75.58,73.8,74.03,3350000.0,0.0129
2020-01-14,74.32,75.11,72.26,73.16,1910000.0,-0.0118
2020-01-15,73.28,77.78,73.2,76.94,3960000.0,0.051699999999999996
2020-01-16,78.0,78.79,75.11,76.11,3000000.0,-0.0108
2020-01-17,76.66,76.9,75.49,75.56,1360000.0,-0.0072
2020-01-18,0,0,0,0,0,0
2020-01-19,0,0,0,0,0,0
2020-01-20,0,0,0,0,0,0
2020-01-21,75.56,77.12,74.32,76.73,1610000.0,0.0155
2020-01-22,77.07,77.11,75.46,75.61,1500000.0,-0.0146
2020-01-23,75.67,75.97,74.21,74.47,1280000.0,-0.0151
2020-01-24,74.97,76.19,72.37,73.0,1660000.0,-0.0197
2020-01-25,0,0,0,0,0,0
2020-01-26,0,0,0,0,0,0
2020-01-27,71.33,72.13,70.32,70.44,1750000.0,-0.0351
2020-01-28,71.0,72.48,70.26,71.51,1600000.0,0.0152
2020-01-29,72.51,74.14,71.21,73.58,1370000.0,0.028900000000000002
2020-01-30,73.1,74.8,72.55,74.54,1430000.0,0.013000000000000001
2020-01-31,74.27,76.67,73.3,76.3,2520000.0,0.0236
2020-02-01,0,0,0,0,0,0
2020-02-02,0,0,0,0,0,0
2020-02-03,77.69,88.94,77.51,87.66,13020000.0,0.1489
2020-02-04,91.04,93.3,83.5,85.79,10610000.0,-0.0213
2020-02-05,85.77,90.97,83.75,86.99,5130000.0,0.013999999999999999
2020-02-06,87.0,89.44,85.26,87.26,2410000.0,0.0031
2020-02-07,87.23,90.6,86.81,88.64,2640000.0,0.0158
2020-02-08,0,0,0,0,0,0
2020-02-09,0,0,0,0,0,0
2020-02-10,89.09,89.98,86.91,89.67,2069999.9999999998,0.0116
2020-02-11,90.0,90.5,87.93,88.68,2730000.0,-0.011000000000000001
2020-02-12,88.66,89.5,86.52,88.28,1670000.0,-0.0045000000000000005
2020-02-13,87.61,91.93,87.0,89.86,3410000.0,0.0179
2020-02-14,90.88,91.71,89.81,90.95,2300000.0,0.0121
2020-02-15,0,0,0,0,0,0
2020-02-16,0,0,0,0,0,0
2020-02-17,0,0,0,0,0,0
2020-02-18,93.02,98.14,92.4,96.39,5670000.0,0.059800000000000006
2020-02-19,100.32,105.08,99.75,103.93,7790000.0,0.0782
2020-02-20,104.0,110.75,101.43,105.29,11290000.0,0.0131
2020-02-21,104.03,104.29,98.09,101.76,5540000.0,-0.0335
2020-02-22,0,0,0,0,0,0
2020-02-23,0,0,0,0,0,0
2020-02-24,97.8,110.0,97.02,105.01,12170000.0,0.0319
2020-02-25,108.52,111.8,104.47,107.08,13430000.0,0.0197
2020-02-26,109.94,111.3,105.6,106.88,6890000.0,-0.0019
2020-02-27,109.43,118.0,107.6,113.55,13510000.0,0.062400000000000004
2020-02-28,121.07,121.93,97.37,105.0,21710000.0,-0.0753
2020-02-29,0,0,0,0,0,0
2020-03-01,0,0,0,0,0,0
2020-03-02,109.35,114.5,102.5,113.11,10160000.0,0.07719999999999999
2020-03-03,114.55,119.2,112.11,117.47,11030000.0,0.0385
2020-03-04,118.51,119.97,113.11,116.8,12100000.0,-0.005699999999999999
2020-03-05,110.25,129.83,110.0,125.0,28150000.0,0.0702
2020-03-06,119.65,122.0,107.0,114.32,22980000.0,-0.08539999999999999
2020-03-07,0,0,0,0,0,0
2020-03-08,0,0,0,0,0,0
2020-03-09,105.0,116.5,100.88,113.75,14570000.0,-0.005
2020-03-10,113.8,113.8,105.0,108.49,10240000.0,-0.0462
2020-03-11,108.41,113.99,107.0,110.3,12590000.0,0.0167
2020-03-12,106.25,113.87,104.39,109.47,12100000.0,-0.0075
2020-03-13,113.0,113.8,104.16,107.47,9230000.0,-0.0183
2020-03-14,0,0,0,0,0,0
2020-03-15,0,0,0,0,0,0
2020-03-16,105.0,119.87,103.2,107.86,17210000.0,0.0036
2020-03-17,107.33,113.83,102.0,111.1,18720000.0,0.03
2020-03-18,111.02,119.0,108.91,118.71,13590000.0,0.06849999999999999
2020-03-19,122.02,132.22,119.16,123.77,16250000.0,0.0426
2020-03-20,129.0,135.98,124.0,130.55,13870000.0,0.0548
2020-03-21,0,0,0,0,0,0
2020-03-22,0,0,0,0,0,0
2020-03-23,142.0,164.94,137.25,159.56,27680000.0,0.22219999999999998
2020-03-24,154.0,154.0,134.0,135.18,22400000.0,-0.1528
2020-03-25,140.22,148.97,136.25,138.11,14740000.0,0.0217
2020-03-26,140.44,146.6,138.28,141.15,9280000.0,0.022000000000000002
2020-03-27,145.6,154.97,145.6,151.7,13270000.0,0.0747
2020-03-28,0,0,0,0,0,0
2020-03-29,0,0,0,0,0,0
2020-03-30,160.76,161.69,147.2,150.88,15760000.0,-0.0054
2020-03-31,147.02,149.79,143.36,146.12,10020000.0,-0.0315
2020-04-01,144.5,144.6,135.18,137.0,11450000.0,-0.062400000000000004
2020-04-02,125.3,133.49,114.5,121.93,27310000.0,-0.11
2020-04-03,124.3,128.48,120.11,128.2,12240000.0,0.051399999999999994
2020-04-04,0,0,0,0,0,0
2020-04-05,0,0,0,0,0,0
2020-04-06,113.63,125.17,108.53,122.94,25380000.0,-0.040999999999999995
2020-04-07,118.0,118.44,109.57,113.75,20170000.0,-0.0748
2020-04-08,115.02,125.88,112.5,117.81,26240000.0,0.035699999999999996
2020-04-09,117.8,125.5,114.0,124.51,15510000.0,0.056900000000000006
2020-04-10,0,0,0,0,0,0
2020-04-11,0,0,0,0,0,0
2020-04-12,0,0,0,0,0,0
2020-04-13,127.0,136.86,125.6,135.92,15410000.0,0.0916
2020-04-14,141.07,145.2,139.01,141.89,11680000.0,0.043899999999999995
2020-04-15,141.71,152.57,140.0,151.56,14190000.0,0.0682
2020-04-16,149.92,154.25,146.8,150.26,15140000.0,-0.0086
2020-04-17,147.91,153.79,144.03,150.06,11330000.0,-0.0013
2020-04-18,0,0,0,0,0,0
2020-04-19,0,0,0,0,0,0
2020-04-20,153.3,155.0,148.25,148.99,11220000.0,-0.0070999999999999995
2020-04-21,151.42,154.75,138.36,143.27,9710000.0,-0.0384
2020-04-22,147.1,152.28,145.1,150.25,6550000.0,0.0487
2020-04-23,154.01,169.75,153.49,169.09,22160000.0,0.12539999999999998
2020-04-24,177.15,181.5,158.3,158.8,44050000.0,-0.060899999999999996
2020-04-25,0,0,0,0,0,0
2020-04-26,0,0,0,0,0,0
2020-04-27,156.59,167.85,155.0,164.6,19780000.0,0.0365
2020-04-28,165.0,166.0,155.25,156.72,13480000.0,-0.0479
2020-04-29,147.98,151.0,143.38,146.48,22030000.0,-0.0653
2020-04-30,139.99,143.8,133.68,135.17,16680000.0,-0.07719999999999999
2020-05-01,136.0,141.63,132.67,138.56,13810000.0,0.025099999999999997
2020-05-02,0,0,0,0,0,0
2020-05-03,0,0,0,0,0,0
2020-05-04,140.77,144.98,140.45,143.44,9180000.0,0.0352
2020-05-05,144.43,148.44,140.86,144.82,7380000.0,0.0096
2020-05-06,145.47,150.74,144.09,149.59,6030000.0,0.0329
2020-05-07,154.84,162.0,154.04,157.8,8390000.0,0.054900000000000004
2020-05-08,160.0,161.16,152.7,155.4,7080000.0,-0.0152
2020-05-09,0,0,0,0,0,0
2020-05-10,0,0,0,0,0,0
2020-05-11,159.43,168.0,158.0,166.48,10140000.0,0.0713
2020-05-12,168.0,168.23,160.05,161.04,7100000.0,-0.0327
2020-05-13,164.04,171.5,159.2,167.14,11080000.0,0.0379
2020-05-14,168.3,170.73,162.89,167.91,6730000.0,0.0046
2020-05-15,166.62,175.38,166.62,174.83,8540000.0,0.0412
2020-05-16,0,0,0,0,0,0
2020-05-17,0,0,0,0,0,0
2020-05-18,170.02,173.41,162.7,164.69,9640000.0,-0.057999999999999996
2020-05-19,166.76,173.7,166.21,173.68,8490000.0,0.0546
2020-05-20,173.67,175.6,170.67,175.48,6910000.0,0.0104
2020-05-21,175.76,177.69,168.45,172.03,5530000.0,-0.0197
2020-05-22,171.86,175.89,170.2,171.06,4300000.0,-0.005600000000000001
2020-05-23,0,0,0,0,0,0
2020-05-24,0,0,0,0,0,0
2020-05-25,0,0,0,0,0,0
2020-05-26,169.3,169.3,163.12,164.0,6690000.0,-0.041299999999999996
2020-05-27,157.0,162.22,149.43,161.97,10080000.0,-0.0124
2020-05-28,159.25,169.35,159.25,163.55,6390000.0,0.0098
2020-05-29,168.0,179.99,167.86,179.48,15310000.0,0.0974
2020-05-30,0,0,0,0,0,0
2020-05-31,0,0,0,0,0,0
2020-06-01,183.36,205.8,183.23,204.15,24390000.0,0.1375
2020-06-02,210.34,212.5,197.56,208.08,36850000.0,0.019299999999999998
2020-06-03,211.78,224.38,203.11,223.87,32390000.0,0.0759
2020-06-04,220.51,222.99,207.65,210.35,20210000.0,-0.0604
2020-06-05,200.11,208.94,196.1,207.6,16300000.0,-0.0131
2020-06-06,0,0,0,0,0,0
2020-06-07,0,0,0,0,0,0
2020-06-08,203.86,211.41,198.67,209.83,10460000.0,0.010700000000000001
2020-06-09,209.0,210.25,203.03,205.43,7520000.0,-0.021
2020-06-10,209.0,221.46,208.42,221.02,12240000.0,0.0759
2020-06-11,219.57,231.93,219.52,222.07,17620000.0,0.0048
2020-06-12,224.79,231.45,216.75,219.52,8780000.0,-0.0115
2020-06-13,0,0,0,0,0,0
2020-06-14,0,0,0,0,0,0
2020-06-15,227.84,239.59,226.38,239.02,13960000.0,0.0888
2020-06-16,236.0,243.4,231.85,242.56,11330000.0,0.0148
2020-06-17,243.3,243.83,235.15,236.76,11700000.0,-0.0239
2020-06-18,240.1,242.61,238.33,241.57,9340000.0,0.0203
2020-06-19,241.64,243.57,238.7,243.48,10080000.0,0.0079
2020-06-20,0,0,0,0,0,0
2020-06-21,0,0,0,0,0,0
2020-06-22,247.57,254.9,247.57,251.27,11090000.0,0.032
2020-06-23,251.19,254.74,247.67,252.81,8790000.0,0.0060999999999999995
2020-06-24,254.93,258.68,248.69,255.9,9860000.0,0.012199999999999999
2020-06-25,257.9,260.0,252.82,259.51,7490000.0,0.0141
2020-06-26,260.52,261.62,250.36,256.8,17140000.0,-0.0104
2020-06-27,0,0,0,0,0,0
2020-06-28,0,0,0,0,0,0
2020-06-29,254.84,255.73,243.63,248.56,8440000.0,-0.0321
2020-06-30,249.39,256.82,248.45,253.54,6310000.0,0.02
2020-07-01,251.35,261.0,247.21,259.13,6800000.0,0.022000000000000002
2020-07-02,261.0,263.8,258.0,261.74,5630000.0,0.0101
2020-07-03,0,0,0,0,0,0
2020-07-04,0,0,0,0,0,0
2020-07-05,0,0,0,0,0,0
2020-07-06,264.88,275.0,259.4,261.0,12250000.0,-0.0028000000000000004
2020-07-07,261.55,266.45,258.1,262.1,7820000.0,0.0042
2020-07-08,264.21,268.5,261.53,266.32,6010000.0,0.0161
2020-07-09,269.01,272.7,264.22,269.52,5390000.0,0.012
2020-07-10,271.26,278.08,268.8,275.87,6350000.0,0.0236
2020-07-11,0,0,0,0,0,0
2020-07-12,0,0,0,0,0,0
2020-07-13,278.53,280.95,256.39,260.3,9290000.0,-0.0564
2020-07-14,260.62,265.15,240.87,260.01,8710000.0,-0.0011
2020-07-15,253.9,257.49,248.12,256.22,6070000.0,-0.0146
2020-07-16,250.52,252.91,243.5,248.54,5420000.0,-0.03
2020-07-17,247.17,250.94,241.29,246.54,4630000.0,-0.008
2020-07-18,0,0,0,0,0,0
2020-07-19,0,0,0,0,0,0
2020-07-20,246.49,271.35,245.99,268.58,9780000.0,0.0894
2020-07-21,268.97,269.73,258.23,260.44,4760000.0,-0.030299999999999997
2020-07-22,262.16,265.26,255.86,261.18,4580000.0,0.0028000000000000004
2020-07-23,260.68,264.83,249.24,251.5,4590000.0,-0.0371
2020-07-24,246.2,250.21,237.2,246.56,4300000.0,-0.0196
2020-07-25,0,0,0,0,0,0
2020-07-26,0,0,0,0,0,0
2020-07-27,249.47,252.95,246.45,252.33,3330000.0,0.023399999999999997
2020-07-28,252.61,258.79,251.89,252.18,3370000.0,-0.0006
2020-07-29,255.55,259.93,251.15,252.39,3330000.0,0.0008
2020-07-30,251.59,256.25,240.49,250.0,7930000.0,-0.0095
2020-07-31,253.5,255.2,248.36,253.91,3380000.0,0.015600000000000001
2020-08-01,0,0,0,0,0,0
2020-08-02,0,0,0,0,0,0
2020-08-03,256.44,271.06,256.44,268.0,6790000.0,0.0555
2020-08-04,267.35,268.46,262.0,267.34,3090000.0,-0.0025
2020-08-05,266.29,275.07,262.57,272.9,4520000.0,0.0208
2020-08-06,274.0,274.12,264.0,268.25,3600000.0,-0.017
2020-08-07,266.45,268.0,252.79,258.73,5020000.0,-0.0355
2020-08-08,0,0,0,0,0,0
2020-08-09,0,0,0,0,0,0
2020-08-10,259.44,261.03,244.71,250.0,5710000.0,-0.0337
2020-08-11,244.8,245.0,230.01,231.04,9730000.0,-0.0758
2020-08-12,232.28,239.38,230.93,236.72,3930000.0,0.0246
2020-08-13,239.15,250.06,239.05,247.25,4750000.0,0.044500000000000005
2020-08-14,249.44,252.43,242.4,244.91,3660000.0,-0.0095
2020-08-15,0,0,0,0,0,0
2020-08-16,0,0,0,0,0,0
2020-08-17,248.75,267.89,248.75,266.15,8960000.0,0.0867
2020-08-18,271.77,277.75,265.5,276.8,6520000.0,0.04
2020-08-19,274.86,279.4,270.62,273.51,4670000.0,-0.011899999999999999
2020-08-20,274.45,290.88,274.16,290.69,9320000.0,0.06280000000000001
2020-08-21,291.0,295.97,286.94,289.68,5250000.0,-0.0034999999999999996
2020-08-22,0,0,0,0,0,0
2020-08-23,0,0,0,0,0,0
2020-08-24,292.96,293.81,274.48,282.28,6460000.0,-0.0255
2020-08-25,279.0,293.65,275.99,290.44,4600000.0,0.028900000000000002
2020-08-26,292.92,301.98,291.13,295.27,5690000.0,0.0166
2020-08-27,295.95,301.5,290.44,294.68,5560000.0,-0.002
2020-08-28,299.22,303.58,297.26,299.27,5350000.0,0.015600000000000001
2020-08-29,0,0,0,0,0,0
2020-08-30,0,0,0,0,0,0
2020-08-31,304.01,325.73,301.5,325.1,23470000.0,0.0863
2020-09-01,438.79,478.0,411.06,457.69,53350000.0,0.4078
2020-09-02,441.73,441.73,410.0,423.56,18870000.0,-0.0746
2020-09-03,400.01,409.76,367.27,381.32,20300000.0,-0.09970000000000001
2020-09-04,375.5,386.01,346.76,369.89,13230000.0,-0.03
2020-09-05,0,0,0,0,0,0
2020-09-06,0,0,0,0,0,0
2020-09-07,0,0,0,0,0,0
2020-09-08,348.36,365.24,345.95,350.88,7970000.0,-0.051399999999999994
2020-09-09,369.39,394.68,362.48,389.65,17330000.0,0.1105
2020-09-10,399.21,407.78,378.6,384.48,11930000.0,-0.013300000000000001
2020-09-11,389.13,400.75,373.05,383.0,9300000.0,-0.0038
2020-09-12,0,0,0,0,0,0
2020-09-13,0,0,0,0,0,0
2020-09-14,392.01,404.0,386.13,403.51,7960000.0,0.0536
2020-09-15,411.0,413.5,391.92,410.94,8500000.0,0.0184
2020-09-16,406.7,419.2,404.22,408.17,6750000.0,-0.0067
2020-09-17,391.99,417.12,387.06,413.12,9260000.0,0.0121
2020-09-18,419.8,442.0,407.5,438.73,22320000.0,0.062
2020-09-19,0,0,0,0,0,0
2020-09-20,0,0,0,0,0,0
2020-09-21,436.99,470.0,436.0,468.47,16840000.0,0.0678
2020-09-22,476.81,494.81,459.0,492.6,16440000.000000002,0.051500000000000004
2020-09-23,489.49,529.72,483.32,500.53,27050000.0,0.0161
2020-09-24,485.5,502.05,457.76,464.98,17900000.0,-0.071
2020-09-25,474.87,500.0,474.87,496.5,12910000.0,0.0678
2020-09-26,0,0,0,0,0,0
2020-09-27,0,0,0,0,0,0
2020-09-28,502.93,519.2,479.9,487.66,17620000.0,-0.0178
2020-09-29,487.73,489.73,463.0,465.5,15240000.0,-0.0454
2020-09-30,464.0,480.96,462.01,470.11,8970000.0,0.009899999999999999
2020-10-01,477.0,483.55,465.16,482.99,7860000.0,0.0274
2020-10-02,485.01,507.49,481.0,482.23,12790000.0,-0.0016
2020-10-03,0,0,0,0,0,0
2020-10-04,0,0,0,0,0,0
2020-10-05,493.97,496.9,475.26,485.37,7530000.0,0.006500000000000001
2020-10-06,480.85,487.87,473.5,478.25,6100000.0,-0.0147
2020-10-07,482.5,487.37,477.48,480.61,4450000.0,0.0049
2020-10-08,485.35,489.23,475.58,478.55,4190000.0000000005,-0.0043
2020-10-09,487.99,498.9,484.08,492.41,8720000.0,0.028999999999999998
2020-10-10,0,0,0,0,0,0
2020-10-11,0,0,0,0,0,0
2020-10-12,501.5,506.11,490.5,491.54,6980000.0,-0.0018
2020-10-13,493.93,519.89,493.6,518.79,8940000.0,0.0554
2020-10-14,518.4,519.13,499.0,509.25,8330000.0,-0.0184
2020-10-15,508.0,540.0,507.06,536.4,16520000.0,0.0533
2020-10-16,544.83,565.45,543.9,559.0,13750000.0,0.0421
2020-10-17,0,0,0,0,0,0
2020-10-18,0,0,0,0,0,0
2020-10-19,572.7,588.84,563.0,568.34,15190000.0,0.0167
2020-10-20,571.0,575.04,534.6,537.02,12100000.0,-0.055099999999999996
2020-10-21,536.31,551.66,512.0,513.19,9220000.0,-0.0444
2020-10-22,522.26,530.2,503.49,520.54,8100000.0,0.0143
2020-10-23,522.33,527.0,505.41,511.52,5380000.0,-0.0173
2020-10-24,0,0,0,0,0,0
2020-10-25,0,0,0,0,0,0
2020-10-26,520.67,541.05,510.56,517.79,10080000.0,0.0123
2020-10-27,527.0,540.0,513.75,538.99,7230000.0,0.0409
2020-10-28,549.76,552.81,511.55,516.01,8810000.0,-0.0426
2020-10-29,521.19,525.46,483.5,489.68,9210000.0,-0.051
2020-10-30,481.5,495.95,457.02,460.91,8720000.0,-0.0588
2020-10-31,0,0,0,0,0,0
2020-11-01,0,0,0,0,0,0
2020-11-02,462.36,476.66,440.0,453.0,8050000.000000001,-0.0172
2020-11-03,455.65,461.52,445.45,451.51,6500000.0,-0.0033
2020-11-04,475.0,484.78,455.99,483.7,8050000.000000001,0.0713
2020-11-05,497.94,498.45,481.0,496.73,6380000.0,0.0269
2020-11-06,494.66,505.88,482.73,500.11,4270000.0,0.0068000000000000005
2020-11-07,0,0,0,0,0,0
2020-11-08,0,0,0,0,0,0
2020-11-09,429.29,446.44,402.42,413.24,18030000.0,-0.17370000000000002
2020-11-10,412.71,412.71,366.54,376.01,20750000.0,-0.0901
2020-11-11,391.75,416.61,385.0,413.34,16690000.000000002,0.0993
2020-11-12,427.52,435.2,420.0,428.64,14940000.0,0.037000000000000005
2020-11-13,425.99,428.47,396.87,403.58,11770000.0,-0.058499999999999996
2020-11-14,0,0,0,0,0,0
2020-11-15,0,0,0,0,0,0
2020-11-16,383.35,400.52,375.5,399.15,12050000.0,-0.011000000000000001
2020-11-17,407.47,411.15,396.5,401.63,6970000.0,0.0062
2020-11-18,399.5,423.17,390.79,415.04,10970000.0,0.0334
2020-11-19,409.69,427.89,407.68,414.29,8010000.0,-0.0018
2020-11-20,418.55,445.3,415.56,439.6,12590000.0,0.0611
2020-11-21,0,0,0,0,0,0
2020-11-22,0,0,0,0,0,0
2020-11-23,433.02,435.5,418.44,430.28,8490000.0,-0.0212
2020-11-24,421.39,438.59,421.0,427.55,6150000.0,-0.0063
2020-11-25,435.85,448.48,433.33,443.72,8760000.0,0.0378
2020-11-26,0,0,0,0,0,0
2020-11-27,453.99,472.04,449.0,471.61,7280000.0,0.0629
2020-11-28,0,0,0,0,0,0
2020-11-29,0,0,0,0,0,0
2020-11-30,484.0,486.57,460.0,478.36,16649999.999999998,0.0143
2020-12-01,434.72,434.99,401.72,406.31,20690000.0,-0.1506
2020-12-02,398.61,424.38,394.96,412.86,10960000.0,0.0161
2020-12-03,414.29,418.83,405.03,413.54,6310000.0,0.0016
2020-12-04,409.0,418.76,408.4,410.01,4450000.0,-0.0085
2020-12-05,0,0,0,0,0,0
2020-12-06,0,0,0,0,0,0
2020-12-07,411.2,416.5,405.5,407.85,4430000.0,-0.0053
2020-12-08,409.33,419.42,406.75,412.0,5290000.0,0.0102
2020-12-09,406.01,409.63,381.64,385.36,8910000.0,-0.0647
2020-12-10,382.0,398.96,380.81,397.96,4550000.0,0.0327
2020-12-11,396.2,397.2,384.82,397.01,4670000.0,-0.0024
2020-12-12,0,0,0,0,0,0
2020-12-13,0,0,0,0,0,0
2020-12-14,389.25,396.72,377.0,395.99,6810000.0,-0.0026
2020-12-15,398.93,410.3,395.1,399.43,5130000.0,0.0087
2020-12-16,401.0,406.55,393.47,404.0,4150000.0000000005,0.011399999999999999
2020-12-17,408.16,409.0,399.57,401.62,3790000.0,-0.0059
2020-12-18,402.62,408.0,398.3,406.01,6150000.0,0.0109
2020-12-19,0,0,0,0,0,0
2020-12-20,0,0,0,0,0,0
2020-12-21,418.0,427.49,404.83,408.97,8540000.0,0.0073
2020-12-22,408.82,412.64,396.56,409.0,4210000.0,0.0001
2020-12-23,400.88,400.93,379.0,383.88,9520000.0,-0.061399999999999996
2020-12-24,383.01,384.52,375.0,375.17,3850000.0,-0.0227
2020-12-25,0,0,0,0,0,0
2020-12-26,0,0,0,0,0,0
2020-12-27,0,0,0,0,0,0
2020-12-28,369.12,372.71,349.1,351.39,9430000.0,-0.0634
2020-12-29,351.23,359.8,350.19,353.75,6050000.0,0.0067
2020-12-30,358.42,358.42,345.91,353.4,5460000.0,-0.001
2020-12-31,351.47,351.47,336.25,337.32,6530000.0,-0.0455
2021-01-01,0,0,0,0,0,0
2021-01-02,0,0,0,0,0,0
2021-01-03,0,0,0,0,0,0
2021-01-04,340.0,363.0,339.6,359.98,8580000.0,0.0672
2021-01-05,361.31,365.0,349.3,360.83,4970000.0,0.0024
2021-01-06,350.5,352.94,342.02,344.41,7110000.0,-0.0455
2021-01-07,346.0,354.37,341.75,342.5,5580000.0,-0.0055000000000000005
2021-01-08,344.68,349.79,340.46,349.61,4990000.0,0.0208
2021-01-09,0,0,0,0,0,0
2021-01-10,0,0,0,0,0,0
2021-01-11,344.56,349.88,337.11,337.71,3340000.0,-0.034
2021-01-12,333.01,358.85,333.01,356.81,8910000.0,0.056600000000000004
2021-01-13,359.09,384.14,349.4,364.63,14020000.0,0.0219
2021-01-14,373.64,384.89,370.94,383.24,9280000.0,0.051
2021-01-15,397.92,404.16,382.42,384.53,12780000.0,0.0034000000000000002
2021-01-16,0,0,0,0,0,0
2021-01-17,0,0,0,0,0,0
2021-01-18,0,0,0,0,0,0
2021-01-19,391.15,396.75,385.62,393.87,5690000.0,0.024300000000000002
2021-01-20,399.11,399.11,378.5,382.8,5700000.0,-0.0281
2021-01-21,383.3,386.87,372.23,382.81,5170000.0,0.0
2021-01-22,378.93,385.12,376.82,383.4,2780000.0,0.0015
2021-01-23,0,0,0,0,0,0
2021-01-24,0,0,0,0,0,0
2021-01-25,389.0,398.71,378.62,391.83,5170000.0,0.022000000000000002
2021-01-26,391.53,395.74,372.31,374.39,5130000.0,-0.044500000000000005
2021-01-27,367.32,384.05,363.35,370.74,4540000.0,-0.0097
2021-01-28,368.59,383.16,364.0,378.59,3360000.0,0.0212
2021-01-29,380.94,385.72,358.88,372.07,3950000.0,-0.0172
2021-01-30,0,0,0,0,0,0
2021-01-31,0,0,0,0,0,0
2021-02-01,369.89,382.59,369.89,381.93,3410000.0,0.0265
2021-02-02,385.0,394.89,379.01,391.84,3770000.0,0.0259
2021-02-03,394.5,394.94,379.03,380.47,3430000.0,-0.028999999999999998
2021-02-04,383.25,389.98,377.0,389.98,2520000.0,0.025
2021-02-05,387.86,420.0,387.86,419.59,9720000.0,0.0759
2021-02-06,0,0,0,0,0,0
2021-02-07,0,0,0,0,0,0
2021-02-08,421.22,421.64,406.8,410.81,3720000.0,-0.0209
2021-02-09,413.5,434.62,410.68,430.03,5100000.0,0.046799999999999994
2021-02-10,433.0,441.0,416.77,431.0,4730000.0,0.0023
2021-02-11,434.45,443.69,429.51,432.77,3490000.0,0.0040999999999999995
2021-02-12,432.13,434.85,423.22,433.11,2069999.9999999998,0.0008
2021-02-13,0,0,0,0,0,0
2021-02-14,0,0,0,0,0,0
2021-02-15,0,0,0,0,0,0
2021-02-16,437.49,451.7,436.88,444.51,4240000.0,0.0263
2021-02-17,440.33,440.33,418.53,429.42,4000000.0,-0.0339
2021-02-18,427.64,428.87,414.23,417.91,2630000.0,-0.0268
2021-02-19,420.81,425.58,414.65,417.26,2180000.0,-0.0016
2021-02-20,0,0,0,0,0,0
2021-02-21,0,0,0,0,0,0
2021-02-22,406.0,411.4,390.9,394.34,4320000.0,-0.054900000000000004
2021-02-23,366.02,389.82,352.14,388.16,5540000.0,-0.015700000000000002
2021-02-24,384.96,388.66,375.98,385.23,3430000.0,-0.0075
2021-02-25,383.0,387.58,361.12,364.73,4570000.0,-0.053200000000000004
2021-02-26,367.45,376.97,358.18,373.61,4690000.0,0.024300000000000002
2021-02-27,0,0,0,0,0,0
2021-02-28,0,0,0,0,0,0
2021-03-01,389.69,415.89,387.36,409.66,9720000.0,0.0965
2021-03-02,438.99,438.99,371.85,372.79,17960000.0,-0.09
2021-03-03,380.08,380.27,340.12,341.57,15470000.0,-0.0837
2021-03-04,347.35,358.25,333.0,343.09,10250000.0,0.0045000000000000005
2021-03-05,346.85,347.52,314.43,337.43,8240000.0,-0.0165
2021-03-06,0,0,0,0,0,0
2021-03-07,0,0,0,0,0,0
2021-03-08,335.33,339.12,309.01,310.93,6860000.0,-0.0785
2021-03-09,330.59,343.48,320.89,342.11,5680000.0,0.1003
2021-03-10,348.82,355.52,333.33,336.03,4720000.0,-0.0178
2021-03-11,347.43,357.35,338.81,355.17,3900000.0,0.057
2021-03-12,341.37,350.0,338.45,346.39,2950000.0,-0.024700000000000003
2021-03-13,0,0,0,0,0,0
2021-03-14,0,0,0,0,0,0
2021-03-15,347.0,351.55,343.5,350.0,1990000.0,0.0104
2021-03-16,352.39,355.0,333.95,335.08,3330000.0,-0.0426
2021-03-17,328.49,340.38,322.66,336.65,3590000.0,0.004699999999999999
2021-03-18,329.75,329.75,316.14,316.32,5430000.0,-0.0604
2021-03-19,317.69,327.66,313.98,326.26,4980000.0,0.031400000000000004
2021-03-20,0,0,0,0,0,0
2021-03-21,0,0,0,0,0,0
2021-03-22,329.54,333.62,327.36,328.5,2950000.0,0.0069
2021-03-23,329.86,347.24,329.41,339.76,5720000.0,0.034300000000000004
2021-03-24,338.91,339.38,314.45,314.96,4910000.0,-0.073
2021-03-25,310.0,320.48,308.42,314.85,3560000.0,-0.0003
2021-03-26,312.83,320.0,306.98,319.95,3220000.0,0.016200000000000003
2021-03-27,0,0,0,0,0,0
2021-03-28,0,0,0,0,0,0
2021-03-29,317.3,322.97,306.05,308.39,3040000.0,-0.0361
2021-03-30,305.0,314.85,302.33,313.19,2840000.0,0.015600000000000001
2021-03-31,314.08,325.7,311.3,321.29,2770000.0,0.0259
2021-04-01,326.04,338.91,325.77,326.23,2850000.0,0.0154
2021-04-02,0,0,0,0,0,0
2021-04-03,0,0,0,0,0,0
2021-04-04,0,0,0,0,0,0
2021-04-05,327.98,327.98,313.14,323.96,3020000.0,-0.006999999999999999
2021-04-06,323.75,332.66,321.96,329.79,3760000.0,0.018000000000000002
2021-04-07,328.0,333.0,319.55,323.08,4190000.0000000005,-0.0203
2021-04-08,326.49,333.75,326.0,331.28,2820000.0,0.0254
2021-04-09,328.58,329.46,319.49,322.65,3210000.0,-0.026099999999999998
2021-04-10,0,0,0,0,0,0
2021-04-11,0,0,0,0,0,0
2021-04-12,317.04,322.25,315.26,321.51,2960000.0,-0.0034999999999999996
2021-04-13,327.77,343.62,326.34,342.75,5290000.0,0.0661
2021-04-14,344.57,344.81,328.69,329.2,2840000.0,-0.0395
2021-04-15,334.71,338.42,327.46,332.38,3360000.0,0.0097
2021-04-16,330.0,333.75,327.29,329.95,2480000.0,-0.0073
2021-04-17,0,0,0,0,0,0
2021-04-18,0,0,0,0,0,0
2021-04-19,326.0,337.56,320.55,324.33,3130000.0,-0.017
2021-04-20,325.26,325.8,316.65,321.78,2280000.0,-0.0079
2021-04-21,316.51,323.1,313.94,322.76,1920000.0,0.003
2021-04-22,324.75,338.01,324.31,328.32,3330000.0,0.0172
2021-04-23,332.03,338.44,328.3,336.88,2440000.0,0.026099999999999998
2021-04-24,0,0,0,0,0,0
2021-04-25,0,0,0,0,0,0
2021-04-26,337.38,337.62,329.26,336.42,2290000.0,-0.0014000000000000002
2021-04-27,336.2,341.48,331.0,333.49,2210000.0,-0.0087
2021-04-28,329.88,334.41,326.2,331.25,1440000.0,-0.0067
2021-04-29,331.0,332.01,318.94,321.1,3120000.0,-0.030600000000000002
2021-04-30,317.46,326.27,317.46,319.57,2150000.0,-0.0048
2021-05-01,0,0,0,0,0,0
2021-05-02,0,0,0,0,0,0
2021-05-03,320.23,321.0,311.62,313.92,2250000.0,-0.0177
2021-05-04,306.03,308.67,298.86,304.85,3730000.0,-0.028900000000000002
2021-05-05,307.62,310.72,294.6,297.59,2580000.0,-0.023799999999999998
2021-05-06,294.27,294.59,285.65,293.05,3370000.0,-0.015300000000000001
2021-05-07,296.25,304.5,292.8,295.24,2440000.0,0.0075
2021-05-08,0,0,0,0,0,0
2021-05-09,0,0,0,0,0,0
2021-05-10,293.48,293.48,286.2,288.49,2490000.0,-0.0229
2021-05-11,273.59,302.0,273.59,300.25,4080000.0,0.0408
2021-05-12,291.05,296.45,282.4,289.7,3420000.0,-0.0351
2021-05-13,293.93,296.53,276.03,290.16,4610000.0,0.0016
2021-05-14,293.0,309.14,293.0,307.89,4350000.0,0.0611
2021-05-15,0,0,0,0,0,0
2021-05-16,0,0,0,0,0,0
2021-05-17,304.3,311.72,302.0,308.93,2900000.0,0.0034000000000000002
2021-05-18,311.61,322.19,305.14,312.86,3310000.0,0.0127
2021-05-19,301.01,311.37,301.0,310.46,1730000.0,-0.0077
2021-05-20,314.82,325.57,313.51,324.71,3030000.0,0.045899999999999996
2021-05-21,327.66,329.43,316.09,316.4,2060000.0,-0.0256
2021-05-22,0,0,0,0,0,0
2021-05-23,0,0,0,0,0,0
2021-05-24,318.5,324.0,316.53,321.56,1850000.0,0.0163
2021-05-25,322.0,325.38,316.08,321.28,2160000.0,-0.0009
2021-05-26,324.46,329.46,324.38,326.05,2370000.0,0.0148
2021-05-27,323.18,330.96,317.55,326.43,3620000.0,0.0012
2021-05-28,330.69,336.3,329.72,331.53,2740000.0,0.015600000000000001
2021-05-29,0,0,0,0,0,0
2021-05-30,0,0,0,0,0,0
2021-05-31,0,0,0,0,0,0
2021-06-01,333.67,335.97,322.0,327.72,6540000.0,-0.0115
2021-06-02,331.0,333.67,322.31,327.11,6250000.0,-0.0019
2021-06-03,321.67,325.63,318.25,319.01,3110000.0,-0.0248
2021-06-04,320.59,338.91,320.59,336.0,5600000.0,0.0533
